# Part 2: Logical and physical design 
# DDL part
drop database IF EXISTS Music_man;
CREATE DATABASE Music_man;
Use Music_man;
CREATE TABLE customers
(
Customer_id varchar(255),
LastName varchar(255),
FirstName varchar(255),
Address varchar(255),
PRIMARY KEY (Customer_id)  
);
CREATE TABLE Orders
(
Order_id int,
order_date date,
Customer_id varchar(255),
employee_id varchar(255),
PRIMARY KEY (Order_id )  
);
CREATE TABLE Orders_details
(
Order_detail_id varchar(255),
Order_id int,
item_id varchar(255),
quantity int,
PRIMARY KEY (Order_detail_id )  
);
CREATE TABLE Stock
(
item_id varchar(255),
product_name varchar(255),
quantity int,
price decimal(15,2),
supplier_id varchar(255),
PRIMARY KEY (item_id )  
);
CREATE TABLE Supplier
(
supplier_id varchar(255),
address varchar (255),
name varchar(255),
phone varchar(255),
PRIMARY KEY (supplier_id )  
);
create table employees
(
employee_id varchar(255),
address varchar (255),
name varchar(255),
phone varchar(255),
salary_yearly VARCHAR(5),
start_date DATE,
role VARCHAR(7),
PRIMARY KEY (employee_id)  
);


#DML part 

#inserting one test data row per table
INSERT INTO employees (employee_id, address, name, phone )
VALUES ('E0000',  '33 kennedy road, Dublin','test name','088468223');
INSERT INTO stock (item_id, product_name, quantity, price, supplier_id )
VALUES ('ITEMtest', 'test name', 1000 , 09.9, '10000099999');
INSERT INTO customers (Customer_id,LastName,FirstName,Address)
VALUES ('CUSTtest', 'Santini' , 'Alex', 'my address');
INSERT INTO orders_details (Order_detail_id,Order_id,item_id,quantity)
VALUES ('DET0001', 9999999, 'ITEMtest', 20);
INSERT INTO orders (Order_id, order_date, Customer_id)
VALUES (90909090, '2020-12-12', 'CUST00000000');
INSERT INTO supplier (supplier_id, address, name, phone)
VALUES ('test1000001', 'testaddress', 'somename','0009203922');

#testing insert statements
select * from stock where item_id = 'ITEMtest';
select * from orders where Customer_id = 'CUST00000000';
select * from orders_details where Order_id = 9999999;
select * from customers where LastName = 'Santini';
select * from supplier where supplier_id = 'test1000001';
select * from employees where employee_id = 'E0001';

#populating customers table
INSERT INTO customers(Customer_id,FirstName,LastName,Address) VALUES ('CUST2','Edita','Mattiacci','12 Northview Point');
INSERT INTO customers(Customer_id,FirstName,LastName,Address) VALUES ('CUST3','Myrah','Matthiesen','67 Golf Course Pass');
INSERT INTO customers(Customer_id,FirstName,LastName,Address) VALUES ('CUST4','Gun','Bathow','748 Graedel Hill');
INSERT INTO customers(Customer_id,FirstName,LastName,Address) VALUES ('CUST5','Orrin','Cocks','89 Twin Pines Drive');
INSERT INTO customers(Customer_id,FirstName,LastName,Address) VALUES ('CUST6','Merrili','Reuss','5 Carioca Hill');
INSERT INTO customers(Customer_id,FirstName,LastName,Address) VALUES ('CUST7','Gerianna','Erb','31288 Melby Parkway');
INSERT INTO customers(Customer_id,FirstName,LastName,Address) VALUES ('CUST8','Anallise','Goodinson','2 Prairieview Way');
INSERT INTO customers(Customer_id,FirstName,LastName,Address) VALUES ('CUST9','Faina','Eborall','703 Stephen Center');
INSERT INTO customers(Customer_id,FirstName,LastName,Address) VALUES ('CUST10','Shelden','Reskelly','6788 Vidon Lane');
INSERT INTO customers(Customer_id,FirstName,LastName,Address) VALUES ('CUST11','Casey','Crapper','360 Burrows Pass');
INSERT INTO customers(Customer_id,FirstName,LastName,Address) VALUES ('CUST12','Jillane','Trewman','0 Chinook Parkway');
INSERT INTO customers(Customer_id,FirstName,LastName,Address) VALUES ('CUST13','Meredeth','Allcorn','6561 Tomscot Drive');
INSERT INTO customers(Customer_id,FirstName,LastName,Address) VALUES ('CUST14','Mag','Arundell','611 Rieder Alley');
INSERT INTO customers(Customer_id,FirstName,LastName,Address) VALUES ('CUST15','Jenine','Boyer','47 Caliangt Crossing');
INSERT INTO customers(Customer_id,FirstName,LastName,Address) VALUES ('CUST16','Sebastien','Josovitz','997 Twin Pines Trail');
INSERT INTO customers(Customer_id,FirstName,LastName,Address) VALUES ('CUST17','Merell','Vasichev','703 Scofield Crossing');
INSERT INTO customers(Customer_id,FirstName,LastName,Address) VALUES ('CUST18','Hammad','Jeaneau','70064 Drewry Terrace');
INSERT INTO customers(Customer_id,FirstName,LastName,Address) VALUES ('CUST19','Jeanine','Mandal','6 Center Point');
INSERT INTO customers(Customer_id,FirstName,LastName,Address) VALUES ('CUST20','Nickie','Rawsthorn','77 Village Green Avenue');
INSERT INTO customers(Customer_id,FirstName,LastName,Address) VALUES ('CUST21','Darb','Tomlett','0359 Northridge Parkway');
INSERT INTO customers(Customer_id,FirstName,LastName,Address) VALUES ('CUST22','Percy','Bartol','5 Derek Plaza');
INSERT INTO customers(Customer_id,FirstName,LastName,Address) VALUES ('CUST23','Hayward','Pollack','7 Florence Place');
INSERT INTO customers(Customer_id,FirstName,LastName,Address) VALUES ('CUST24','Frank','Baraja','08 Bashford Street');
INSERT INTO customers(Customer_id,FirstName,LastName,Address) VALUES ('CUST25','Darbie','Keld','81 Cambridge Crossing');
INSERT INTO customers(Customer_id,FirstName,LastName,Address) VALUES ('CUST26','Ricky','Grace','0537 Merrick Way');
INSERT INTO customers(Customer_id,FirstName,LastName,Address) VALUES ('CUST27','Eimile','Balmadier','86180 Jay Plaza');
INSERT INTO customers(Customer_id,FirstName,LastName,Address) VALUES ('CUST28','Marilee','Menaul','75 Shopko Plaza');
INSERT INTO customers(Customer_id,FirstName,LastName,Address) VALUES ('CUST29','Daron','Hadfield','26196 Fuller Crossing');
INSERT INTO customers(Customer_id,FirstName,LastName,Address) VALUES ('CUST30','Dona','Scandrick','047 Jackson Avenue');
INSERT INTO customers(Customer_id,FirstName,LastName,Address) VALUES ('CUST31','Faith','Cristoforetti','6838 Barby Park');
INSERT INTO customers(Customer_id,FirstName,LastName,Address) VALUES ('CUST32','Jodi','Boat','5216 Schmedeman Court');
INSERT INTO customers(Customer_id,FirstName,LastName,Address) VALUES ('CUST33','Barbara-anne','Helmke','44 Holy Cross Parkway');
INSERT INTO customers(Customer_id,FirstName,LastName,Address) VALUES ('CUST34','Audy','Crowcroft','334 Onsgard Park');
INSERT INTO customers(Customer_id,FirstName,LastName,Address) VALUES ('CUST35','Adelina','Minkin','53499 Tennyson Center');
INSERT INTO customers(Customer_id,FirstName,LastName,Address) VALUES ('CUST36','Mylo','Stinchcombe','040 Superior Point');
INSERT INTO customers(Customer_id,FirstName,LastName,Address) VALUES ('CUST37','Lexine','McGeagh','484 Springs Lane');
INSERT INTO customers(Customer_id,FirstName,LastName,Address) VALUES ('CUST38','Fallon','Wickwarth','9 Clyde Gallagher Center');
INSERT INTO customers(Customer_id,FirstName,LastName,Address) VALUES ('CUST39','Cornie','Nellis','78 Oak Valley Trail');
INSERT INTO customers(Customer_id,FirstName,LastName,Address) VALUES ('CUST40','Suzanna','Gowthrop','43463 Graedel Circle');
INSERT INTO customers(Customer_id,FirstName,LastName,Address) VALUES ('CUST41','Bertrand','Jelphs','93337 Mcbride Plaza');
INSERT INTO customers(Customer_id,FirstName,LastName,Address) VALUES ('CUST42','Ardenia','Poll','4 Chive Place');
INSERT INTO customers(Customer_id,FirstName,LastName,Address) VALUES ('CUST43','Blinnie','Allberry','47688 Nelson Place');
INSERT INTO customers(Customer_id,FirstName,LastName,Address) VALUES ('CUST44','Cliff','Escott','24548 Del Sol Lane');
INSERT INTO customers(Customer_id,FirstName,LastName,Address) VALUES ('CUST45','Gweneth','Albury','570 Vermont Parkway');
INSERT INTO customers(Customer_id,FirstName,LastName,Address) VALUES ('CUST46','Karole','Robet','53261 Randy Terrace');
INSERT INTO customers(Customer_id,FirstName,LastName,Address) VALUES ('CUST47','Freeland','Todaro','04730 Declaration Court');
INSERT INTO customers(Customer_id,FirstName,LastName,Address) VALUES ('CUST48','Roberta','Corryer','51 Harbort Hill');
INSERT INTO customers(Customer_id,FirstName,LastName,Address) VALUES ('CUST49','Tito','Ackerman','3467 Corben Drive');
INSERT INTO customers(Customer_id,FirstName,LastName,Address) VALUES ('CUST50','Iosep','Ipsley','69290 Bonner Hill');
INSERT INTO customers(Customer_id,FirstName,LastName,Address) VALUES ('CUST51','Hermione','Menichi','13 Tomscot Place');
INSERT INTO customers(Customer_id,FirstName,LastName,Address) VALUES ('CUST52','Ethelda','Isakov','91 Hagan Park');
INSERT INTO customers(Customer_id,FirstName,LastName,Address) VALUES ('CUST53','Jacinta','Hutchcraft','89646 Dottie Drive');
INSERT INTO customers(Customer_id,FirstName,LastName,Address) VALUES ('CUST54','Lamond','Pilsbury','3293 North Road');
INSERT INTO customers(Customer_id,FirstName,LastName,Address) VALUES ('CUST55','Barrie','Load','3862 Stephen Alley');
INSERT INTO customers(Customer_id,FirstName,LastName,Address) VALUES ('CUST56','Ynes','Lakin','5455 8th Avenue');
INSERT INTO customers(Customer_id,FirstName,LastName,Address) VALUES ('CUST57','Lynette','Antoniat','3271 Blackbird Avenue');
INSERT INTO customers(Customer_id,FirstName,LastName,Address) VALUES ('CUST58','Alfy','Malkie','84 Butterfield Point');
INSERT INTO customers(Customer_id,FirstName,LastName,Address) VALUES ('CUST59','Eleanora','Shingler','85712 Waxwing Plaza');
INSERT INTO customers(Customer_id,FirstName,LastName,Address) VALUES ('CUST60','Kory','Caff','5 Glendale Point');
INSERT INTO customers(Customer_id,FirstName,LastName,Address) VALUES ('CUST61','Randi','Croisier','04 Carpenter Alley');
INSERT INTO customers(Customer_id,FirstName,LastName,Address) VALUES ('CUST62','Mano','MacClay','8092 Anzinger Hill');
INSERT INTO customers(Customer_id,FirstName,LastName,Address) VALUES ('CUST63','Torrin','Chase','9 Amoth Pass');
INSERT INTO customers(Customer_id,FirstName,LastName,Address) VALUES ('CUST64','Andra','Dougliss','50385 Buell Place');
INSERT INTO customers(Customer_id,FirstName,LastName,Address) VALUES ('CUST65','Laetitia','Tattersall','34799 Dayton Court');
INSERT INTO customers(Customer_id,FirstName,LastName,Address) VALUES ('CUST66','Townie','Ames','56 Dawn Avenue');
INSERT INTO customers(Customer_id,FirstName,LastName,Address) VALUES ('CUST67','Christa','Few','8 Loftsgordon Crossing');
INSERT INTO customers(Customer_id,FirstName,LastName,Address) VALUES ('CUST68','Mile','Summerskill','6 Mandrake Crossing');
INSERT INTO customers(Customer_id,FirstName,LastName,Address) VALUES ('CUST69','Jarad','Saffle','23396 Vidon Terrace');
INSERT INTO customers(Customer_id,FirstName,LastName,Address) VALUES ('CUST70','Randie','Braunroth','09801 Corscot Plaza');
INSERT INTO customers(Customer_id,FirstName,LastName,Address) VALUES ('CUST71','Cherie','Keesman','682 8th Alley');
INSERT INTO customers(Customer_id,FirstName,LastName,Address) VALUES ('CUST72','Nanny','Takos','766 Lillian Park');
INSERT INTO customers(Customer_id,FirstName,LastName,Address) VALUES ('CUST73','Jason','M.cowis','63803 Graceland Pass');
INSERT INTO customers(Customer_id,FirstName,LastName,Address) VALUES ('CUST74','Gasparo','Snelling','24 Amoth Road');
INSERT INTO customers(Customer_id,FirstName,LastName,Address) VALUES ('CUST75','Omero','Grassett','5051 Ronald Regan Way');
INSERT INTO customers(Customer_id,FirstName,LastName,Address) VALUES ('CUST76','Zack','Piscopo','601 Farragut Circle');
INSERT INTO customers(Customer_id,FirstName,LastName,Address) VALUES ('CUST77','Elnar','Finnick','18901 Hollow Ridge Plaza');
INSERT INTO customers(Customer_id,FirstName,LastName,Address) VALUES ('CUST78','Yevette','Boshers','01 Dixon Lane');
INSERT INTO customers(Customer_id,FirstName,LastName,Address) VALUES ('CUST79','Nerissa','Ludy','825 Karstens Pass');
INSERT INTO customers(Customer_id,FirstName,LastName,Address) VALUES ('CUST80','Luis','Zucker','2314 Di Loreto Plaza');
INSERT INTO customers(Customer_id,FirstName,LastName,Address) VALUES ('CUST81','Lizzy','Charity','29639 Novick Court');
INSERT INTO customers(Customer_id,FirstName,LastName,Address) VALUES ('CUST82','Winny','Scarrott','38 Bultman Circle');
INSERT INTO customers(Customer_id,FirstName,LastName,Address) VALUES ('CUST83','Louisa','Adanet','27 Hansons Terrace');
INSERT INTO customers(Customer_id,FirstName,LastName,Address) VALUES ('CUST84','Fanchon','Poxson','8 Harbort Court');
INSERT INTO customers(Customer_id,FirstName,LastName,Address) VALUES ('CUST85','Herbie','Stampfer','61 Stoughton Crossing');
INSERT INTO customers(Customer_id,FirstName,LastName,Address) VALUES ('CUST86','Delphinia','Shah','9571 Prentice Junction');
INSERT INTO customers(Customer_id,FirstName,LastName,Address) VALUES ('CUST87','Lindsey','Melross','53 Tennyson Court');
INSERT INTO customers(Customer_id,FirstName,LastName,Address) VALUES ('CUST88','Seana','Cowp','89881 Beilfuss Center');
INSERT INTO customers(Customer_id,FirstName,LastName,Address) VALUES ('CUST89','Daffi','Bernli','3836 Fremont Place');
INSERT INTO customers(Customer_id,FirstName,LastName,Address) VALUES ('CUST90','Dominica','Hockey','21144 Logan Crossing');
INSERT INTO customers(Customer_id,FirstName,LastName,Address) VALUES ('CUST91','Darleen','Fucher','640 Dryden Park');
INSERT INTO customers(Customer_id,FirstName,LastName,Address) VALUES ('CUST92','Annalise','Wickwarth','5782 Schmedeman Crossing');
INSERT INTO customers(Customer_id,FirstName,LastName,Address) VALUES ('CUST93','Carrissa','Bonham','08828 Riverside Way');
INSERT INTO customers(Customer_id,FirstName,LastName,Address) VALUES ('CUST94','Gwyn','Valentetti','65 Mayer Drive');
INSERT INTO customers(Customer_id,FirstName,LastName,Address) VALUES ('CUST95','Sollie','Peniman','0 Dunning Pass');
INSERT INTO customers(Customer_id,FirstName,LastName,Address) VALUES ('CUST96','Wynn','Kennford','57 Waywood Crossing');
INSERT INTO customers(Customer_id,FirstName,LastName,Address) VALUES ('CUST97','Carolan','Prigmore','03 Mandrake Lane');
INSERT INTO customers(Customer_id,FirstName,LastName,Address) VALUES ('CUST98','Scottie','Ceeley','597 Thackeray Trail');
INSERT INTO customers(Customer_id,FirstName,LastName,Address) VALUES ('CUST99','Ema','Vasyukhin','485 Hayes Plaza');
INSERT INTO customers(Customer_id,FirstName,LastName,Address) VALUES ('CUST100','Sasha','Rosevear','28 Thackeray Circle');
INSERT INTO customers(Customer_id,FirstName,LastName,Address) VALUES ('CUST101','Mitch','Tuddenham','201 Wayridge Alley');

#populating employees table
insert into employees (salary_yearly, start_date, role, employee_id, address, name, phone) values (36000, '2020-04-07 15:14:15', 'manager', 'E0001', '14 Porter Trail', 'Shea Jozwik', '315-265-1107');
insert into employees (salary_yearly, start_date, role, employee_id, address, name, phone) values (28000, '2020-11-17 14:05:04', 'trainee', 'E0002', '0205 Lien Drive', 'Pru Cuttings', '990-410-2683');
insert into employees (salary_yearly, start_date, role, employee_id, address, name, phone) values (29000, '2020-06-17 11:50:59', 'junior', 'E0003', '97 Clarendon Point', 'Tabina Sheaber', '203-602-2938');
insert into employees (salary_yearly, start_date, role, employee_id, address, name, phone) values (25000, '2020-04-14 19:17:38', 'junior', 'E0004', '9594 Clarendon Parkway', 'Atlante Bartleman', '893-479-6514');
insert into employees (salary_yearly, start_date, role, employee_id, address, name, phone) values (25000, '2020-05-15 22:52:26', 'junior', 'E0005', '60 Lindbergh Alley', 'Nilson Fazzioli', '681-818-8122');
insert into employees (salary_yearly, start_date, role, employee_id, address, name, phone) values (25000, '2022-01-14 01:55:25', 'junior', 'E0006', '1896 Cambridge Avenue', 'Cassy McNickle', '882-759-7534');
insert into employees (salary_yearly, start_date, role, employee_id, address, name, phone) values (25000, '2020-05-28 04:40:17', 'junior', 'E0007', '1543 Fremont Place', 'Nita Tansill', '477-108-6793');
insert into employees (salary_yearly, start_date, role, employee_id, address, name, phone) values (25000, '2022-02-24 07:40:51', 'junior', 'E0008', '84 Corben Center', 'Derry Hubbart', '728-194-9355');
insert into employees (salary_yearly, start_date, role, employee_id, address, name, phone) values (25000, '2022-07-18 18:29:04', 'junior', 'E0009', '9 Farragut Park', 'Mahmoud Bein', '478-359-9664');
insert into employees (salary_yearly, start_date, role, employee_id, address, name, phone) values (25000, '2022-02-05 10:10:51', 'junior', 'E0010', '2222 Brentwood Parkway', 'Melisandra McCory', '235-113-5690');
insert into employees (salary_yearly, start_date, role, employee_id, address, name, phone) values (25000, '2020-04-07 20:52:26', 'junior', 'E0011', '8639 Gerald Court', 'Arte Sollon', '584-722-1795');
insert into employees (salary_yearly, start_date, role, employee_id, address, name, phone) values (25000, '2021-08-01 14:52:19', 'junior', 'E0012', '6021 Park Meadow Trail', 'Sandy Bytheway', '893-389-8227');
insert into employees (salary_yearly, start_date, role, employee_id, address, name, phone) values (25000, '2020-07-06 10:57:17', 'junior', 'E0013', '1927 Briar Crest Junction', 'Addi Eliot', '662-615-3764');

#populating orders table
INSERT INTO orders(order_date,Order_id,Customer_id,employee_id) VALUES ('2022-01-15',0,'CUST49','E0005');
INSERT INTO orders(order_date,Order_id,Customer_id,employee_id) VALUES ('2022-09-17',1,'CUST86','E0010');
INSERT INTO orders(order_date,Order_id,Customer_id,employee_id) VALUES ('2022-05-20',2,'CUST25','E0005');
INSERT INTO orders(order_date,Order_id,Customer_id,employee_id) VALUES ('2022-06-18',3,'CUST13','E0012');
INSERT INTO orders(order_date,Order_id,Customer_id,employee_id) VALUES ('2022-03-10',4,'CUST20','E0012');
INSERT INTO orders(order_date,Order_id,Customer_id,employee_id) VALUES ('2022-04-16',5,'CUST99','E0001');
INSERT INTO orders(order_date,Order_id,Customer_id,employee_id) VALUES ('2022-08-16',6,'CUST100','E0003');
INSERT INTO orders(order_date,Order_id,Customer_id,employee_id) VALUES ('2022-01-10',7,'CUST66','E0009');
INSERT INTO orders(order_date,Order_id,Customer_id,employee_id) VALUES ('2022-07-04',8,'CUST97','E0008');
INSERT INTO orders(order_date,Order_id,Customer_id,employee_id) VALUES ('2022-09-08',9,'CUST64','E0005');
INSERT INTO orders(order_date,Order_id,Customer_id,employee_id) VALUES ('2022-02-03',10,'CUST34','E0005');
INSERT INTO orders(order_date,Order_id,Customer_id,employee_id) VALUES ('2022-07-14',11,'CUST70','E002');
INSERT INTO orders(order_date,Order_id,Customer_id,employee_id) VALUES ('2022-01-05',12,'CUST75','E0012');
INSERT INTO orders(order_date,Order_id,Customer_id,employee_id) VALUES ('2022-05-28',13,'CUST33','E0012');
INSERT INTO orders(order_date,Order_id,Customer_id,employee_id) VALUES ('2022-03-15',14,'CUST51','E0005');
INSERT INTO orders(order_date,Order_id,Customer_id,employee_id) VALUES ('2022-06-20',15,'CUST20','E0001');
INSERT INTO orders(order_date,Order_id,Customer_id,employee_id) VALUES ('2022-05-22',16,'CUST7','E0005');
INSERT INTO orders(order_date,Order_id,Customer_id,employee_id) VALUES ('2022-03-01',17,'CUST32','E0008');
INSERT INTO orders(order_date,Order_id,Customer_id,employee_id) VALUES ('2022-10-09',18,'CUST21','E0010');
INSERT INTO orders(order_date,Order_id,Customer_id,employee_id) VALUES ('2022-01-01',19,'CUST8','E0010');
INSERT INTO orders(order_date,Order_id,Customer_id,employee_id) VALUES ('2022-07-08',20,'CUST8','E0012');
INSERT INTO orders(order_date,Order_id,Customer_id,employee_id) VALUES ('2022-10-28',21,'CUST33','E002');
INSERT INTO orders(order_date,Order_id,Customer_id,employee_id) VALUES ('2022-03-23',22,'CUST24','E0004');
INSERT INTO orders(order_date,Order_id,Customer_id,employee_id) VALUES ('2022-04-04',23,'CUST75','E002');
INSERT INTO orders(order_date,Order_id,Customer_id,employee_id) VALUES ('2022-07-24',24,'CUST55','E0008');
INSERT INTO orders(order_date,Order_id,Customer_id,employee_id) VALUES ('2022-10-06',25,'CUST9','E0004');
INSERT INTO orders(order_date,Order_id,Customer_id,employee_id) VALUES ('2022-04-06',26,'CUST45','E0011');
INSERT INTO orders(order_date,Order_id,Customer_id,employee_id) VALUES ('2022-01-31',27,'CUST45','E0009');
INSERT INTO orders(order_date,Order_id,Customer_id,employee_id) VALUES ('2022-08-20',28,'CUST36','E0012');
INSERT INTO orders(order_date,Order_id,Customer_id,employee_id) VALUES ('2022-10-03',29,'CUST28','E0009');
INSERT INTO orders(order_date,Order_id,Customer_id,employee_id) VALUES ('2022-06-29',30,'CUST65','E0012');
INSERT INTO orders(order_date,Order_id,Customer_id,employee_id) VALUES ('2022-01-27',31,'CUST66','E0008');
INSERT INTO orders(order_date,Order_id,Customer_id,employee_id) VALUES ('2022-05-11',32,'CUST36','E0011');
INSERT INTO orders(order_date,Order_id,Customer_id,employee_id) VALUES ('2022-04-26',33,'CUST80','E0010');
INSERT INTO orders(order_date,Order_id,Customer_id,employee_id) VALUES ('2022-08-26',34,'CUST54','E0009');
INSERT INTO orders(order_date,Order_id,Customer_id,employee_id) VALUES ('2022-01-05',35,'CUST86','E0005');
INSERT INTO orders(order_date,Order_id,Customer_id,employee_id) VALUES ('2022-05-03',36,'CUST40','E0004');
INSERT INTO orders(order_date,Order_id,Customer_id,employee_id) VALUES ('2022-04-22',37,'CUST43','E0006');
INSERT INTO orders(order_date,Order_id,Customer_id,employee_id) VALUES ('2022-02-19',38,'CUST59','E0007');
INSERT INTO orders(order_date,Order_id,Customer_id,employee_id) VALUES ('2022-04-13',39,'CUST19','E0010');
INSERT INTO orders(order_date,Order_id,Customer_id,employee_id) VALUES ('2022-06-03',40,'CUST27','E0008');
INSERT INTO orders(order_date,Order_id,Customer_id,employee_id) VALUES ('2022-12-01',41,'CUST25','E0008');
INSERT INTO orders(order_date,Order_id,Customer_id,employee_id) VALUES ('2022-01-24',42,'CUST76','E0012');
INSERT INTO orders(order_date,Order_id,Customer_id,employee_id) VALUES ('2022-08-18',43,'CUST45','E0006');
INSERT INTO orders(order_date,Order_id,Customer_id,employee_id) VALUES ('2022-12-08',44,'CUST22','E0006');
INSERT INTO orders(order_date,Order_id,Customer_id,employee_id) VALUES ('2022-09-27',45,'CUST88','E0004');
INSERT INTO orders(order_date,Order_id,Customer_id,employee_id) VALUES ('2022-12-13',46,'CUST21','E0006');
INSERT INTO orders(order_date,Order_id,Customer_id,employee_id) VALUES ('2022-12-21',47,'CUST7','E0004');
INSERT INTO orders(order_date,Order_id,Customer_id,employee_id) VALUES ('2022-09-07',48,'CUST12','E0003');
INSERT INTO orders(order_date,Order_id,Customer_id,employee_id) VALUES ('2022-01-30',49,'CUST9','E0011');
INSERT INTO orders(order_date,Order_id,Customer_id,employee_id) VALUES ('2022-07-28',50,'CUST50','E0011');
INSERT INTO orders(order_date,Order_id,Customer_id,employee_id) VALUES ('2022-01-15',51,'CUST13','E0006');
INSERT INTO orders(order_date,Order_id,Customer_id,employee_id) VALUES ('2022-07-12',52,'CUST18','E0007');
INSERT INTO orders(order_date,Order_id,Customer_id,employee_id) VALUES ('2022-12-27',53,'CUST62','E0011');
INSERT INTO orders(order_date,Order_id,Customer_id,employee_id) VALUES ('2022-10-15',54,'CUST41','E0005');
INSERT INTO orders(order_date,Order_id,Customer_id,employee_id) VALUES ('2022-03-31',55,'CUST44','E0004');
INSERT INTO orders(order_date,Order_id,Customer_id,employee_id) VALUES ('2022-03-17',56,'CUST101','E002');
INSERT INTO orders(order_date,Order_id,Customer_id,employee_id) VALUES ('2022-09-12',57,'CUST84','E0010');
INSERT INTO orders(order_date,Order_id,Customer_id,employee_id) VALUES ('2022-01-27',58,'CUST95','E0005');
INSERT INTO orders(order_date,Order_id,Customer_id,employee_id) VALUES ('2022-12-30',59,'CUST51','E0007');
INSERT INTO orders(order_date,Order_id,Customer_id,employee_id) VALUES ('2022-10-09',60,'CUST73','E0004');
INSERT INTO orders(order_date,Order_id,Customer_id,employee_id) VALUES ('2022-04-08',61,'CUST3','E0011');
INSERT INTO orders(order_date,Order_id,Customer_id,employee_id) VALUES ('2022-09-02',62,'CUST9','E0007');
INSERT INTO orders(order_date,Order_id,Customer_id,employee_id) VALUES ('2022-12-01',63,'CUST63','E0004');
INSERT INTO orders(order_date,Order_id,Customer_id,employee_id) VALUES ('2022-08-09',64,'CUST19','E0010');
INSERT INTO orders(order_date,Order_id,Customer_id,employee_id) VALUES ('2022-11-10',65,'CUST81','E0009');
INSERT INTO orders(order_date,Order_id,Customer_id,employee_id) VALUES ('2022-07-12',66,'CUST5','E0010');
INSERT INTO orders(order_date,Order_id,Customer_id,employee_id) VALUES ('2022-09-27',67,'CUST13','E0010');
INSERT INTO orders(order_date,Order_id,Customer_id,employee_id) VALUES ('2022-12-26',68,'CUST28','E0004');
INSERT INTO orders(order_date,Order_id,Customer_id,employee_id) VALUES ('2022-01-06',69,'CUST50','E0012');
INSERT INTO orders(order_date,Order_id,Customer_id,employee_id) VALUES ('2022-03-29',70,'CUST81','E0001');
INSERT INTO orders(order_date,Order_id,Customer_id,employee_id) VALUES ('2022-03-15',71,'CUST45','E0004');
INSERT INTO orders(order_date,Order_id,Customer_id,employee_id) VALUES ('2022-12-01',72,'CUST32','E002');
INSERT INTO orders(order_date,Order_id,Customer_id,employee_id) VALUES ('2022-03-12',73,'CUST64','E002');
INSERT INTO orders(order_date,Order_id,Customer_id,employee_id) VALUES ('2022-08-24',74,'CUST53','E0007');
INSERT INTO orders(order_date,Order_id,Customer_id,employee_id) VALUES ('2022-10-01',75,'CUST7','E0001');
INSERT INTO orders(order_date,Order_id,Customer_id,employee_id) VALUES ('2022-10-17',76,'CUST85','E0001');
INSERT INTO orders(order_date,Order_id,Customer_id,employee_id) VALUES ('2022-03-08',77,'CUST29','E0012');
INSERT INTO orders(order_date,Order_id,Customer_id,employee_id) VALUES ('2022-12-09',78,'CUST45','E002');
INSERT INTO orders(order_date,Order_id,Customer_id,employee_id) VALUES ('2022-03-20',79,'CUST56','E002');
INSERT INTO orders(order_date,Order_id,Customer_id,employee_id) VALUES ('2022-11-25',80,'CUST39','E0010');
INSERT INTO orders(order_date,Order_id,Customer_id,employee_id) VALUES ('2022-06-23',81,'CUST38','E0012');
INSERT INTO orders(order_date,Order_id,Customer_id,employee_id) VALUES ('2022-09-08',82,'CUST2','E0011');
INSERT INTO orders(order_date,Order_id,Customer_id,employee_id) VALUES ('2022-05-16',83,'CUST62','E0009');
INSERT INTO orders(order_date,Order_id,Customer_id,employee_id) VALUES ('2022-02-01',84,'CUST93','E0011');
INSERT INTO orders(order_date,Order_id,Customer_id,employee_id) VALUES ('2022-06-24',85,'CUST74','E002');
INSERT INTO orders(order_date,Order_id,Customer_id,employee_id) VALUES ('2022-07-12',86,'CUST24','E0010');
INSERT INTO orders(order_date,Order_id,Customer_id,employee_id) VALUES ('2022-09-14',87,'CUST9','E0012');
INSERT INTO orders(order_date,Order_id,Customer_id,employee_id) VALUES ('2022-11-08',88,'CUST21','E0011');
INSERT INTO orders(order_date,Order_id,Customer_id,employee_id) VALUES ('2022-08-27',89,'CUST96','E0005');
INSERT INTO orders(order_date,Order_id,Customer_id,employee_id) VALUES ('2022-05-02',90,'CUST55','E0007');
INSERT INTO orders(order_date,Order_id,Customer_id,employee_id) VALUES ('2022-05-14',91,'CUST42','E0010');
INSERT INTO orders(order_date,Order_id,Customer_id,employee_id) VALUES ('2022-03-21',92,'CUST25','E0004');
INSERT INTO orders(order_date,Order_id,Customer_id,employee_id) VALUES ('2022-10-12',93,'CUST58','E0010');
INSERT INTO orders(order_date,Order_id,Customer_id,employee_id) VALUES ('2022-10-05',94,'CUST76','E0010');
INSERT INTO orders(order_date,Order_id,Customer_id,employee_id) VALUES ('2022-05-01',95,'CUST54','E002');
INSERT INTO orders(order_date,Order_id,Customer_id,employee_id) VALUES ('2022-02-05',96,'CUST51','E0010');
INSERT INTO orders(order_date,Order_id,Customer_id,employee_id) VALUES ('2022-05-17',97,'CUST59','E0012');
INSERT INTO orders(order_date,Order_id,Customer_id,employee_id) VALUES ('2022-05-28',98,'CUST51','E0001');
INSERT INTO orders(order_date,Order_id,Customer_id,employee_id) VALUES ('2022-12-27',99,'CUST95','E0010');
INSERT INTO orders(order_date,Order_id,Customer_id,employee_id) VALUES ('2022-09-09',100,'CUST75','E0011');
INSERT INTO orders(order_date,Order_id,Customer_id,employee_id) VALUES ('2022-02-24',101,'CUST16','E0007');
INSERT INTO orders(order_date,Order_id,Customer_id,employee_id) VALUES ('2022-05-05',102,'CUST31','E0007');
INSERT INTO orders(order_date,Order_id,Customer_id,employee_id) VALUES ('2022-05-31',103,'CUST63','E0001');
INSERT INTO orders(order_date,Order_id,Customer_id,employee_id) VALUES ('2022-12-25',104,'CUST90','E0010');
INSERT INTO orders(order_date,Order_id,Customer_id,employee_id) VALUES ('2022-01-27',105,'CUST62','E0004');
INSERT INTO orders(order_date,Order_id,Customer_id,employee_id) VALUES ('2022-04-01',106,'CUST94','E0006');
INSERT INTO orders(order_date,Order_id,Customer_id,employee_id) VALUES ('2022-07-10',107,'CUST37','E0009');
INSERT INTO orders(order_date,Order_id,Customer_id,employee_id) VALUES ('2022-08-30',108,'CUST101','E0004');
INSERT INTO orders(order_date,Order_id,Customer_id,employee_id) VALUES ('2022-03-24',109,'CUST71','E0008');
INSERT INTO orders(order_date,Order_id,Customer_id,employee_id) VALUES ('2022-08-25',110,'CUST56','E0011');
INSERT INTO orders(order_date,Order_id,Customer_id,employee_id) VALUES ('2022-04-11',111,'CUST26','E0005');
INSERT INTO orders(order_date,Order_id,Customer_id,employee_id) VALUES ('2022-12-03',112,'CUST72','E0003');
INSERT INTO orders(order_date,Order_id,Customer_id,employee_id) VALUES ('2022-02-25',113,'CUST47','E0012');
INSERT INTO orders(order_date,Order_id,Customer_id,employee_id) VALUES ('2022-07-19',114,'CUST51','E0011');
INSERT INTO orders(order_date,Order_id,Customer_id,employee_id) VALUES ('2022-08-23',115,'CUST29','E0010');
INSERT INTO orders(order_date,Order_id,Customer_id,employee_id) VALUES ('2022-09-27',116,'CUST62','E0005');
INSERT INTO orders(order_date,Order_id,Customer_id,employee_id) VALUES ('2022-04-06',117,'CUST67','E002');
INSERT INTO orders(order_date,Order_id,Customer_id,employee_id) VALUES ('2022-12-18',118,'CUST67','E0008');
INSERT INTO orders(order_date,Order_id,Customer_id,employee_id) VALUES ('2022-03-24',119,'CUST55','E0009');
INSERT INTO orders(order_date,Order_id,Customer_id,employee_id) VALUES ('2022-08-11',120,'CUST88','E0010');
INSERT INTO orders(order_date,Order_id,Customer_id,employee_id) VALUES ('2022-03-19',121,'CUST19','E0007');
INSERT INTO orders(order_date,Order_id,Customer_id,employee_id) VALUES ('2022-10-31',122,'CUST19','E0004');
INSERT INTO orders(order_date,Order_id,Customer_id,employee_id) VALUES ('2022-04-27',123,'CUST27','E0010');
INSERT INTO orders(order_date,Order_id,Customer_id,employee_id) VALUES ('2022-11-20',124,'CUST50','E0006');
INSERT INTO orders(order_date,Order_id,Customer_id,employee_id) VALUES ('2022-06-13',125,'CUST87','E0004');
INSERT INTO orders(order_date,Order_id,Customer_id,employee_id) VALUES ('2022-07-27',126,'CUST30','E002');
INSERT INTO orders(order_date,Order_id,Customer_id,employee_id) VALUES ('2022-06-07',127,'CUST45','E002');
INSERT INTO orders(order_date,Order_id,Customer_id,employee_id) VALUES ('2022-04-08',128,'CUST66','E0010');
INSERT INTO orders(order_date,Order_id,Customer_id,employee_id) VALUES ('2022-05-02',129,'CUST77','E0007');
INSERT INTO orders(order_date,Order_id,Customer_id,employee_id) VALUES ('2022-12-30',130,'CUST90','E0003');
INSERT INTO orders(order_date,Order_id,Customer_id,employee_id) VALUES ('2022-10-01',131,'CUST58','E0009');
INSERT INTO orders(order_date,Order_id,Customer_id,employee_id) VALUES ('2022-12-05',132,'CUST100','E0012');
INSERT INTO orders(order_date,Order_id,Customer_id,employee_id) VALUES ('2022-06-08',133,'CUST81','E0010');
INSERT INTO orders(order_date,Order_id,Customer_id,employee_id) VALUES ('2022-08-26',134,'CUST100','E0010');
INSERT INTO orders(order_date,Order_id,Customer_id,employee_id) VALUES ('2022-11-10',135,'CUST31','E0006');
INSERT INTO orders(order_date,Order_id,Customer_id,employee_id) VALUES ('2022-05-19',136,'CUST63','E0001');
INSERT INTO orders(order_date,Order_id,Customer_id,employee_id) VALUES ('2022-05-08',137,'CUST27','E002');
INSERT INTO orders(order_date,Order_id,Customer_id,employee_id) VALUES ('2022-02-22',138,'CUST13','E0011');
INSERT INTO orders(order_date,Order_id,Customer_id,employee_id) VALUES ('2022-04-19',139,'CUST33','E0012');
INSERT INTO orders(order_date,Order_id,Customer_id,employee_id) VALUES ('2022-01-04',140,'CUST71','E0010');
INSERT INTO orders(order_date,Order_id,Customer_id,employee_id) VALUES ('2022-11-16',141,'CUST89','E0009');
INSERT INTO orders(order_date,Order_id,Customer_id,employee_id) VALUES ('2022-10-17',142,'CUST9','E0008');
INSERT INTO orders(order_date,Order_id,Customer_id,employee_id) VALUES ('2022-12-23',143,'CUST94','E0004');
INSERT INTO orders(order_date,Order_id,Customer_id,employee_id) VALUES ('2022-01-03',144,'CUST16','E0009');
INSERT INTO orders(order_date,Order_id,Customer_id,employee_id) VALUES ('2022-08-01',145,'CUST20','E0008');
INSERT INTO orders(order_date,Order_id,Customer_id,employee_id) VALUES ('2022-07-23',146,'CUST90','E0008');
INSERT INTO orders(order_date,Order_id,Customer_id,employee_id) VALUES ('2022-11-17',147,'CUST92','E0006');
INSERT INTO orders(order_date,Order_id,Customer_id,employee_id) VALUES ('2022-04-13',148,'CUST74','E0011');
INSERT INTO orders(order_date,Order_id,Customer_id,employee_id) VALUES ('2022-10-16',149,'CUST52','E0009');
INSERT INTO orders(order_date,Order_id,Customer_id,employee_id) VALUES ('2022-04-09',150,'CUST101','E002');
INSERT INTO orders(order_date,Order_id,Customer_id,employee_id) VALUES ('2022-09-30',151,'CUST32','E002');
INSERT INTO orders(order_date,Order_id,Customer_id,employee_id) VALUES ('2022-05-26',152,'CUST45','E0011');
INSERT INTO orders(order_date,Order_id,Customer_id,employee_id) VALUES ('2022-11-22',153,'CUST8','E0010');
INSERT INTO orders(order_date,Order_id,Customer_id,employee_id) VALUES ('2022-03-30',154,'CUST21','E0011');
INSERT INTO orders(order_date,Order_id,Customer_id,employee_id) VALUES ('2022-09-20',155,'CUST27','E0005');
INSERT INTO orders(order_date,Order_id,Customer_id,employee_id) VALUES ('2022-04-15',156,'CUST84','E0009');
INSERT INTO orders(order_date,Order_id,Customer_id,employee_id) VALUES ('2022-02-04',157,'CUST91','E0001');
INSERT INTO orders(order_date,Order_id,Customer_id,employee_id) VALUES ('2022-06-09',158,'CUST99','E0012');
INSERT INTO orders(order_date,Order_id,Customer_id,employee_id) VALUES ('2022-04-15',159,'CUST11','E0009');
INSERT INTO orders(order_date,Order_id,Customer_id,employee_id) VALUES ('2022-08-25',160,'CUST20','E0005');
INSERT INTO orders(order_date,Order_id,Customer_id,employee_id) VALUES ('2022-07-20',161,'CUST73','E0008');
INSERT INTO orders(order_date,Order_id,Customer_id,employee_id) VALUES ('2022-01-04',162,'CUST58','E0010');
INSERT INTO orders(order_date,Order_id,Customer_id,employee_id) VALUES ('2022-12-01',163,'CUST44','E0004');
INSERT INTO orders(order_date,Order_id,Customer_id,employee_id) VALUES ('2022-01-14',164,'CUST14','E0012');
INSERT INTO orders(order_date,Order_id,Customer_id,employee_id) VALUES ('2022-03-29',165,'CUST87','E0004');
INSERT INTO orders(order_date,Order_id,Customer_id,employee_id) VALUES ('2022-02-03',166,'CUST40','E0004');
INSERT INTO orders(order_date,Order_id,Customer_id,employee_id) VALUES ('2022-04-23',167,'CUST100','E0011');
INSERT INTO orders(order_date,Order_id,Customer_id,employee_id) VALUES ('2022-07-24',168,'CUST16','E0001');
INSERT INTO orders(order_date,Order_id,Customer_id,employee_id) VALUES ('2022-02-09',169,'CUST30','E0012');
INSERT INTO orders(order_date,Order_id,Customer_id,employee_id) VALUES ('2022-05-30',170,'CUST94','E0005');
INSERT INTO orders(order_date,Order_id,Customer_id,employee_id) VALUES ('2022-05-17',171,'CUST42','E0008');
INSERT INTO orders(order_date,Order_id,Customer_id,employee_id) VALUES ('2022-12-04',172,'CUST77','E0008');
INSERT INTO orders(order_date,Order_id,Customer_id,employee_id) VALUES ('2022-12-19',173,'CUST43','E0006');
INSERT INTO orders(order_date,Order_id,Customer_id,employee_id) VALUES ('2022-02-05',174,'CUST10','E0008');
INSERT INTO orders(order_date,Order_id,Customer_id,employee_id) VALUES ('2022-06-15',175,'CUST11','E0009');
INSERT INTO orders(order_date,Order_id,Customer_id,employee_id) VALUES ('2022-06-24',176,'CUST24','E0010');
INSERT INTO orders(order_date,Order_id,Customer_id,employee_id) VALUES ('2022-10-03',177,'CUST34','E0010');
INSERT INTO orders(order_date,Order_id,Customer_id,employee_id) VALUES ('2022-07-05',178,'CUST100','E0010');
INSERT INTO orders(order_date,Order_id,Customer_id,employee_id) VALUES ('2022-02-12',179,'CUST74','E002');
INSERT INTO orders(order_date,Order_id,Customer_id,employee_id) VALUES ('2022-11-07',180,'CUST27','E0006');
INSERT INTO orders(order_date,Order_id,Customer_id,employee_id) VALUES ('2022-04-16',181,'CUST49','E0001');
INSERT INTO orders(order_date,Order_id,Customer_id,employee_id) VALUES ('2022-06-28',182,'CUST51','E0010');
INSERT INTO orders(order_date,Order_id,Customer_id,employee_id) VALUES ('2022-11-28',183,'CUST90','E0011');
INSERT INTO orders(order_date,Order_id,Customer_id,employee_id) VALUES ('2022-06-17',184,'CUST58','E002');
INSERT INTO orders(order_date,Order_id,Customer_id,employee_id) VALUES ('2022-03-20',185,'CUST4','E002');
INSERT INTO orders(order_date,Order_id,Customer_id,employee_id) VALUES ('2022-02-24',186,'CUST26','E0001');
INSERT INTO orders(order_date,Order_id,Customer_id,employee_id) VALUES ('2022-03-30',187,'CUST43','E002');
INSERT INTO orders(order_date,Order_id,Customer_id,employee_id) VALUES ('2022-01-16',188,'CUST40','E0009');
INSERT INTO orders(order_date,Order_id,Customer_id,employee_id) VALUES ('2022-03-14',189,'CUST21','E0007');
INSERT INTO orders(order_date,Order_id,Customer_id,employee_id) VALUES ('2022-05-21',190,'CUST80','E0006');
INSERT INTO orders(order_date,Order_id,Customer_id,employee_id) VALUES ('2022-10-26',191,'CUST6','E002');
INSERT INTO orders(order_date,Order_id,Customer_id,employee_id) VALUES ('2022-11-17',192,'CUST32','E0008');
INSERT INTO orders(order_date,Order_id,Customer_id,employee_id) VALUES ('2022-09-28',193,'CUST37','E0006');
INSERT INTO orders(order_date,Order_id,Customer_id,employee_id) VALUES ('2022-10-18',194,'CUST73','E0008');
INSERT INTO orders(order_date,Order_id,Customer_id,employee_id) VALUES ('2022-03-10',195,'CUST72','E0010');
INSERT INTO orders(order_date,Order_id,Customer_id,employee_id) VALUES ('2022-01-22',196,'CUST53','E0007');
INSERT INTO orders(order_date,Order_id,Customer_id,employee_id) VALUES ('2022-12-02',197,'CUST61','E0007');
INSERT INTO orders(order_date,Order_id,Customer_id,employee_id) VALUES ('2022-08-16',198,'CUST42','E0012');
INSERT INTO orders(order_date,Order_id,Customer_id,employee_id) VALUES ('2022-10-17',199,'CUST72','E0006');
INSERT INTO orders(order_date,Order_id,Customer_id,employee_id) VALUES ('2022-03-09',200,'CUST21','E0001');
INSERT INTO orders(order_date,Order_id,Customer_id,employee_id) VALUES ('2022-02-22',201,'CUST88','E0012');
INSERT INTO orders(order_date,Order_id,Customer_id,employee_id) VALUES ('2022-08-19',202,'CUST78','E0005');
INSERT INTO orders(order_date,Order_id,Customer_id,employee_id) VALUES ('2022-10-10',203,'CUST91','E0001');
INSERT INTO orders(order_date,Order_id,Customer_id,employee_id) VALUES ('2022-07-25',204,'CUST40','E0001');
INSERT INTO orders(order_date,Order_id,Customer_id,employee_id) VALUES ('2022-03-13',205,'CUST27','E0010');
INSERT INTO orders(order_date,Order_id,Customer_id,employee_id) VALUES ('2022-08-29',206,'CUST5','E002');
INSERT INTO orders(order_date,Order_id,Customer_id,employee_id) VALUES ('2022-03-13',207,'CUST65','E0006');
INSERT INTO orders(order_date,Order_id,Customer_id,employee_id) VALUES ('2022-11-28',208,'CUST60','E002');
INSERT INTO orders(order_date,Order_id,Customer_id,employee_id) VALUES ('2022-05-09',209,'CUST66','E0010');
INSERT INTO orders(order_date,Order_id,Customer_id,employee_id) VALUES ('2022-05-30',210,'CUST33','E0006');
INSERT INTO orders(order_date,Order_id,Customer_id,employee_id) VALUES ('2022-05-19',211,'CUST92','E0010');
INSERT INTO orders(order_date,Order_id,Customer_id,employee_id) VALUES ('2022-01-05',212,'CUST27','E0003');
INSERT INTO orders(order_date,Order_id,Customer_id,employee_id) VALUES ('2022-12-01',213,'CUST61','E0006');
INSERT INTO orders(order_date,Order_id,Customer_id,employee_id) VALUES ('2022-06-14',214,'CUST28','E0004');
INSERT INTO orders(order_date,Order_id,Customer_id,employee_id) VALUES ('2022-10-10',215,'CUST11','E0010');
INSERT INTO orders(order_date,Order_id,Customer_id,employee_id) VALUES ('2022-08-25',216,'CUST60','E0012');
INSERT INTO orders(order_date,Order_id,Customer_id,employee_id) VALUES ('2022-06-11',217,'CUST28','E0010');
INSERT INTO orders(order_date,Order_id,Customer_id,employee_id) VALUES ('2022-07-09',218,'CUST97','E0004');
INSERT INTO orders(order_date,Order_id,Customer_id,employee_id) VALUES ('2022-06-19',219,'CUST49','E0005');
INSERT INTO orders(order_date,Order_id,Customer_id,employee_id) VALUES ('2022-12-10',220,'CUST58','E0010');
INSERT INTO orders(order_date,Order_id,Customer_id,employee_id) VALUES ('2022-09-27',221,'CUST63','E0006');
INSERT INTO orders(order_date,Order_id,Customer_id,employee_id) VALUES ('2022-07-23',222,'CUST61','E0006');
INSERT INTO orders(order_date,Order_id,Customer_id,employee_id) VALUES ('2022-10-01',223,'CUST54','E0006');
INSERT INTO orders(order_date,Order_id,Customer_id,employee_id) VALUES ('2022-10-14',224,'CUST38','E0011');
INSERT INTO orders(order_date,Order_id,Customer_id,employee_id) VALUES ('2022-09-27',225,'CUST100','E0010');
INSERT INTO orders(order_date,Order_id,Customer_id,employee_id) VALUES ('2022-04-02',226,'CUST3','E0008');
INSERT INTO orders(order_date,Order_id,Customer_id,employee_id) VALUES ('2022-01-04',227,'CUST52','E0012');
INSERT INTO orders(order_date,Order_id,Customer_id,employee_id) VALUES ('2022-05-17',228,'CUST17','E0007');
INSERT INTO orders(order_date,Order_id,Customer_id,employee_id) VALUES ('2022-10-06',229,'CUST71','E0005');
INSERT INTO orders(order_date,Order_id,Customer_id,employee_id) VALUES ('2022-07-19',230,'CUST38','E0012');
INSERT INTO orders(order_date,Order_id,Customer_id,employee_id) VALUES ('2022-06-02',231,'CUST11','E0012');
INSERT INTO orders(order_date,Order_id,Customer_id,employee_id) VALUES ('2022-11-02',232,'CUST98','E0003');
INSERT INTO orders(order_date,Order_id,Customer_id,employee_id) VALUES ('2022-11-05',233,'CUST58','E0006');
INSERT INTO orders(order_date,Order_id,Customer_id,employee_id) VALUES ('2022-03-09',234,'CUST20','E0011');
INSERT INTO orders(order_date,Order_id,Customer_id,employee_id) VALUES ('2022-02-09',235,'CUST45','E0010');
INSERT INTO orders(order_date,Order_id,Customer_id,employee_id) VALUES ('2022-08-20',236,'CUST43','E0001');
INSERT INTO orders(order_date,Order_id,Customer_id,employee_id) VALUES ('2022-02-08',237,'CUST98','E0009');
INSERT INTO orders(order_date,Order_id,Customer_id,employee_id) VALUES ('2022-02-11',238,'CUST12','E0012');
INSERT INTO orders(order_date,Order_id,Customer_id,employee_id) VALUES ('2022-07-03',239,'CUST16','E002');
INSERT INTO orders(order_date,Order_id,Customer_id,employee_id) VALUES ('2022-01-26',240,'CUST21','E0010');
INSERT INTO orders(order_date,Order_id,Customer_id,employee_id) VALUES ('2022-08-23',241,'CUST39','E0006');
INSERT INTO orders(order_date,Order_id,Customer_id,employee_id) VALUES ('2022-04-06',242,'CUST56','E0005');
INSERT INTO orders(order_date,Order_id,Customer_id,employee_id) VALUES ('2022-09-13',243,'CUST20','E0003');
INSERT INTO orders(order_date,Order_id,Customer_id,employee_id) VALUES ('2022-12-30',244,'CUST39','E0004');
INSERT INTO orders(order_date,Order_id,Customer_id,employee_id) VALUES ('2022-10-25',245,'CUST57','E0012');
INSERT INTO orders(order_date,Order_id,Customer_id,employee_id) VALUES ('2022-05-11',246,'CUST29','E0006');
INSERT INTO orders(order_date,Order_id,Customer_id,employee_id) VALUES ('2022-05-01',247,'CUST14','E0003');
INSERT INTO orders(order_date,Order_id,Customer_id,employee_id) VALUES ('2022-01-20',248,'CUST38','E0009');
INSERT INTO orders(order_date,Order_id,Customer_id,employee_id) VALUES ('2022-08-31',249,'CUST67','E0004');
INSERT INTO orders(order_date,Order_id,Customer_id,employee_id) VALUES ('2022-02-10',250,'CUST67','E0005');
INSERT INTO orders(order_date,Order_id,Customer_id,employee_id) VALUES ('2022-06-13',251,'CUST53','E0010');
INSERT INTO orders(order_date,Order_id,Customer_id,employee_id) VALUES ('2022-07-17',252,'CUST25','E0011');
INSERT INTO orders(order_date,Order_id,Customer_id,employee_id) VALUES ('2022-02-22',253,'CUST31','E0004');
INSERT INTO orders(order_date,Order_id,Customer_id,employee_id) VALUES ('2022-07-05',254,'CUST34','E0012');
INSERT INTO orders(order_date,Order_id,Customer_id,employee_id) VALUES ('2022-05-22',255,'CUST97','E0009');
INSERT INTO orders(order_date,Order_id,Customer_id,employee_id) VALUES ('2022-03-15',256,'CUST7','E0007');
INSERT INTO orders(order_date,Order_id,Customer_id,employee_id) VALUES ('2022-10-11',257,'CUST50','E0005');
INSERT INTO orders(order_date,Order_id,Customer_id,employee_id) VALUES ('2022-01-20',258,'CUST98','E0010');
INSERT INTO orders(order_date,Order_id,Customer_id,employee_id) VALUES ('2022-09-25',259,'CUST72','E0001');
INSERT INTO orders(order_date,Order_id,Customer_id,employee_id) VALUES ('2022-03-16',260,'CUST37','E0007');
INSERT INTO orders(order_date,Order_id,Customer_id,employee_id) VALUES ('2022-11-18',261,'CUST36','E0008');
INSERT INTO orders(order_date,Order_id,Customer_id,employee_id) VALUES ('2022-10-03',262,'CUST87','E0005');
INSERT INTO orders(order_date,Order_id,Customer_id,employee_id) VALUES ('2022-03-15',263,'CUST32','E0003');
INSERT INTO orders(order_date,Order_id,Customer_id,employee_id) VALUES ('2022-01-20',264,'CUST99','E0009');
INSERT INTO orders(order_date,Order_id,Customer_id,employee_id) VALUES ('2022-11-27',265,'CUST88','E0001');
INSERT INTO orders(order_date,Order_id,Customer_id,employee_id) VALUES ('2022-10-16',266,'CUST13','E0010');
INSERT INTO orders(order_date,Order_id,Customer_id,employee_id) VALUES ('2022-06-21',267,'CUST56','E0010');
INSERT INTO orders(order_date,Order_id,Customer_id,employee_id) VALUES ('2022-10-06',268,'CUST39','E0007');
INSERT INTO orders(order_date,Order_id,Customer_id,employee_id) VALUES ('2022-04-12',269,'CUST41','E0005');
INSERT INTO orders(order_date,Order_id,Customer_id,employee_id) VALUES ('2022-01-07',270,'CUST93','E0006');
INSERT INTO orders(order_date,Order_id,Customer_id,employee_id) VALUES ('2022-06-03',271,'CUST50','E0005');
INSERT INTO orders(order_date,Order_id,Customer_id,employee_id) VALUES ('2022-03-21',272,'CUST16','E002');
INSERT INTO orders(order_date,Order_id,Customer_id,employee_id) VALUES ('2022-10-28',273,'CUST45','E0007');
INSERT INTO orders(order_date,Order_id,Customer_id,employee_id) VALUES ('2022-05-19',274,'CUST95','E0010');
INSERT INTO orders(order_date,Order_id,Customer_id,employee_id) VALUES ('2022-01-24',275,'CUST87','E0004');
INSERT INTO orders(order_date,Order_id,Customer_id,employee_id) VALUES ('2022-07-03',276,'CUST30','E0012');
INSERT INTO orders(order_date,Order_id,Customer_id,employee_id) VALUES ('2022-04-27',277,'CUST85','E0009');
INSERT INTO orders(order_date,Order_id,Customer_id,employee_id) VALUES ('2022-09-12',278,'CUST33','E0004');
INSERT INTO orders(order_date,Order_id,Customer_id,employee_id) VALUES ('2022-08-28',279,'CUST88','E0007');
INSERT INTO orders(order_date,Order_id,Customer_id,employee_id) VALUES ('2022-09-14',280,'CUST34','E0008');
INSERT INTO orders(order_date,Order_id,Customer_id,employee_id) VALUES ('2022-04-26',281,'CUST24','E0007');
INSERT INTO orders(order_date,Order_id,Customer_id,employee_id) VALUES ('2022-09-10',282,'CUST90','E0005');
INSERT INTO orders(order_date,Order_id,Customer_id,employee_id) VALUES ('2022-07-01',283,'CUST56','E0008');
INSERT INTO orders(order_date,Order_id,Customer_id,employee_id) VALUES ('2022-11-26',284,'CUST68','E0005');
INSERT INTO orders(order_date,Order_id,Customer_id,employee_id) VALUES ('2022-11-07',285,'CUST101','E0006');
INSERT INTO orders(order_date,Order_id,Customer_id,employee_id) VALUES ('2022-02-22',286,'CUST10','E0007');
INSERT INTO orders(order_date,Order_id,Customer_id,employee_id) VALUES ('2022-12-09',287,'CUST36','E002');
INSERT INTO orders(order_date,Order_id,Customer_id,employee_id) VALUES ('2022-07-30',288,'CUST70','E0010');
INSERT INTO orders(order_date,Order_id,Customer_id,employee_id) VALUES ('2022-03-09',289,'CUST79','E0010');
INSERT INTO orders(order_date,Order_id,Customer_id,employee_id) VALUES ('2022-03-04',290,'CUST35','E0003');
INSERT INTO orders(order_date,Order_id,Customer_id,employee_id) VALUES ('2022-11-19',291,'CUST63','E0008');
INSERT INTO orders(order_date,Order_id,Customer_id,employee_id) VALUES ('2022-04-15',292,'CUST14','E0012');
INSERT INTO orders(order_date,Order_id,Customer_id,employee_id) VALUES ('2022-08-17',293,'CUST37','E0003');
INSERT INTO orders(order_date,Order_id,Customer_id,employee_id) VALUES ('2022-11-17',294,'CUST52','E0012');
INSERT INTO orders(order_date,Order_id,Customer_id,employee_id) VALUES ('2022-12-09',295,'CUST15','E0001');
INSERT INTO orders(order_date,Order_id,Customer_id,employee_id) VALUES ('2022-06-27',296,'CUST20','E0003');
INSERT INTO orders(order_date,Order_id,Customer_id,employee_id) VALUES ('2022-07-01',297,'CUST101','E0003');
INSERT INTO orders(order_date,Order_id,Customer_id,employee_id) VALUES ('2022-07-01',298,'CUST22','E0001');
INSERT INTO orders(order_date,Order_id,Customer_id,employee_id) VALUES ('2022-03-01',299,'CUST6','E0008');
INSERT INTO orders(order_date,Order_id,Customer_id,employee_id) VALUES ('2022-04-23',300,'CUST4','E0012');
INSERT INTO orders(order_date,Order_id,Customer_id,employee_id) VALUES ('2022-05-08',301,'CUST75','E0009');
INSERT INTO orders(order_date,Order_id,Customer_id,employee_id) VALUES ('2022-06-23',302,'CUST44','E0012');
INSERT INTO orders(order_date,Order_id,Customer_id,employee_id) VALUES ('2022-10-06',303,'CUST81','E0006');
INSERT INTO orders(order_date,Order_id,Customer_id,employee_id) VALUES ('2022-06-29',304,'CUST81','E0007');
INSERT INTO orders(order_date,Order_id,Customer_id,employee_id) VALUES ('2022-08-10',305,'CUST31','E0012');
INSERT INTO orders(order_date,Order_id,Customer_id,employee_id) VALUES ('2022-04-28',306,'CUST10','E0007');
INSERT INTO orders(order_date,Order_id,Customer_id,employee_id) VALUES ('2022-08-08',307,'CUST88','E0011');
INSERT INTO orders(order_date,Order_id,Customer_id,employee_id) VALUES ('2022-09-20',308,'CUST77','E0009');
INSERT INTO orders(order_date,Order_id,Customer_id,employee_id) VALUES ('2022-07-04',309,'CUST36','E0012');
INSERT INTO orders(order_date,Order_id,Customer_id,employee_id) VALUES ('2022-12-10',310,'CUST46','E0007');
INSERT INTO orders(order_date,Order_id,Customer_id,employee_id) VALUES ('2022-07-05',311,'CUST76','E0008');
INSERT INTO orders(order_date,Order_id,Customer_id,employee_id) VALUES ('2022-07-19',312,'CUST55','E002');
INSERT INTO orders(order_date,Order_id,Customer_id,employee_id) VALUES ('2022-03-14',313,'CUST32','E0011');
INSERT INTO orders(order_date,Order_id,Customer_id,employee_id) VALUES ('2022-09-22',314,'CUST88','E0003');
INSERT INTO orders(order_date,Order_id,Customer_id,employee_id) VALUES ('2022-01-08',315,'CUST38','E0003');
INSERT INTO orders(order_date,Order_id,Customer_id,employee_id) VALUES ('2022-02-26',316,'CUST81','E0008');
INSERT INTO orders(order_date,Order_id,Customer_id,employee_id) VALUES ('2022-10-16',317,'CUST76','E0005');
INSERT INTO orders(order_date,Order_id,Customer_id,employee_id) VALUES ('2022-03-09',318,'CUST90','E0008');
INSERT INTO orders(order_date,Order_id,Customer_id,employee_id) VALUES ('2022-03-13',319,'CUST5','E0010');
INSERT INTO orders(order_date,Order_id,Customer_id,employee_id) VALUES ('2022-05-25',320,'CUST84','E0012');
INSERT INTO orders(order_date,Order_id,Customer_id,employee_id) VALUES ('2022-09-18',321,'CUST13','E0009');
INSERT INTO orders(order_date,Order_id,Customer_id,employee_id) VALUES ('2022-12-17',322,'CUST89','E0004');
INSERT INTO orders(order_date,Order_id,Customer_id,employee_id) VALUES ('2022-12-21',323,'CUST52','E0005');
INSERT INTO orders(order_date,Order_id,Customer_id,employee_id) VALUES ('2022-07-23',324,'CUST36','E0012');
INSERT INTO orders(order_date,Order_id,Customer_id,employee_id) VALUES ('2022-10-29',325,'CUST33','E0009');
INSERT INTO orders(order_date,Order_id,Customer_id,employee_id) VALUES ('2022-12-22',326,'CUST64','E0011');
INSERT INTO orders(order_date,Order_id,Customer_id,employee_id) VALUES ('2022-10-08',327,'CUST89','E002');
INSERT INTO orders(order_date,Order_id,Customer_id,employee_id) VALUES ('2022-08-31',328,'CUST18','E0005');
INSERT INTO orders(order_date,Order_id,Customer_id,employee_id) VALUES ('2022-06-13',329,'CUST85','E0008');
INSERT INTO orders(order_date,Order_id,Customer_id,employee_id) VALUES ('2022-04-11',330,'CUST88','E0007');
INSERT INTO orders(order_date,Order_id,Customer_id,employee_id) VALUES ('2022-03-01',331,'CUST32','E0007');
INSERT INTO orders(order_date,Order_id,Customer_id,employee_id) VALUES ('2022-02-12',332,'CUST74','E0007');
INSERT INTO orders(order_date,Order_id,Customer_id,employee_id) VALUES ('2022-03-08',333,'CUST53','E0009');
INSERT INTO orders(order_date,Order_id,Customer_id,employee_id) VALUES ('2022-05-05',334,'CUST65','E0010');
INSERT INTO orders(order_date,Order_id,Customer_id,employee_id) VALUES ('2022-09-10',335,'CUST26','E0003');
INSERT INTO orders(order_date,Order_id,Customer_id,employee_id) VALUES ('2022-05-31',336,'CUST57','E0001');
INSERT INTO orders(order_date,Order_id,Customer_id,employee_id) VALUES ('2022-10-24',337,'CUST23','E0009');
INSERT INTO orders(order_date,Order_id,Customer_id,employee_id) VALUES ('2022-07-04',338,'CUST28','E0003');
INSERT INTO orders(order_date,Order_id,Customer_id,employee_id) VALUES ('2022-12-16',339,'CUST28','E0012');
INSERT INTO orders(order_date,Order_id,Customer_id,employee_id) VALUES ('2022-02-09',340,'CUST58','E0011');
INSERT INTO orders(order_date,Order_id,Customer_id,employee_id) VALUES ('2022-10-27',341,'CUST62','E0006');
INSERT INTO orders(order_date,Order_id,Customer_id,employee_id) VALUES ('2022-10-13',342,'CUST13','E0006');
INSERT INTO orders(order_date,Order_id,Customer_id,employee_id) VALUES ('2022-03-06',343,'CUST98','E0004');
INSERT INTO orders(order_date,Order_id,Customer_id,employee_id) VALUES ('2022-07-16',344,'CUST64','E0012');
INSERT INTO orders(order_date,Order_id,Customer_id,employee_id) VALUES ('2022-10-29',345,'CUST54','E0010');
INSERT INTO orders(order_date,Order_id,Customer_id,employee_id) VALUES ('2022-07-24',346,'CUST74','E0010');
INSERT INTO orders(order_date,Order_id,Customer_id,employee_id) VALUES ('2022-06-14',347,'CUST88','E0005');
INSERT INTO orders(order_date,Order_id,Customer_id,employee_id) VALUES ('2022-10-02',348,'CUST67','E0006');
INSERT INTO orders(order_date,Order_id,Customer_id,employee_id) VALUES ('2022-12-21',349,'CUST4','E0012');
INSERT INTO orders(order_date,Order_id,Customer_id,employee_id) VALUES ('2022-04-08',350,'CUST71','E0011');
INSERT INTO orders(order_date,Order_id,Customer_id,employee_id) VALUES ('2022-01-16',351,'CUST100','E0006');
INSERT INTO orders(order_date,Order_id,Customer_id,employee_id) VALUES ('2022-07-26',352,'CUST25','E0008');
INSERT INTO orders(order_date,Order_id,Customer_id,employee_id) VALUES ('2022-03-28',353,'CUST84','E0005');
INSERT INTO orders(order_date,Order_id,Customer_id,employee_id) VALUES ('2022-05-10',354,'CUST64','E0012');
INSERT INTO orders(order_date,Order_id,Customer_id,employee_id) VALUES ('2022-03-08',355,'CUST20','E0004');
INSERT INTO orders(order_date,Order_id,Customer_id,employee_id) VALUES ('2022-08-15',356,'CUST50','E0009');
INSERT INTO orders(order_date,Order_id,Customer_id,employee_id) VALUES ('2022-12-18',357,'CUST98','E0006');
INSERT INTO orders(order_date,Order_id,Customer_id,employee_id) VALUES ('2022-07-17',358,'CUST30','E0012');
INSERT INTO orders(order_date,Order_id,Customer_id,employee_id) VALUES ('2022-02-10',359,'CUST24','E0005');
INSERT INTO orders(order_date,Order_id,Customer_id,employee_id) VALUES ('2022-07-04',360,'CUST20','E0010');
INSERT INTO orders(order_date,Order_id,Customer_id,employee_id) VALUES ('2022-12-02',361,'CUST59','E0012');
INSERT INTO orders(order_date,Order_id,Customer_id,employee_id) VALUES ('2022-12-16',362,'CUST96','E0003');
INSERT INTO orders(order_date,Order_id,Customer_id,employee_id) VALUES ('2022-01-15',363,'CUST36','E002');
INSERT INTO orders(order_date,Order_id,Customer_id,employee_id) VALUES ('2022-04-02',364,'CUST76','E0003');
INSERT INTO orders(order_date,Order_id,Customer_id,employee_id) VALUES ('2022-05-28',365,'CUST38','E0010');
INSERT INTO orders(order_date,Order_id,Customer_id,employee_id) VALUES ('2022-05-28',366,'CUST72','E0001');
INSERT INTO orders(order_date,Order_id,Customer_id,employee_id) VALUES ('2022-12-05',367,'CUST8','E002');
INSERT INTO orders(order_date,Order_id,Customer_id,employee_id) VALUES ('2022-11-02',368,'CUST14','E0005');
INSERT INTO orders(order_date,Order_id,Customer_id,employee_id) VALUES ('2022-12-01',369,'CUST18','E0003');
INSERT INTO orders(order_date,Order_id,Customer_id,employee_id) VALUES ('2022-09-05',370,'CUST50','E0009');
INSERT INTO orders(order_date,Order_id,Customer_id,employee_id) VALUES ('2022-04-05',371,'CUST66','E0012');
INSERT INTO orders(order_date,Order_id,Customer_id,employee_id) VALUES ('2022-08-20',372,'CUST77','E0009');
INSERT INTO orders(order_date,Order_id,Customer_id,employee_id) VALUES ('2022-08-13',373,'CUST30','E0003');
INSERT INTO orders(order_date,Order_id,Customer_id,employee_id) VALUES ('2022-03-19',374,'CUST16','E0009');
INSERT INTO orders(order_date,Order_id,Customer_id,employee_id) VALUES ('2022-04-10',375,'CUST100','E0006');
INSERT INTO orders(order_date,Order_id,Customer_id,employee_id) VALUES ('2022-03-18',376,'CUST57','E0001');
INSERT INTO orders(order_date,Order_id,Customer_id,employee_id) VALUES ('2022-04-14',377,'CUST24','E0012');
INSERT INTO orders(order_date,Order_id,Customer_id,employee_id) VALUES ('2022-08-28',378,'CUST49','E002');
INSERT INTO orders(order_date,Order_id,Customer_id,employee_id) VALUES ('2022-03-16',379,'CUST89','E0001');
INSERT INTO orders(order_date,Order_id,Customer_id,employee_id) VALUES ('2022-05-30',380,'CUST70','E0011');
INSERT INTO orders(order_date,Order_id,Customer_id,employee_id) VALUES ('2022-11-03',381,'CUST83','E0009');
INSERT INTO orders(order_date,Order_id,Customer_id,employee_id) VALUES ('2022-02-19',382,'CUST32','E0006');
INSERT INTO orders(order_date,Order_id,Customer_id,employee_id) VALUES ('2022-11-08',383,'CUST55','E002');
INSERT INTO orders(order_date,Order_id,Customer_id,employee_id) VALUES ('2022-08-26',384,'CUST101','E0001');
INSERT INTO orders(order_date,Order_id,Customer_id,employee_id) VALUES ('2022-11-11',385,'CUST2','E002');
INSERT INTO orders(order_date,Order_id,Customer_id,employee_id) VALUES ('2022-03-10',386,'CUST95','E0001');
INSERT INTO orders(order_date,Order_id,Customer_id,employee_id) VALUES ('2022-10-18',387,'CUST94','E0010');
INSERT INTO orders(order_date,Order_id,Customer_id,employee_id) VALUES ('2022-03-19',388,'CUST78','E0003');
INSERT INTO orders(order_date,Order_id,Customer_id,employee_id) VALUES ('2022-03-11',389,'CUST82','E0011');
INSERT INTO orders(order_date,Order_id,Customer_id,employee_id) VALUES ('2022-12-18',390,'CUST66','E0008');
INSERT INTO orders(order_date,Order_id,Customer_id,employee_id) VALUES ('2022-12-14',391,'CUST19','E0012');
INSERT INTO orders(order_date,Order_id,Customer_id,employee_id) VALUES ('2022-01-09',392,'CUST47','E0009');
INSERT INTO orders(order_date,Order_id,Customer_id,employee_id) VALUES ('2022-10-21',393,'CUST79','E0005');
INSERT INTO orders(order_date,Order_id,Customer_id,employee_id) VALUES ('2022-02-08',394,'CUST31','E0008');
INSERT INTO orders(order_date,Order_id,Customer_id,employee_id) VALUES ('2022-05-03',395,'CUST48','E0009');
INSERT INTO orders(order_date,Order_id,Customer_id,employee_id) VALUES ('2022-06-30',396,'CUST56','E0004');
INSERT INTO orders(order_date,Order_id,Customer_id,employee_id) VALUES ('2022-07-07',397,'CUST91','E0012');
INSERT INTO orders(order_date,Order_id,Customer_id,employee_id) VALUES ('2022-05-16',398,'CUST98','E0001');
INSERT INTO orders(order_date,Order_id,Customer_id,employee_id) VALUES ('2022-10-09',399,'CUST12','E0008');
INSERT INTO orders(order_date,Order_id,Customer_id,employee_id) VALUES ('2022-04-10',400,'CUST65','E0001');
INSERT INTO orders(order_date,Order_id,Customer_id,employee_id) VALUES ('2022-04-04',401,'CUST24','E0007');
INSERT INTO orders(order_date,Order_id,Customer_id,employee_id) VALUES ('2022-07-02',402,'CUST13','E0012');
INSERT INTO orders(order_date,Order_id,Customer_id,employee_id) VALUES ('2022-11-06',403,'CUST66','E002');
INSERT INTO orders(order_date,Order_id,Customer_id,employee_id) VALUES ('2022-11-13',404,'CUST77','E0007');
INSERT INTO orders(order_date,Order_id,Customer_id,employee_id) VALUES ('2022-05-05',405,'CUST64','E0011');
INSERT INTO orders(order_date,Order_id,Customer_id,employee_id) VALUES ('2022-10-17',406,'CUST93','E0004');
INSERT INTO orders(order_date,Order_id,Customer_id,employee_id) VALUES ('2022-11-06',407,'CUST80','E0012');
INSERT INTO orders(order_date,Order_id,Customer_id,employee_id) VALUES ('2022-03-24',408,'CUST94','E0010');
INSERT INTO orders(order_date,Order_id,Customer_id,employee_id) VALUES ('2022-11-21',409,'CUST100','E0004');
INSERT INTO orders(order_date,Order_id,Customer_id,employee_id) VALUES ('2022-12-17',410,'CUST3','E0008');
INSERT INTO orders(order_date,Order_id,Customer_id,employee_id) VALUES ('2022-12-21',411,'CUST24','E0001');
INSERT INTO orders(order_date,Order_id,Customer_id,employee_id) VALUES ('2022-05-31',412,'CUST40','E0010');
INSERT INTO orders(order_date,Order_id,Customer_id,employee_id) VALUES ('2022-07-05',413,'CUST85','E0006');
INSERT INTO orders(order_date,Order_id,Customer_id,employee_id) VALUES ('2022-06-26',414,'CUST97','E0001');
INSERT INTO orders(order_date,Order_id,Customer_id,employee_id) VALUES ('2022-09-03',415,'CUST74','E0009');
INSERT INTO orders(order_date,Order_id,Customer_id,employee_id) VALUES ('2022-06-17',416,'CUST67','E0009');
INSERT INTO orders(order_date,Order_id,Customer_id,employee_id) VALUES ('2022-04-27',417,'CUST91','E0007');
INSERT INTO orders(order_date,Order_id,Customer_id,employee_id) VALUES ('2022-03-15',418,'CUST52','E0006');
INSERT INTO orders(order_date,Order_id,Customer_id,employee_id) VALUES ('2022-04-16',419,'CUST87','E0012');
INSERT INTO orders(order_date,Order_id,Customer_id,employee_id) VALUES ('2022-02-16',420,'CUST21','E0010');
INSERT INTO orders(order_date,Order_id,Customer_id,employee_id) VALUES ('2022-01-25',421,'CUST81','E0003');
INSERT INTO orders(order_date,Order_id,Customer_id,employee_id) VALUES ('2022-12-28',422,'CUST97','E0006');
INSERT INTO orders(order_date,Order_id,Customer_id,employee_id) VALUES ('2022-05-20',423,'CUST56','E0010');
INSERT INTO orders(order_date,Order_id,Customer_id,employee_id) VALUES ('2022-09-28',424,'CUST95','E0006');
INSERT INTO orders(order_date,Order_id,Customer_id,employee_id) VALUES ('2022-11-16',425,'CUST6','E0001');
INSERT INTO orders(order_date,Order_id,Customer_id,employee_id) VALUES ('2022-06-29',426,'CUST20','E0012');
INSERT INTO orders(order_date,Order_id,Customer_id,employee_id) VALUES ('2022-04-04',427,'CUST32','E0011');
INSERT INTO orders(order_date,Order_id,Customer_id,employee_id) VALUES ('2022-01-09',428,'CUST3','E0003');
INSERT INTO orders(order_date,Order_id,Customer_id,employee_id) VALUES ('2022-05-05',429,'CUST63','E0008');
INSERT INTO orders(order_date,Order_id,Customer_id,employee_id) VALUES ('2022-03-07',430,'CUST40','E0001');
INSERT INTO orders(order_date,Order_id,Customer_id,employee_id) VALUES ('2022-05-14',431,'CUST16','E0010');
INSERT INTO orders(order_date,Order_id,Customer_id,employee_id) VALUES ('2022-10-02',432,'CUST73','E0011');
INSERT INTO orders(order_date,Order_id,Customer_id,employee_id) VALUES ('2022-02-18',433,'CUST26','E0009');
INSERT INTO orders(order_date,Order_id,Customer_id,employee_id) VALUES ('2022-04-06',434,'CUST88','E0007');
INSERT INTO orders(order_date,Order_id,Customer_id,employee_id) VALUES ('2022-01-27',435,'CUST27','E0007');
INSERT INTO orders(order_date,Order_id,Customer_id,employee_id) VALUES ('2022-04-03',436,'CUST88','E0010');
INSERT INTO orders(order_date,Order_id,Customer_id,employee_id) VALUES ('2022-06-29',437,'CUST48','E0008');
INSERT INTO orders(order_date,Order_id,Customer_id,employee_id) VALUES ('2022-03-19',438,'CUST6','E0009');
INSERT INTO orders(order_date,Order_id,Customer_id,employee_id) VALUES ('2022-12-14',439,'CUST94','E0010');
INSERT INTO orders(order_date,Order_id,Customer_id,employee_id) VALUES ('2022-10-24',440,'CUST58','E0011');
INSERT INTO orders(order_date,Order_id,Customer_id,employee_id) VALUES ('2022-12-13',441,'CUST30','E0003');
INSERT INTO orders(order_date,Order_id,Customer_id,employee_id) VALUES ('2022-08-09',442,'CUST65','E0005');
INSERT INTO orders(order_date,Order_id,Customer_id,employee_id) VALUES ('2022-02-28',443,'CUST50','E0001');
INSERT INTO orders(order_date,Order_id,Customer_id,employee_id) VALUES ('2022-10-19',444,'CUST84','E0003');
INSERT INTO orders(order_date,Order_id,Customer_id,employee_id) VALUES ('2022-04-08',445,'CUST43','E0012');
INSERT INTO orders(order_date,Order_id,Customer_id,employee_id) VALUES ('2022-09-09',446,'CUST101','E0006');
INSERT INTO orders(order_date,Order_id,Customer_id,employee_id) VALUES ('2022-05-06',447,'CUST49','E0003');
INSERT INTO orders(order_date,Order_id,Customer_id,employee_id) VALUES ('2022-11-04',448,'CUST19','E0010');
INSERT INTO orders(order_date,Order_id,Customer_id,employee_id) VALUES ('2022-12-25',449,'CUST30','E0008');
INSERT INTO orders(order_date,Order_id,Customer_id,employee_id) VALUES ('2022-03-18',450,'CUST74','E0009');
INSERT INTO orders(order_date,Order_id,Customer_id,employee_id) VALUES ('2022-05-05',451,'CUST100','E0003');
INSERT INTO orders(order_date,Order_id,Customer_id,employee_id) VALUES ('2022-04-27',452,'CUST14','E0008');
INSERT INTO orders(order_date,Order_id,Customer_id,employee_id) VALUES ('2022-05-31',453,'CUST31','E0011');
INSERT INTO orders(order_date,Order_id,Customer_id,employee_id) VALUES ('2022-10-16',454,'CUST94','E0011');
INSERT INTO orders(order_date,Order_id,Customer_id,employee_id) VALUES ('2022-11-21',455,'CUST92','E0007');
INSERT INTO orders(order_date,Order_id,Customer_id,employee_id) VALUES ('2022-01-28',456,'CUST93','E0011');
INSERT INTO orders(order_date,Order_id,Customer_id,employee_id) VALUES ('2022-06-08',457,'CUST96','E0011');
INSERT INTO orders(order_date,Order_id,Customer_id,employee_id) VALUES ('2022-12-10',458,'CUST87','E0012');
INSERT INTO orders(order_date,Order_id,Customer_id,employee_id) VALUES ('2022-04-18',459,'CUST26','E0011');
INSERT INTO orders(order_date,Order_id,Customer_id,employee_id) VALUES ('2022-12-29',460,'CUST98','E0004');
INSERT INTO orders(order_date,Order_id,Customer_id,employee_id) VALUES ('2022-07-21',461,'CUST96','E0003');
INSERT INTO orders(order_date,Order_id,Customer_id,employee_id) VALUES ('2022-07-27',462,'CUST26','E0003');
INSERT INTO orders(order_date,Order_id,Customer_id,employee_id) VALUES ('2022-05-22',463,'CUST11','E0008');
INSERT INTO orders(order_date,Order_id,Customer_id,employee_id) VALUES ('2022-09-20',464,'CUST7','E0011');
INSERT INTO orders(order_date,Order_id,Customer_id,employee_id) VALUES ('2022-10-14',465,'CUST72','E0001');
INSERT INTO orders(order_date,Order_id,Customer_id,employee_id) VALUES ('2022-02-26',466,'CUST87','E0001');
INSERT INTO orders(order_date,Order_id,Customer_id,employee_id) VALUES ('2022-05-04',467,'CUST17','E0012');
INSERT INTO orders(order_date,Order_id,Customer_id,employee_id) VALUES ('2022-10-09',468,'CUST93','E0010');
INSERT INTO orders(order_date,Order_id,Customer_id,employee_id) VALUES ('2022-06-29',469,'CUST48','E002');
INSERT INTO orders(order_date,Order_id,Customer_id,employee_id) VALUES ('2022-08-19',470,'CUST38','E0011');
INSERT INTO orders(order_date,Order_id,Customer_id,employee_id) VALUES ('2022-09-30',471,'CUST32','E0004');
INSERT INTO orders(order_date,Order_id,Customer_id,employee_id) VALUES ('2022-01-29',472,'CUST83','E0011');
INSERT INTO orders(order_date,Order_id,Customer_id,employee_id) VALUES ('2022-06-03',473,'CUST16','E0005');
INSERT INTO orders(order_date,Order_id,Customer_id,employee_id) VALUES ('2022-04-10',474,'CUST88','E0010');
INSERT INTO orders(order_date,Order_id,Customer_id,employee_id) VALUES ('2022-03-31',475,'CUST10','E0007');
INSERT INTO orders(order_date,Order_id,Customer_id,employee_id) VALUES ('2022-11-07',476,'CUST23','E0003');
INSERT INTO orders(order_date,Order_id,Customer_id,employee_id) VALUES ('2022-06-17',477,'CUST58','E0006');
INSERT INTO orders(order_date,Order_id,Customer_id,employee_id) VALUES ('2022-07-15',478,'CUST96','E0011');
INSERT INTO orders(order_date,Order_id,Customer_id,employee_id) VALUES ('2022-02-16',479,'CUST23','E0006');
INSERT INTO orders(order_date,Order_id,Customer_id,employee_id) VALUES ('2022-11-23',480,'CUST89','E0006');
INSERT INTO orders(order_date,Order_id,Customer_id,employee_id) VALUES ('2022-12-08',481,'CUST56','E0011');
INSERT INTO orders(order_date,Order_id,Customer_id,employee_id) VALUES ('2022-05-02',482,'CUST10','E0004');
INSERT INTO orders(order_date,Order_id,Customer_id,employee_id) VALUES ('2022-09-16',483,'CUST5','E0009');
INSERT INTO orders(order_date,Order_id,Customer_id,employee_id) VALUES ('2022-07-07',484,'CUST71','E0005');
INSERT INTO orders(order_date,Order_id,Customer_id,employee_id) VALUES ('2022-04-28',485,'CUST5','E0009');
INSERT INTO orders(order_date,Order_id,Customer_id,employee_id) VALUES ('2022-07-23',486,'CUST70','E002');
INSERT INTO orders(order_date,Order_id,Customer_id,employee_id) VALUES ('2022-07-22',487,'CUST57','E0008');
INSERT INTO orders(order_date,Order_id,Customer_id,employee_id) VALUES ('2022-03-25',488,'CUST78','E0001');
INSERT INTO orders(order_date,Order_id,Customer_id,employee_id) VALUES ('2022-10-22',489,'CUST54','E0004');
INSERT INTO orders(order_date,Order_id,Customer_id,employee_id) VALUES ('2022-04-07',490,'CUST13','E0001');
INSERT INTO orders(order_date,Order_id,Customer_id,employee_id) VALUES ('2022-12-02',491,'CUST73','E0005');
INSERT INTO orders(order_date,Order_id,Customer_id,employee_id) VALUES ('2022-12-30',492,'CUST75','E0005');
INSERT INTO orders(order_date,Order_id,Customer_id,employee_id) VALUES ('2022-01-19',493,'CUST50','E0009');
INSERT INTO orders(order_date,Order_id,Customer_id,employee_id) VALUES ('2022-02-06',494,'CUST72','E0007');
INSERT INTO orders(order_date,Order_id,Customer_id,employee_id) VALUES ('2022-08-23',495,'CUST6','E0004');
INSERT INTO orders(order_date,Order_id,Customer_id,employee_id) VALUES ('2022-01-04',496,'CUST38','E0003');
INSERT INTO orders(order_date,Order_id,Customer_id,employee_id) VALUES ('2022-12-23',497,'CUST20','E0005');
INSERT INTO orders(order_date,Order_id,Customer_id,employee_id) VALUES ('2022-05-13',498,'CUST76','E0003');
INSERT INTO orders(order_date,Order_id,Customer_id,employee_id) VALUES ('2022-06-29',499,'CUST53','E0012');
INSERT INTO orders(order_date,Order_id,Customer_id,employee_id) VALUES ('2022-11-08',500,'CUST16','E0001');
INSERT INTO orders(order_date,Order_id,Customer_id,employee_id) VALUES ('2022-02-01',501,'CUST6','E0006');
INSERT INTO orders(order_date,Order_id,Customer_id,employee_id) VALUES ('2022-12-09',502,'CUST59','E0008');
INSERT INTO orders(order_date,Order_id,Customer_id,employee_id) VALUES ('2022-06-27',503,'CUST99','E0005');
INSERT INTO orders(order_date,Order_id,Customer_id,employee_id) VALUES ('2022-12-21',504,'CUST30','E0006');
INSERT INTO orders(order_date,Order_id,Customer_id,employee_id) VALUES ('2022-09-13',505,'CUST19','E0001');
INSERT INTO orders(order_date,Order_id,Customer_id,employee_id) VALUES ('2022-08-23',506,'CUST73','E0007');
INSERT INTO orders(order_date,Order_id,Customer_id,employee_id) VALUES ('2022-04-30',507,'CUST72','E0009');
INSERT INTO orders(order_date,Order_id,Customer_id,employee_id) VALUES ('2022-07-20',508,'CUST44','E0001');
INSERT INTO orders(order_date,Order_id,Customer_id,employee_id) VALUES ('2022-06-28',509,'CUST73','E0003');
INSERT INTO orders(order_date,Order_id,Customer_id,employee_id) VALUES ('2022-08-30',510,'CUST8','E0008');
INSERT INTO orders(order_date,Order_id,Customer_id,employee_id) VALUES ('2022-08-02',511,'CUST24','E0001');
INSERT INTO orders(order_date,Order_id,Customer_id,employee_id) VALUES ('2022-07-21',512,'CUST25','E0011');
INSERT INTO orders(order_date,Order_id,Customer_id,employee_id) VALUES ('2022-11-11',513,'CUST93','E0006');
INSERT INTO orders(order_date,Order_id,Customer_id,employee_id) VALUES ('2022-07-15',514,'CUST2','E0003');
INSERT INTO orders(order_date,Order_id,Customer_id,employee_id) VALUES ('2022-01-20',515,'CUST66','E0006');
INSERT INTO orders(order_date,Order_id,Customer_id,employee_id) VALUES ('2022-07-10',516,'CUST27','E0006');
INSERT INTO orders(order_date,Order_id,Customer_id,employee_id) VALUES ('2022-10-28',517,'CUST91','E0001');
INSERT INTO orders(order_date,Order_id,Customer_id,employee_id) VALUES ('2022-05-07',518,'CUST54','E0007');
INSERT INTO orders(order_date,Order_id,Customer_id,employee_id) VALUES ('2022-04-04',519,'CUST87','E0010');
INSERT INTO orders(order_date,Order_id,Customer_id,employee_id) VALUES ('2022-04-25',520,'CUST14','E0005');
INSERT INTO orders(order_date,Order_id,Customer_id,employee_id) VALUES ('2022-05-09',521,'CUST85','E0008');
INSERT INTO orders(order_date,Order_id,Customer_id,employee_id) VALUES ('2022-05-31',522,'CUST28','E0011');
INSERT INTO orders(order_date,Order_id,Customer_id,employee_id) VALUES ('2022-12-26',523,'CUST25','E0012');
INSERT INTO orders(order_date,Order_id,Customer_id,employee_id) VALUES ('2022-09-28',524,'CUST24','E0006');
INSERT INTO orders(order_date,Order_id,Customer_id,employee_id) VALUES ('2022-07-19',525,'CUST53','E0006');
INSERT INTO orders(order_date,Order_id,Customer_id,employee_id) VALUES ('2022-04-07',526,'CUST85','E0012');
INSERT INTO orders(order_date,Order_id,Customer_id,employee_id) VALUES ('2022-10-04',527,'CUST35','E0012');
INSERT INTO orders(order_date,Order_id,Customer_id,employee_id) VALUES ('2022-04-24',528,'CUST82','E0004');
INSERT INTO orders(order_date,Order_id,Customer_id,employee_id) VALUES ('2022-01-17',529,'CUST97','E0009');
INSERT INTO orders(order_date,Order_id,Customer_id,employee_id) VALUES ('2022-09-17',530,'CUST48','E0012');
INSERT INTO orders(order_date,Order_id,Customer_id,employee_id) VALUES ('2022-12-18',531,'CUST88','E002');
INSERT INTO orders(order_date,Order_id,Customer_id,employee_id) VALUES ('2022-03-14',532,'CUST56','E0008');
INSERT INTO orders(order_date,Order_id,Customer_id,employee_id) VALUES ('2022-02-20',533,'CUST64','E0010');
INSERT INTO orders(order_date,Order_id,Customer_id,employee_id) VALUES ('2022-02-14',534,'CUST29','E0011');
INSERT INTO orders(order_date,Order_id,Customer_id,employee_id) VALUES ('2022-06-24',535,'CUST56','E0011');
INSERT INTO orders(order_date,Order_id,Customer_id,employee_id) VALUES ('2022-10-19',536,'CUST64','E0007');
INSERT INTO orders(order_date,Order_id,Customer_id,employee_id) VALUES ('2022-10-21',537,'CUST29','E002');
INSERT INTO orders(order_date,Order_id,Customer_id,employee_id) VALUES ('2022-08-23',538,'CUST97','E0007');
INSERT INTO orders(order_date,Order_id,Customer_id,employee_id) VALUES ('2022-12-21',539,'CUST101','E0009');
INSERT INTO orders(order_date,Order_id,Customer_id,employee_id) VALUES ('2022-03-10',540,'CUST11','E0001');
INSERT INTO orders(order_date,Order_id,Customer_id,employee_id) VALUES ('2022-10-02',541,'CUST8','E0001');
INSERT INTO orders(order_date,Order_id,Customer_id,employee_id) VALUES ('2022-05-31',542,'CUST28','E0009');
INSERT INTO orders(order_date,Order_id,Customer_id,employee_id) VALUES ('2022-07-25',543,'CUST94','E002');
INSERT INTO orders(order_date,Order_id,Customer_id,employee_id) VALUES ('2022-04-28',544,'CUST26','E0004');
INSERT INTO orders(order_date,Order_id,Customer_id,employee_id) VALUES ('2022-07-31',545,'CUST3','E0007');
INSERT INTO orders(order_date,Order_id,Customer_id,employee_id) VALUES ('2022-08-26',546,'CUST12','E0008');
INSERT INTO orders(order_date,Order_id,Customer_id,employee_id) VALUES ('2022-08-30',547,'CUST59','E002');
INSERT INTO orders(order_date,Order_id,Customer_id,employee_id) VALUES ('2022-05-18',548,'CUST10','E0005');
INSERT INTO orders(order_date,Order_id,Customer_id,employee_id) VALUES ('2022-07-09',549,'CUST56','E0011');
INSERT INTO orders(order_date,Order_id,Customer_id,employee_id) VALUES ('2022-07-04',550,'CUST64','E0004');
INSERT INTO orders(order_date,Order_id,Customer_id,employee_id) VALUES ('2022-08-26',551,'CUST29','E0006');
INSERT INTO orders(order_date,Order_id,Customer_id,employee_id) VALUES ('2022-10-17',552,'CUST44','E0006');
INSERT INTO orders(order_date,Order_id,Customer_id,employee_id) VALUES ('2022-11-11',553,'CUST93','E0012');
INSERT INTO orders(order_date,Order_id,Customer_id,employee_id) VALUES ('2022-11-29',554,'CUST71','E0005');
INSERT INTO orders(order_date,Order_id,Customer_id,employee_id) VALUES ('2022-02-17',555,'CUST70','E0005');
INSERT INTO orders(order_date,Order_id,Customer_id,employee_id) VALUES ('2022-12-29',556,'CUST57','E0009');
INSERT INTO orders(order_date,Order_id,Customer_id,employee_id) VALUES ('2022-08-25',557,'CUST81','E002');
INSERT INTO orders(order_date,Order_id,Customer_id,employee_id) VALUES ('2022-09-07',558,'CUST81','E0001');
INSERT INTO orders(order_date,Order_id,Customer_id,employee_id) VALUES ('2022-03-25',559,'CUST14','E0004');
INSERT INTO orders(order_date,Order_id,Customer_id,employee_id) VALUES ('2022-07-11',560,'CUST99','E0012');
INSERT INTO orders(order_date,Order_id,Customer_id,employee_id) VALUES ('2022-09-17',561,'CUST19','E0012');
INSERT INTO orders(order_date,Order_id,Customer_id,employee_id) VALUES ('2022-02-24',562,'CUST50','E0011');
INSERT INTO orders(order_date,Order_id,Customer_id,employee_id) VALUES ('2022-08-17',563,'CUST97','E0003');
INSERT INTO orders(order_date,Order_id,Customer_id,employee_id) VALUES ('2022-11-10',564,'CUST41','E0011');
INSERT INTO orders(order_date,Order_id,Customer_id,employee_id) VALUES ('2022-01-15',565,'CUST14','E0008');
INSERT INTO orders(order_date,Order_id,Customer_id,employee_id) VALUES ('2022-09-11',566,'CUST59','E0003');
INSERT INTO orders(order_date,Order_id,Customer_id,employee_id) VALUES ('2022-11-06',567,'CUST50','E0010');
INSERT INTO orders(order_date,Order_id,Customer_id,employee_id) VALUES ('2022-03-10',568,'CUST71','E0010');
INSERT INTO orders(order_date,Order_id,Customer_id,employee_id) VALUES ('2022-05-26',569,'CUST60','E002');
INSERT INTO orders(order_date,Order_id,Customer_id,employee_id) VALUES ('2022-06-27',570,'CUST61','E0011');
INSERT INTO orders(order_date,Order_id,Customer_id,employee_id) VALUES ('2022-05-10',571,'CUST84','E0004');
INSERT INTO orders(order_date,Order_id,Customer_id,employee_id) VALUES ('2022-02-22',572,'CUST72','E0012');
INSERT INTO orders(order_date,Order_id,Customer_id,employee_id) VALUES ('2022-04-25',573,'CUST91','E0001');
INSERT INTO orders(order_date,Order_id,Customer_id,employee_id) VALUES ('2022-07-29',574,'CUST8','E0005');
INSERT INTO orders(order_date,Order_id,Customer_id,employee_id) VALUES ('2022-01-12',575,'CUST54','E0001');
INSERT INTO orders(order_date,Order_id,Customer_id,employee_id) VALUES ('2022-12-01',576,'CUST56','E002');
INSERT INTO orders(order_date,Order_id,Customer_id,employee_id) VALUES ('2022-02-09',577,'CUST54','E0008');
INSERT INTO orders(order_date,Order_id,Customer_id,employee_id) VALUES ('2022-06-06',578,'CUST34','E0009');
INSERT INTO orders(order_date,Order_id,Customer_id,employee_id) VALUES ('2022-01-18',579,'CUST97','E0007');
INSERT INTO orders(order_date,Order_id,Customer_id,employee_id) VALUES ('2022-12-10',580,'CUST42','E0001');
INSERT INTO orders(order_date,Order_id,Customer_id,employee_id) VALUES ('2022-12-29',581,'CUST87','E0005');
INSERT INTO orders(order_date,Order_id,Customer_id,employee_id) VALUES ('2022-07-16',582,'CUST9','E0009');
INSERT INTO orders(order_date,Order_id,Customer_id,employee_id) VALUES ('2022-08-24',583,'CUST39','E0004');
INSERT INTO orders(order_date,Order_id,Customer_id,employee_id) VALUES ('2022-01-17',584,'CUST7','E0012');
INSERT INTO orders(order_date,Order_id,Customer_id,employee_id) VALUES ('2022-02-08',585,'CUST3','E0005');
INSERT INTO orders(order_date,Order_id,Customer_id,employee_id) VALUES ('2022-08-20',586,'CUST90','E0011');
INSERT INTO orders(order_date,Order_id,Customer_id,employee_id) VALUES ('2022-01-16',587,'CUST39','E0011');
INSERT INTO orders(order_date,Order_id,Customer_id,employee_id) VALUES ('2022-01-19',588,'CUST28','E0005');
INSERT INTO orders(order_date,Order_id,Customer_id,employee_id) VALUES ('2022-05-22',589,'CUST89','E0005');
INSERT INTO orders(order_date,Order_id,Customer_id,employee_id) VALUES ('2022-04-01',590,'CUST11','E0007');
INSERT INTO orders(order_date,Order_id,Customer_id,employee_id) VALUES ('2022-03-28',591,'CUST58','E0001');
INSERT INTO orders(order_date,Order_id,Customer_id,employee_id) VALUES ('2022-12-20',592,'CUST11','E002');
INSERT INTO orders(order_date,Order_id,Customer_id,employee_id) VALUES ('2022-01-26',593,'CUST72','E0012');
INSERT INTO orders(order_date,Order_id,Customer_id,employee_id) VALUES ('2022-07-28',594,'CUST82','E0008');
INSERT INTO orders(order_date,Order_id,Customer_id,employee_id) VALUES ('2022-06-02',595,'CUST87','E0007');
INSERT INTO orders(order_date,Order_id,Customer_id,employee_id) VALUES ('2022-10-17',596,'CUST12','E0010');
INSERT INTO orders(order_date,Order_id,Customer_id,employee_id) VALUES ('2022-03-17',597,'CUST6','E002');
INSERT INTO orders(order_date,Order_id,Customer_id,employee_id) VALUES ('2022-12-24',598,'CUST94','E0003');
INSERT INTO orders(order_date,Order_id,Customer_id,employee_id) VALUES ('2022-07-12',599,'CUST57','E0009');
INSERT INTO orders(order_date,Order_id,Customer_id,employee_id) VALUES ('2022-11-04',600,'CUST12','E0006');
INSERT INTO orders(order_date,Order_id,Customer_id,employee_id) VALUES ('2022-07-24',601,'CUST52','E0012');
INSERT INTO orders(order_date,Order_id,Customer_id,employee_id) VALUES ('2022-05-14',602,'CUST57','E0007');
INSERT INTO orders(order_date,Order_id,Customer_id,employee_id) VALUES ('2022-12-11',603,'CUST64','E0005');
INSERT INTO orders(order_date,Order_id,Customer_id,employee_id) VALUES ('2022-07-22',604,'CUST54','E0012');
INSERT INTO orders(order_date,Order_id,Customer_id,employee_id) VALUES ('2022-12-21',605,'CUST45','E0008');
INSERT INTO orders(order_date,Order_id,Customer_id,employee_id) VALUES ('2022-08-15',606,'CUST70','E0011');
INSERT INTO orders(order_date,Order_id,Customer_id,employee_id) VALUES ('2022-09-15',607,'CUST64','E0009');
INSERT INTO orders(order_date,Order_id,Customer_id,employee_id) VALUES ('2022-06-18',608,'CUST18','E0007');
INSERT INTO orders(order_date,Order_id,Customer_id,employee_id) VALUES ('2022-01-05',609,'CUST25','E0008');
INSERT INTO orders(order_date,Order_id,Customer_id,employee_id) VALUES ('2022-11-22',610,'CUST44','E0007');
INSERT INTO orders(order_date,Order_id,Customer_id,employee_id) VALUES ('2022-09-06',611,'CUST45','E0006');
INSERT INTO orders(order_date,Order_id,Customer_id,employee_id) VALUES ('2022-09-24',612,'CUST37','E0003');
INSERT INTO orders(order_date,Order_id,Customer_id,employee_id) VALUES ('2022-11-26',613,'CUST65','E0001');
INSERT INTO orders(order_date,Order_id,Customer_id,employee_id) VALUES ('2022-10-27',614,'CUST76','E0006');
INSERT INTO orders(order_date,Order_id,Customer_id,employee_id) VALUES ('2022-04-15',615,'CUST81','E0009');
INSERT INTO orders(order_date,Order_id,Customer_id,employee_id) VALUES ('2022-05-28',616,'CUST3','E002');
INSERT INTO orders(order_date,Order_id,Customer_id,employee_id) VALUES ('2022-01-01',617,'CUST98','E0010');
INSERT INTO orders(order_date,Order_id,Customer_id,employee_id) VALUES ('2022-05-31',618,'CUST87','E0012');
INSERT INTO orders(order_date,Order_id,Customer_id,employee_id) VALUES ('2022-01-29',619,'CUST53','E0005');
INSERT INTO orders(order_date,Order_id,Customer_id,employee_id) VALUES ('2022-04-06',620,'CUST46','E0005');
INSERT INTO orders(order_date,Order_id,Customer_id,employee_id) VALUES ('2022-02-27',621,'CUST88','E0006');
INSERT INTO orders(order_date,Order_id,Customer_id,employee_id) VALUES ('2022-09-03',622,'CUST35','E0010');
INSERT INTO orders(order_date,Order_id,Customer_id,employee_id) VALUES ('2022-08-26',623,'CUST49','E0010');
INSERT INTO orders(order_date,Order_id,Customer_id,employee_id) VALUES ('2022-11-17',624,'CUST85','E0012');
INSERT INTO orders(order_date,Order_id,Customer_id,employee_id) VALUES ('2022-02-21',625,'CUST5','E0012');
INSERT INTO orders(order_date,Order_id,Customer_id,employee_id) VALUES ('2022-09-28',626,'CUST86','E0001');
INSERT INTO orders(order_date,Order_id,Customer_id,employee_id) VALUES ('2022-05-30',627,'CUST19','E0003');
INSERT INTO orders(order_date,Order_id,Customer_id,employee_id) VALUES ('2022-06-15',628,'CUST51','E0008');
INSERT INTO orders(order_date,Order_id,Customer_id,employee_id) VALUES ('2022-08-19',629,'CUST3','E0007');
INSERT INTO orders(order_date,Order_id,Customer_id,employee_id) VALUES ('2022-05-29',630,'CUST63','E0006');
INSERT INTO orders(order_date,Order_id,Customer_id,employee_id) VALUES ('2022-07-26',631,'CUST38','E0010');
INSERT INTO orders(order_date,Order_id,Customer_id,employee_id) VALUES ('2022-09-05',632,'CUST17','E0006');
INSERT INTO orders(order_date,Order_id,Customer_id,employee_id) VALUES ('2022-03-17',633,'CUST88','E0008');
INSERT INTO orders(order_date,Order_id,Customer_id,employee_id) VALUES ('2022-07-04',634,'CUST76','E0011');
INSERT INTO orders(order_date,Order_id,Customer_id,employee_id) VALUES ('2022-08-06',635,'CUST101','E0009');
INSERT INTO orders(order_date,Order_id,Customer_id,employee_id) VALUES ('2022-10-09',636,'CUST81','E0001');
INSERT INTO orders(order_date,Order_id,Customer_id,employee_id) VALUES ('2022-10-09',637,'CUST35','E0006');
INSERT INTO orders(order_date,Order_id,Customer_id,employee_id) VALUES ('2022-06-27',638,'CUST85','E0007');
INSERT INTO orders(order_date,Order_id,Customer_id,employee_id) VALUES ('2022-08-26',639,'CUST100','E0004');
INSERT INTO orders(order_date,Order_id,Customer_id,employee_id) VALUES ('2022-07-22',640,'CUST37','E0008');
INSERT INTO orders(order_date,Order_id,Customer_id,employee_id) VALUES ('2022-09-23',641,'CUST10','E0006');
INSERT INTO orders(order_date,Order_id,Customer_id,employee_id) VALUES ('2022-08-11',642,'CUST73','E0007');
INSERT INTO orders(order_date,Order_id,Customer_id,employee_id) VALUES ('2022-11-23',643,'CUST47','E0006');
INSERT INTO orders(order_date,Order_id,Customer_id,employee_id) VALUES ('2022-03-03',644,'CUST34','E0003');
INSERT INTO orders(order_date,Order_id,Customer_id,employee_id) VALUES ('2022-03-16',645,'CUST8','E0005');
INSERT INTO orders(order_date,Order_id,Customer_id,employee_id) VALUES ('2022-04-04',646,'CUST94','E0006');
INSERT INTO orders(order_date,Order_id,Customer_id,employee_id) VALUES ('2022-04-25',647,'CUST72','E0004');
INSERT INTO orders(order_date,Order_id,Customer_id,employee_id) VALUES ('2022-04-07',648,'CUST79','E0008');
INSERT INTO orders(order_date,Order_id,Customer_id,employee_id) VALUES ('2022-01-02',649,'CUST90','E002');
INSERT INTO orders(order_date,Order_id,Customer_id,employee_id) VALUES ('2022-10-10',650,'CUST86','E0001');
INSERT INTO orders(order_date,Order_id,Customer_id,employee_id) VALUES ('2022-02-02',651,'CUST37','E0012');
INSERT INTO orders(order_date,Order_id,Customer_id,employee_id) VALUES ('2022-03-02',652,'CUST84','E0007');
INSERT INTO orders(order_date,Order_id,Customer_id,employee_id) VALUES ('2022-01-06',653,'CUST63','E002');
INSERT INTO orders(order_date,Order_id,Customer_id,employee_id) VALUES ('2022-09-19',654,'CUST9','E0005');
INSERT INTO orders(order_date,Order_id,Customer_id,employee_id) VALUES ('2022-07-19',655,'CUST83','E0004');
INSERT INTO orders(order_date,Order_id,Customer_id,employee_id) VALUES ('2022-06-12',656,'CUST60','E0004');
INSERT INTO orders(order_date,Order_id,Customer_id,employee_id) VALUES ('2022-10-12',657,'CUST14','E0009');
INSERT INTO orders(order_date,Order_id,Customer_id,employee_id) VALUES ('2022-05-06',658,'CUST24','E0007');
INSERT INTO orders(order_date,Order_id,Customer_id,employee_id) VALUES ('2022-08-21',659,'CUST85','E0004');
INSERT INTO orders(order_date,Order_id,Customer_id,employee_id) VALUES ('2022-10-18',660,'CUST24','E0006');
INSERT INTO orders(order_date,Order_id,Customer_id,employee_id) VALUES ('2022-07-23',661,'CUST56','E002');
INSERT INTO orders(order_date,Order_id,Customer_id,employee_id) VALUES ('2022-11-16',662,'CUST80','E0001');
INSERT INTO orders(order_date,Order_id,Customer_id,employee_id) VALUES ('2022-09-06',663,'CUST100','E0011');
INSERT INTO orders(order_date,Order_id,Customer_id,employee_id) VALUES ('2022-05-15',664,'CUST25','E0012');
INSERT INTO orders(order_date,Order_id,Customer_id,employee_id) VALUES ('2022-01-26',665,'CUST41','E0003');
INSERT INTO orders(order_date,Order_id,Customer_id,employee_id) VALUES ('2022-12-20',666,'CUST9','E0006');
INSERT INTO orders(order_date,Order_id,Customer_id,employee_id) VALUES ('2022-10-10',667,'CUST8','E0009');
INSERT INTO orders(order_date,Order_id,Customer_id,employee_id) VALUES ('2022-12-13',668,'CUST59','E0003');
INSERT INTO orders(order_date,Order_id,Customer_id,employee_id) VALUES ('2022-07-08',669,'CUST80','E0007');
INSERT INTO orders(order_date,Order_id,Customer_id,employee_id) VALUES ('2022-06-21',670,'CUST85','E0005');
INSERT INTO orders(order_date,Order_id,Customer_id,employee_id) VALUES ('2022-10-03',671,'CUST41','E0008');
INSERT INTO orders(order_date,Order_id,Customer_id,employee_id) VALUES ('2022-01-15',672,'CUST38','E0012');
INSERT INTO orders(order_date,Order_id,Customer_id,employee_id) VALUES ('2022-04-04',673,'CUST45','E0011');
INSERT INTO orders(order_date,Order_id,Customer_id,employee_id) VALUES ('2022-06-30',674,'CUST15','E0001');
INSERT INTO orders(order_date,Order_id,Customer_id,employee_id) VALUES ('2022-12-20',675,'CUST70','E0001');
INSERT INTO orders(order_date,Order_id,Customer_id,employee_id) VALUES ('2022-04-16',676,'CUST94','E002');
INSERT INTO orders(order_date,Order_id,Customer_id,employee_id) VALUES ('2022-12-15',677,'CUST95','E0004');
INSERT INTO orders(order_date,Order_id,Customer_id,employee_id) VALUES ('2022-01-03',678,'CUST62','E0012');
INSERT INTO orders(order_date,Order_id,Customer_id,employee_id) VALUES ('2022-11-26',679,'CUST70','E0012');
INSERT INTO orders(order_date,Order_id,Customer_id,employee_id) VALUES ('2022-12-24',680,'CUST85','E0001');
INSERT INTO orders(order_date,Order_id,Customer_id,employee_id) VALUES ('2022-07-09',681,'CUST67','E0009');
INSERT INTO orders(order_date,Order_id,Customer_id,employee_id) VALUES ('2022-09-05',682,'CUST82','E0004');
INSERT INTO orders(order_date,Order_id,Customer_id,employee_id) VALUES ('2022-10-18',683,'CUST77','E0012');
INSERT INTO orders(order_date,Order_id,Customer_id,employee_id) VALUES ('2022-08-27',684,'CUST22','E002');
INSERT INTO orders(order_date,Order_id,Customer_id,employee_id) VALUES ('2022-02-21',685,'CUST23','E0005');
INSERT INTO orders(order_date,Order_id,Customer_id,employee_id) VALUES ('2022-06-03',686,'CUST101','E0006');
INSERT INTO orders(order_date,Order_id,Customer_id,employee_id) VALUES ('2022-04-10',687,'CUST15','E0010');
INSERT INTO orders(order_date,Order_id,Customer_id,employee_id) VALUES ('2022-10-11',688,'CUST53','E0004');
INSERT INTO orders(order_date,Order_id,Customer_id,employee_id) VALUES ('2022-05-30',689,'CUST14','E0001');
INSERT INTO orders(order_date,Order_id,Customer_id,employee_id) VALUES ('2022-04-24',690,'CUST40','E0011');
INSERT INTO orders(order_date,Order_id,Customer_id,employee_id) VALUES ('2022-04-13',691,'CUST44','E0001');
INSERT INTO orders(order_date,Order_id,Customer_id,employee_id) VALUES ('2022-12-25',692,'CUST28','E0005');
INSERT INTO orders(order_date,Order_id,Customer_id,employee_id) VALUES ('2022-09-11',693,'CUST37','E0001');
INSERT INTO orders(order_date,Order_id,Customer_id,employee_id) VALUES ('2022-09-17',694,'CUST72','E0003');
INSERT INTO orders(order_date,Order_id,Customer_id,employee_id) VALUES ('2022-10-03',695,'CUST50','E0009');
INSERT INTO orders(order_date,Order_id,Customer_id,employee_id) VALUES ('2022-01-08',696,'CUST67','E0004');
INSERT INTO orders(order_date,Order_id,Customer_id,employee_id) VALUES ('2022-09-16',697,'CUST24','E0011');
INSERT INTO orders(order_date,Order_id,Customer_id,employee_id) VALUES ('2022-01-11',698,'CUST58','E0006');
INSERT INTO orders(order_date,Order_id,Customer_id,employee_id) VALUES ('2022-07-21',699,'CUST29','E0007');
INSERT INTO orders(order_date,Order_id,Customer_id,employee_id) VALUES ('2022-09-28',700,'CUST20','E0010');
INSERT INTO orders(order_date,Order_id,Customer_id,employee_id) VALUES ('2022-02-18',701,'CUST84','E0010');
INSERT INTO orders(order_date,Order_id,Customer_id,employee_id) VALUES ('2022-04-21',702,'CUST95','E0007');
INSERT INTO orders(order_date,Order_id,Customer_id,employee_id) VALUES ('2022-07-07',703,'CUST14','E0010');
INSERT INTO orders(order_date,Order_id,Customer_id,employee_id) VALUES ('2022-05-03',704,'CUST72','E0008');
INSERT INTO orders(order_date,Order_id,Customer_id,employee_id) VALUES ('2022-10-27',705,'CUST16','E002');
INSERT INTO orders(order_date,Order_id,Customer_id,employee_id) VALUES ('2022-11-18',706,'CUST75','E0001');
INSERT INTO orders(order_date,Order_id,Customer_id,employee_id) VALUES ('2022-11-14',707,'CUST15','E0008');
INSERT INTO orders(order_date,Order_id,Customer_id,employee_id) VALUES ('2022-12-11',708,'CUST20','E0009');
INSERT INTO orders(order_date,Order_id,Customer_id,employee_id) VALUES ('2022-12-22',709,'CUST98','E0005');
INSERT INTO orders(order_date,Order_id,Customer_id,employee_id) VALUES ('2022-02-01',710,'CUST11','E0004');
INSERT INTO orders(order_date,Order_id,Customer_id,employee_id) VALUES ('2022-08-20',711,'CUST100','E0007');
INSERT INTO orders(order_date,Order_id,Customer_id,employee_id) VALUES ('2022-05-07',712,'CUST30','E0004');
INSERT INTO orders(order_date,Order_id,Customer_id,employee_id) VALUES ('2022-12-27',713,'CUST55','E0008');
INSERT INTO orders(order_date,Order_id,Customer_id,employee_id) VALUES ('2022-12-02',714,'CUST18','E0011');
INSERT INTO orders(order_date,Order_id,Customer_id,employee_id) VALUES ('2022-11-26',715,'CUST3','E0003');
INSERT INTO orders(order_date,Order_id,Customer_id,employee_id) VALUES ('2022-11-25',716,'CUST56','E0012');
INSERT INTO orders(order_date,Order_id,Customer_id,employee_id) VALUES ('2022-10-31',717,'CUST30','E0008');
INSERT INTO orders(order_date,Order_id,Customer_id,employee_id) VALUES ('2022-11-17',718,'CUST70','E0004');
INSERT INTO orders(order_date,Order_id,Customer_id,employee_id) VALUES ('2022-06-20',719,'CUST48','E002');
INSERT INTO orders(order_date,Order_id,Customer_id,employee_id) VALUES ('2022-11-16',720,'CUST85','E0010');
INSERT INTO orders(order_date,Order_id,Customer_id,employee_id) VALUES ('2022-07-18',721,'CUST16','E0005');
INSERT INTO orders(order_date,Order_id,Customer_id,employee_id) VALUES ('2022-02-24',722,'CUST19','E002');
INSERT INTO orders(order_date,Order_id,Customer_id,employee_id) VALUES ('2022-01-23',723,'CUST55','E0004');
INSERT INTO orders(order_date,Order_id,Customer_id,employee_id) VALUES ('2022-05-27',724,'CUST40','E0007');
INSERT INTO orders(order_date,Order_id,Customer_id,employee_id) VALUES ('2022-06-19',725,'CUST65','E0011');
INSERT INTO orders(order_date,Order_id,Customer_id,employee_id) VALUES ('2022-07-27',726,'CUST23','E0010');
INSERT INTO orders(order_date,Order_id,Customer_id,employee_id) VALUES ('2022-03-09',727,'CUST96','E0006');
INSERT INTO orders(order_date,Order_id,Customer_id,employee_id) VALUES ('2022-03-25',728,'CUST74','E0009');
INSERT INTO orders(order_date,Order_id,Customer_id,employee_id) VALUES ('2022-02-04',729,'CUST20','E0004');
INSERT INTO orders(order_date,Order_id,Customer_id,employee_id) VALUES ('2022-04-29',730,'CUST71','E0008');
INSERT INTO orders(order_date,Order_id,Customer_id,employee_id) VALUES ('2022-11-02',731,'CUST23','E002');
INSERT INTO orders(order_date,Order_id,Customer_id,employee_id) VALUES ('2022-12-29',732,'CUST41','E0012');
INSERT INTO orders(order_date,Order_id,Customer_id,employee_id) VALUES ('2022-10-14',733,'CUST4','E0012');
INSERT INTO orders(order_date,Order_id,Customer_id,employee_id) VALUES ('2022-03-06',734,'CUST27','E0004');
INSERT INTO orders(order_date,Order_id,Customer_id,employee_id) VALUES ('2022-06-02',735,'CUST87','E0001');
INSERT INTO orders(order_date,Order_id,Customer_id,employee_id) VALUES ('2022-08-09',736,'CUST96','E0010');
INSERT INTO orders(order_date,Order_id,Customer_id,employee_id) VALUES ('2022-09-30',737,'CUST9','E0003');
INSERT INTO orders(order_date,Order_id,Customer_id,employee_id) VALUES ('2022-07-16',738,'CUST6','E0011');
INSERT INTO orders(order_date,Order_id,Customer_id,employee_id) VALUES ('2022-05-21',739,'CUST73','E0009');
INSERT INTO orders(order_date,Order_id,Customer_id,employee_id) VALUES ('2022-08-12',740,'CUST74','E0009');
INSERT INTO orders(order_date,Order_id,Customer_id,employee_id) VALUES ('2022-06-10',741,'CUST94','E0010');
INSERT INTO orders(order_date,Order_id,Customer_id,employee_id) VALUES ('2022-03-15',742,'CUST101','E0011');
INSERT INTO orders(order_date,Order_id,Customer_id,employee_id) VALUES ('2022-03-02',743,'CUST92','E0001');
INSERT INTO orders(order_date,Order_id,Customer_id,employee_id) VALUES ('2022-02-16',744,'CUST93','E0012');
INSERT INTO orders(order_date,Order_id,Customer_id,employee_id) VALUES ('2022-07-22',745,'CUST4','E0009');
INSERT INTO orders(order_date,Order_id,Customer_id,employee_id) VALUES ('2022-01-02',746,'CUST33','E0009');
INSERT INTO orders(order_date,Order_id,Customer_id,employee_id) VALUES ('2022-12-08',747,'CUST83','E0007');
INSERT INTO orders(order_date,Order_id,Customer_id,employee_id) VALUES ('2022-01-27',748,'CUST10','E0003');
INSERT INTO orders(order_date,Order_id,Customer_id,employee_id) VALUES ('2022-11-27',749,'CUST101','E0005');
INSERT INTO orders(order_date,Order_id,Customer_id,employee_id) VALUES ('2022-02-12',750,'CUST25','E002');
INSERT INTO orders(order_date,Order_id,Customer_id,employee_id) VALUES ('2022-12-17',751,'CUST86','E0012');
INSERT INTO orders(order_date,Order_id,Customer_id,employee_id) VALUES ('2022-12-18',752,'CUST21','E0003');
INSERT INTO orders(order_date,Order_id,Customer_id,employee_id) VALUES ('2022-08-09',753,'CUST87','E0012');
INSERT INTO orders(order_date,Order_id,Customer_id,employee_id) VALUES ('2022-03-15',754,'CUST98','E0006');
INSERT INTO orders(order_date,Order_id,Customer_id,employee_id) VALUES ('2022-12-16',755,'CUST13','E0001');
INSERT INTO orders(order_date,Order_id,Customer_id,employee_id) VALUES ('2022-01-04',756,'CUST49','E0008');
INSERT INTO orders(order_date,Order_id,Customer_id,employee_id) VALUES ('2022-07-21',757,'CUST60','E0003');
INSERT INTO orders(order_date,Order_id,Customer_id,employee_id) VALUES ('2022-10-16',758,'CUST60','E0005');
INSERT INTO orders(order_date,Order_id,Customer_id,employee_id) VALUES ('2022-02-04',759,'CUST100','E0006');
INSERT INTO orders(order_date,Order_id,Customer_id,employee_id) VALUES ('2022-11-01',760,'CUST82','E0008');
INSERT INTO orders(order_date,Order_id,Customer_id,employee_id) VALUES ('2022-02-03',761,'CUST36','E0008');
INSERT INTO orders(order_date,Order_id,Customer_id,employee_id) VALUES ('2022-10-30',762,'CUST86','E0004');
INSERT INTO orders(order_date,Order_id,Customer_id,employee_id) VALUES ('2022-12-06',763,'CUST73','E002');
INSERT INTO orders(order_date,Order_id,Customer_id,employee_id) VALUES ('2022-01-16',764,'CUST29','E0005');
INSERT INTO orders(order_date,Order_id,Customer_id,employee_id) VALUES ('2022-11-15',765,'CUST14','E0006');
INSERT INTO orders(order_date,Order_id,Customer_id,employee_id) VALUES ('2022-10-06',766,'CUST78','E0005');
INSERT INTO orders(order_date,Order_id,Customer_id,employee_id) VALUES ('2022-03-23',767,'CUST29','E0006');
INSERT INTO orders(order_date,Order_id,Customer_id,employee_id) VALUES ('2022-11-23',768,'CUST73','E0009');
INSERT INTO orders(order_date,Order_id,Customer_id,employee_id) VALUES ('2022-03-09',769,'CUST101','E0009');
INSERT INTO orders(order_date,Order_id,Customer_id,employee_id) VALUES ('2022-09-16',770,'CUST16','E0011');
INSERT INTO orders(order_date,Order_id,Customer_id,employee_id) VALUES ('2022-05-03',771,'CUST23','E002');
INSERT INTO orders(order_date,Order_id,Customer_id,employee_id) VALUES ('2022-07-25',772,'CUST8','E0010');
INSERT INTO orders(order_date,Order_id,Customer_id,employee_id) VALUES ('2022-11-04',773,'CUST9','E0001');
INSERT INTO orders(order_date,Order_id,Customer_id,employee_id) VALUES ('2022-12-11',774,'CUST2','E0005');
INSERT INTO orders(order_date,Order_id,Customer_id,employee_id) VALUES ('2022-02-11',775,'CUST18','E0003');
INSERT INTO orders(order_date,Order_id,Customer_id,employee_id) VALUES ('2022-02-20',776,'CUST70','E002');
INSERT INTO orders(order_date,Order_id,Customer_id,employee_id) VALUES ('2022-06-08',777,'CUST78','E0010');
INSERT INTO orders(order_date,Order_id,Customer_id,employee_id) VALUES ('2022-02-23',778,'CUST53','E0003');
INSERT INTO orders(order_date,Order_id,Customer_id,employee_id) VALUES ('2022-05-12',779,'CUST100','E0012');
INSERT INTO orders(order_date,Order_id,Customer_id,employee_id) VALUES ('2022-02-19',780,'CUST46','E0010');
INSERT INTO orders(order_date,Order_id,Customer_id,employee_id) VALUES ('2022-10-27',781,'CUST53','E0003');
INSERT INTO orders(order_date,Order_id,Customer_id,employee_id) VALUES ('2022-12-07',782,'CUST62','E0010');
INSERT INTO orders(order_date,Order_id,Customer_id,employee_id) VALUES ('2022-05-11',783,'CUST84','E0008');
INSERT INTO orders(order_date,Order_id,Customer_id,employee_id) VALUES ('2022-09-02',784,'CUST66','E0007');
INSERT INTO orders(order_date,Order_id,Customer_id,employee_id) VALUES ('2022-06-14',785,'CUST61','E0011');
INSERT INTO orders(order_date,Order_id,Customer_id,employee_id) VALUES ('2022-07-29',786,'CUST63','E0006');
INSERT INTO orders(order_date,Order_id,Customer_id,employee_id) VALUES ('2022-05-17',787,'CUST98','E0010');
INSERT INTO orders(order_date,Order_id,Customer_id,employee_id) VALUES ('2022-08-20',788,'CUST96','E0001');
INSERT INTO orders(order_date,Order_id,Customer_id,employee_id) VALUES ('2022-01-20',789,'CUST15','E0008');
INSERT INTO orders(order_date,Order_id,Customer_id,employee_id) VALUES ('2022-05-11',790,'CUST40','E0010');
INSERT INTO orders(order_date,Order_id,Customer_id,employee_id) VALUES ('2022-04-02',791,'CUST90','E0004');
INSERT INTO orders(order_date,Order_id,Customer_id,employee_id) VALUES ('2022-04-18',792,'CUST11','E0003');
INSERT INTO orders(order_date,Order_id,Customer_id,employee_id) VALUES ('2022-08-18',793,'CUST8','E0004');
INSERT INTO orders(order_date,Order_id,Customer_id,employee_id) VALUES ('2022-08-11',794,'CUST5','E0009');
INSERT INTO orders(order_date,Order_id,Customer_id,employee_id) VALUES ('2022-09-27',795,'CUST21','E0003');
INSERT INTO orders(order_date,Order_id,Customer_id,employee_id) VALUES ('2022-03-31',796,'CUST50','E0010');
INSERT INTO orders(order_date,Order_id,Customer_id,employee_id) VALUES ('2022-10-29',797,'CUST73','E0012');
INSERT INTO orders(order_date,Order_id,Customer_id,employee_id) VALUES ('2022-06-30',798,'CUST67','E0008');
INSERT INTO orders(order_date,Order_id,Customer_id,employee_id) VALUES ('2022-10-21',799,'CUST39','E0009');
INSERT INTO orders(order_date,Order_id,Customer_id,employee_id) VALUES ('2022-09-13',800,'CUST50','E002');
INSERT INTO orders(order_date,Order_id,Customer_id,employee_id) VALUES ('2022-10-27',801,'CUST53','E0010');
INSERT INTO orders(order_date,Order_id,Customer_id,employee_id) VALUES ('2022-03-21',802,'CUST69','E0010');
INSERT INTO orders(order_date,Order_id,Customer_id,employee_id) VALUES ('2022-11-10',803,'CUST51','E0009');
INSERT INTO orders(order_date,Order_id,Customer_id,employee_id) VALUES ('2022-06-03',804,'CUST64','E0010');
INSERT INTO orders(order_date,Order_id,Customer_id,employee_id) VALUES ('2022-11-15',805,'CUST60','E0001');
INSERT INTO orders(order_date,Order_id,Customer_id,employee_id) VALUES ('2022-10-01',806,'CUST88','E0010');
INSERT INTO orders(order_date,Order_id,Customer_id,employee_id) VALUES ('2022-08-09',807,'CUST90','E0007');
INSERT INTO orders(order_date,Order_id,Customer_id,employee_id) VALUES ('2022-10-29',808,'CUST44','E0008');
INSERT INTO orders(order_date,Order_id,Customer_id,employee_id) VALUES ('2022-12-15',809,'CUST66','E0011');
INSERT INTO orders(order_date,Order_id,Customer_id,employee_id) VALUES ('2022-03-19',810,'CUST96','E0005');
INSERT INTO orders(order_date,Order_id,Customer_id,employee_id) VALUES ('2022-05-27',811,'CUST4','E0003');
INSERT INTO orders(order_date,Order_id,Customer_id,employee_id) VALUES ('2022-03-30',812,'CUST36','E0008');
INSERT INTO orders(order_date,Order_id,Customer_id,employee_id) VALUES ('2022-07-19',813,'CUST6','E0003');
INSERT INTO orders(order_date,Order_id,Customer_id,employee_id) VALUES ('2022-01-16',814,'CUST64','E0007');
INSERT INTO orders(order_date,Order_id,Customer_id,employee_id) VALUES ('2022-11-13',815,'CUST8','E0012');
INSERT INTO orders(order_date,Order_id,Customer_id,employee_id) VALUES ('2022-03-27',816,'CUST73','E0003');
INSERT INTO orders(order_date,Order_id,Customer_id,employee_id) VALUES ('2022-07-07',817,'CUST84','E0003');
INSERT INTO orders(order_date,Order_id,Customer_id,employee_id) VALUES ('2022-05-14',818,'CUST15','E0009');
INSERT INTO orders(order_date,Order_id,Customer_id,employee_id) VALUES ('2022-07-21',819,'CUST72','E0005');
INSERT INTO orders(order_date,Order_id,Customer_id,employee_id) VALUES ('2022-07-30',820,'CUST30','E0003');
INSERT INTO orders(order_date,Order_id,Customer_id,employee_id) VALUES ('2022-05-03',821,'CUST60','E0001');
INSERT INTO orders(order_date,Order_id,Customer_id,employee_id) VALUES ('2022-01-05',822,'CUST3','E0012');
INSERT INTO orders(order_date,Order_id,Customer_id,employee_id) VALUES ('2022-08-30',823,'CUST26','E002');
INSERT INTO orders(order_date,Order_id,Customer_id,employee_id) VALUES ('2022-08-11',824,'CUST66','E0003');
INSERT INTO orders(order_date,Order_id,Customer_id,employee_id) VALUES ('2022-02-12',825,'CUST44','E0010');
INSERT INTO orders(order_date,Order_id,Customer_id,employee_id) VALUES ('2022-05-07',826,'CUST5','E0010');
INSERT INTO orders(order_date,Order_id,Customer_id,employee_id) VALUES ('2022-05-25',827,'CUST67','E0007');
INSERT INTO orders(order_date,Order_id,Customer_id,employee_id) VALUES ('2022-08-03',828,'CUST53','E0003');
INSERT INTO orders(order_date,Order_id,Customer_id,employee_id) VALUES ('2022-03-06',829,'CUST63','E0010');
INSERT INTO orders(order_date,Order_id,Customer_id,employee_id) VALUES ('2022-10-28',830,'CUST56','E0007');
INSERT INTO orders(order_date,Order_id,Customer_id,employee_id) VALUES ('2022-12-27',831,'CUST44','E0011');
INSERT INTO orders(order_date,Order_id,Customer_id,employee_id) VALUES ('2022-03-08',832,'CUST74','E0007');
INSERT INTO orders(order_date,Order_id,Customer_id,employee_id) VALUES ('2022-11-20',833,'CUST64','E002');
INSERT INTO orders(order_date,Order_id,Customer_id,employee_id) VALUES ('2022-11-20',834,'CUST66','E0009');
INSERT INTO orders(order_date,Order_id,Customer_id,employee_id) VALUES ('2022-02-16',835,'CUST15','E0003');
INSERT INTO orders(order_date,Order_id,Customer_id,employee_id) VALUES ('2022-09-05',836,'CUST34','E0010');
INSERT INTO orders(order_date,Order_id,Customer_id,employee_id) VALUES ('2022-08-22',837,'CUST54','E0010');
INSERT INTO orders(order_date,Order_id,Customer_id,employee_id) VALUES ('2022-01-25',838,'CUST71','E0003');
INSERT INTO orders(order_date,Order_id,Customer_id,employee_id) VALUES ('2022-06-07',839,'CUST31','E0008');
INSERT INTO orders(order_date,Order_id,Customer_id,employee_id) VALUES ('2022-08-22',840,'CUST86','E0006');
INSERT INTO orders(order_date,Order_id,Customer_id,employee_id) VALUES ('2022-05-01',841,'CUST86','E0007');
INSERT INTO orders(order_date,Order_id,Customer_id,employee_id) VALUES ('2022-12-14',842,'CUST87','E002');
INSERT INTO orders(order_date,Order_id,Customer_id,employee_id) VALUES ('2022-03-07',843,'CUST30','E0001');
INSERT INTO orders(order_date,Order_id,Customer_id,employee_id) VALUES ('2022-01-13',844,'CUST27','E0012');
INSERT INTO orders(order_date,Order_id,Customer_id,employee_id) VALUES ('2022-07-26',845,'CUST66','E0004');
INSERT INTO orders(order_date,Order_id,Customer_id,employee_id) VALUES ('2022-11-07',846,'CUST12','E0008');
INSERT INTO orders(order_date,Order_id,Customer_id,employee_id) VALUES ('2022-07-12',847,'CUST50','E002');
INSERT INTO orders(order_date,Order_id,Customer_id,employee_id) VALUES ('2022-12-14',848,'CUST13','E0008');
INSERT INTO orders(order_date,Order_id,Customer_id,employee_id) VALUES ('2022-04-09',849,'CUST44','E0008');
INSERT INTO orders(order_date,Order_id,Customer_id,employee_id) VALUES ('2022-03-04',850,'CUST42','E0004');
INSERT INTO orders(order_date,Order_id,Customer_id,employee_id) VALUES ('2022-07-30',851,'CUST80','E0012');
INSERT INTO orders(order_date,Order_id,Customer_id,employee_id) VALUES ('2022-03-24',852,'CUST49','E0009');
INSERT INTO orders(order_date,Order_id,Customer_id,employee_id) VALUES ('2022-03-30',853,'CUST42','E0003');
INSERT INTO orders(order_date,Order_id,Customer_id,employee_id) VALUES ('2022-08-18',854,'CUST51','E0011');
INSERT INTO orders(order_date,Order_id,Customer_id,employee_id) VALUES ('2022-08-26',855,'CUST9','E002');
INSERT INTO orders(order_date,Order_id,Customer_id,employee_id) VALUES ('2022-01-27',856,'CUST96','E0006');
INSERT INTO orders(order_date,Order_id,Customer_id,employee_id) VALUES ('2022-12-15',857,'CUST100','E0004');
INSERT INTO orders(order_date,Order_id,Customer_id,employee_id) VALUES ('2022-10-13',858,'CUST57','E002');
INSERT INTO orders(order_date,Order_id,Customer_id,employee_id) VALUES ('2022-04-06',859,'CUST57','E0011');
INSERT INTO orders(order_date,Order_id,Customer_id,employee_id) VALUES ('2022-08-24',860,'CUST48','E0003');
INSERT INTO orders(order_date,Order_id,Customer_id,employee_id) VALUES ('2022-03-25',861,'CUST39','E002');
INSERT INTO orders(order_date,Order_id,Customer_id,employee_id) VALUES ('2022-02-22',862,'CUST91','E0008');
INSERT INTO orders(order_date,Order_id,Customer_id,employee_id) VALUES ('2022-08-26',863,'CUST73','E0001');
INSERT INTO orders(order_date,Order_id,Customer_id,employee_id) VALUES ('2022-07-17',864,'CUST23','E0008');
INSERT INTO orders(order_date,Order_id,Customer_id,employee_id) VALUES ('2022-12-12',865,'CUST3','E0009');
INSERT INTO orders(order_date,Order_id,Customer_id,employee_id) VALUES ('2022-03-19',866,'CUST53','E0008');
INSERT INTO orders(order_date,Order_id,Customer_id,employee_id) VALUES ('2022-07-06',867,'CUST20','E0003');
INSERT INTO orders(order_date,Order_id,Customer_id,employee_id) VALUES ('2022-11-02',868,'CUST11','E0008');
INSERT INTO orders(order_date,Order_id,Customer_id,employee_id) VALUES ('2022-02-02',869,'CUST18','E0007');
INSERT INTO orders(order_date,Order_id,Customer_id,employee_id) VALUES ('2022-05-02',870,'CUST70','E0003');
INSERT INTO orders(order_date,Order_id,Customer_id,employee_id) VALUES ('2022-01-15',871,'CUST91','E0010');
INSERT INTO orders(order_date,Order_id,Customer_id,employee_id) VALUES ('2022-01-24',872,'CUST29','E0009');
INSERT INTO orders(order_date,Order_id,Customer_id,employee_id) VALUES ('2022-03-04',873,'CUST44','E0010');
INSERT INTO orders(order_date,Order_id,Customer_id,employee_id) VALUES ('2022-11-21',874,'CUST55','E002');
INSERT INTO orders(order_date,Order_id,Customer_id,employee_id) VALUES ('2022-03-23',875,'CUST100','E0003');
INSERT INTO orders(order_date,Order_id,Customer_id,employee_id) VALUES ('2022-01-13',876,'CUST88','E0006');
INSERT INTO orders(order_date,Order_id,Customer_id,employee_id) VALUES ('2022-12-15',877,'CUST37','E002');
INSERT INTO orders(order_date,Order_id,Customer_id,employee_id) VALUES ('2022-05-29',878,'CUST35','E0009');
INSERT INTO orders(order_date,Order_id,Customer_id,employee_id) VALUES ('2022-12-06',879,'CUST35','E0003');
INSERT INTO orders(order_date,Order_id,Customer_id,employee_id) VALUES ('2022-09-24',880,'CUST28','E0010');
INSERT INTO orders(order_date,Order_id,Customer_id,employee_id) VALUES ('2022-08-02',881,'CUST95','E0008');
INSERT INTO orders(order_date,Order_id,Customer_id,employee_id) VALUES ('2022-08-10',882,'CUST45','E0001');
INSERT INTO orders(order_date,Order_id,Customer_id,employee_id) VALUES ('2022-06-16',883,'CUST9','E0012');
INSERT INTO orders(order_date,Order_id,Customer_id,employee_id) VALUES ('2022-02-26',884,'CUST41','E0006');
INSERT INTO orders(order_date,Order_id,Customer_id,employee_id) VALUES ('2022-05-22',885,'CUST75','E0010');
INSERT INTO orders(order_date,Order_id,Customer_id,employee_id) VALUES ('2022-07-21',886,'CUST81','E0001');
INSERT INTO orders(order_date,Order_id,Customer_id,employee_id) VALUES ('2022-11-10',887,'CUST42','E0007');
INSERT INTO orders(order_date,Order_id,Customer_id,employee_id) VALUES ('2022-07-24',888,'CUST86','E0007');
INSERT INTO orders(order_date,Order_id,Customer_id,employee_id) VALUES ('2022-04-28',889,'CUST55','E002');
INSERT INTO orders(order_date,Order_id,Customer_id,employee_id) VALUES ('2022-08-21',890,'CUST21','E0001');
INSERT INTO orders(order_date,Order_id,Customer_id,employee_id) VALUES ('2022-04-08',891,'CUST92','E0008');
INSERT INTO orders(order_date,Order_id,Customer_id,employee_id) VALUES ('2022-12-27',892,'CUST75','E0007');
INSERT INTO orders(order_date,Order_id,Customer_id,employee_id) VALUES ('2022-09-09',893,'CUST32','E0003');
INSERT INTO orders(order_date,Order_id,Customer_id,employee_id) VALUES ('2022-06-05',894,'CUST23','E0011');
INSERT INTO orders(order_date,Order_id,Customer_id,employee_id) VALUES ('2022-11-01',895,'CUST54','E0003');
INSERT INTO orders(order_date,Order_id,Customer_id,employee_id) VALUES ('2022-03-18',896,'CUST74','E0003');
INSERT INTO orders(order_date,Order_id,Customer_id,employee_id) VALUES ('2022-12-26',897,'CUST87','E0004');
INSERT INTO orders(order_date,Order_id,Customer_id,employee_id) VALUES ('2022-01-03',898,'CUST65','E0012');
INSERT INTO orders(order_date,Order_id,Customer_id,employee_id) VALUES ('2022-08-21',899,'CUST62','E0011');
INSERT INTO orders(order_date,Order_id,Customer_id,employee_id) VALUES ('2022-02-11',900,'CUST91','E0006');
INSERT INTO orders(order_date,Order_id,Customer_id,employee_id) VALUES ('2022-04-27',901,'CUST101','E002');
INSERT INTO orders(order_date,Order_id,Customer_id,employee_id) VALUES ('2022-12-27',902,'CUST34','E0012');
INSERT INTO orders(order_date,Order_id,Customer_id,employee_id) VALUES ('2022-11-15',903,'CUST7','E002');
INSERT INTO orders(order_date,Order_id,Customer_id,employee_id) VALUES ('2022-01-12',904,'CUST45','E0010');
INSERT INTO orders(order_date,Order_id,Customer_id,employee_id) VALUES ('2022-06-04',905,'CUST63','E0011');
INSERT INTO orders(order_date,Order_id,Customer_id,employee_id) VALUES ('2022-10-27',906,'CUST61','E002');
INSERT INTO orders(order_date,Order_id,Customer_id,employee_id) VALUES ('2022-12-13',907,'CUST84','E0001');
INSERT INTO orders(order_date,Order_id,Customer_id,employee_id) VALUES ('2022-10-09',908,'CUST84','E0007');
INSERT INTO orders(order_date,Order_id,Customer_id,employee_id) VALUES ('2022-12-03',909,'CUST59','E0007');
INSERT INTO orders(order_date,Order_id,Customer_id,employee_id) VALUES ('2022-04-07',910,'CUST61','E0011');
INSERT INTO orders(order_date,Order_id,Customer_id,employee_id) VALUES ('2022-04-27',911,'CUST18','E0006');
INSERT INTO orders(order_date,Order_id,Customer_id,employee_id) VALUES ('2022-03-09',912,'CUST56','E0001');
INSERT INTO orders(order_date,Order_id,Customer_id,employee_id) VALUES ('2022-11-22',913,'CUST49','E0003');
INSERT INTO orders(order_date,Order_id,Customer_id,employee_id) VALUES ('2022-07-05',914,'CUST48','E0005');
INSERT INTO orders(order_date,Order_id,Customer_id,employee_id) VALUES ('2022-02-07',915,'CUST62','E0012');
INSERT INTO orders(order_date,Order_id,Customer_id,employee_id) VALUES ('2022-05-01',916,'CUST52','E0006');
INSERT INTO orders(order_date,Order_id,Customer_id,employee_id) VALUES ('2022-06-16',917,'CUST92','E0012');
INSERT INTO orders(order_date,Order_id,Customer_id,employee_id) VALUES ('2022-12-15',918,'CUST55','E0007');
INSERT INTO orders(order_date,Order_id,Customer_id,employee_id) VALUES ('2022-04-09',919,'CUST44','E0004');
INSERT INTO orders(order_date,Order_id,Customer_id,employee_id) VALUES ('2022-07-03',920,'CUST96','E0004');
INSERT INTO orders(order_date,Order_id,Customer_id,employee_id) VALUES ('2022-11-17',921,'CUST31','E0007');
INSERT INTO orders(order_date,Order_id,Customer_id,employee_id) VALUES ('2022-06-10',922,'CUST55','E0009');
INSERT INTO orders(order_date,Order_id,Customer_id,employee_id) VALUES ('2022-12-23',923,'CUST59','E0006');
INSERT INTO orders(order_date,Order_id,Customer_id,employee_id) VALUES ('2022-02-19',924,'CUST59','E0011');
INSERT INTO orders(order_date,Order_id,Customer_id,employee_id) VALUES ('2022-07-25',925,'CUST69','E0012');
INSERT INTO orders(order_date,Order_id,Customer_id,employee_id) VALUES ('2022-11-22',926,'CUST6','E0011');
INSERT INTO orders(order_date,Order_id,Customer_id,employee_id) VALUES ('2022-06-12',927,'CUST27','E0011');
INSERT INTO orders(order_date,Order_id,Customer_id,employee_id) VALUES ('2022-08-18',928,'CUST80','E0010');
INSERT INTO orders(order_date,Order_id,Customer_id,employee_id) VALUES ('2022-12-29',929,'CUST93','E0012');
INSERT INTO orders(order_date,Order_id,Customer_id,employee_id) VALUES ('2022-07-29',930,'CUST38','E0001');
INSERT INTO orders(order_date,Order_id,Customer_id,employee_id) VALUES ('2022-09-23',931,'CUST68','E0011');
INSERT INTO orders(order_date,Order_id,Customer_id,employee_id) VALUES ('2022-09-14',932,'CUST29','E0010');
INSERT INTO orders(order_date,Order_id,Customer_id,employee_id) VALUES ('2022-02-01',933,'CUST27','E0009');
INSERT INTO orders(order_date,Order_id,Customer_id,employee_id) VALUES ('2022-12-28',934,'CUST85','E0012');
INSERT INTO orders(order_date,Order_id,Customer_id,employee_id) VALUES ('2022-08-19',935,'CUST44','E0006');
INSERT INTO orders(order_date,Order_id,Customer_id,employee_id) VALUES ('2022-04-07',936,'CUST64','E0003');
INSERT INTO orders(order_date,Order_id,Customer_id,employee_id) VALUES ('2022-10-13',937,'CUST9','E0005');
INSERT INTO orders(order_date,Order_id,Customer_id,employee_id) VALUES ('2022-03-03',938,'CUST82','E0003');
INSERT INTO orders(order_date,Order_id,Customer_id,employee_id) VALUES ('2022-10-11',939,'CUST4','E0010');
INSERT INTO orders(order_date,Order_id,Customer_id,employee_id) VALUES ('2022-02-17',940,'CUST93','E0010');
INSERT INTO orders(order_date,Order_id,Customer_id,employee_id) VALUES ('2022-08-08',941,'CUST11','E002');
INSERT INTO orders(order_date,Order_id,Customer_id,employee_id) VALUES ('2022-06-01',942,'CUST10','E0006');
INSERT INTO orders(order_date,Order_id,Customer_id,employee_id) VALUES ('2022-11-18',943,'CUST10','E0007');
INSERT INTO orders(order_date,Order_id,Customer_id,employee_id) VALUES ('2022-07-25',944,'CUST13','E0011');
INSERT INTO orders(order_date,Order_id,Customer_id,employee_id) VALUES ('2022-02-21',945,'CUST37','E0001');
INSERT INTO orders(order_date,Order_id,Customer_id,employee_id) VALUES ('2022-07-01',946,'CUST59','E0007');
INSERT INTO orders(order_date,Order_id,Customer_id,employee_id) VALUES ('2022-06-03',947,'CUST35','E0008');
INSERT INTO orders(order_date,Order_id,Customer_id,employee_id) VALUES ('2022-10-09',948,'CUST48','E0008');
INSERT INTO orders(order_date,Order_id,Customer_id,employee_id) VALUES ('2022-01-29',949,'CUST51','E0005');
INSERT INTO orders(order_date,Order_id,Customer_id,employee_id) VALUES ('2022-09-27',950,'CUST93','E0009');
INSERT INTO orders(order_date,Order_id,Customer_id,employee_id) VALUES ('2022-03-30',951,'CUST69','E0011');
INSERT INTO orders(order_date,Order_id,Customer_id,employee_id) VALUES ('2022-08-01',952,'CUST100','E0012');
INSERT INTO orders(order_date,Order_id,Customer_id,employee_id) VALUES ('2022-07-20',953,'CUST22','E0008');
INSERT INTO orders(order_date,Order_id,Customer_id,employee_id) VALUES ('2022-08-20',954,'CUST93','E0006');
INSERT INTO orders(order_date,Order_id,Customer_id,employee_id) VALUES ('2022-04-06',955,'CUST70','E0011');
INSERT INTO orders(order_date,Order_id,Customer_id,employee_id) VALUES ('2022-09-19',956,'CUST92','E0003');
INSERT INTO orders(order_date,Order_id,Customer_id,employee_id) VALUES ('2022-06-25',957,'CUST39','E0006');
INSERT INTO orders(order_date,Order_id,Customer_id,employee_id) VALUES ('2022-12-05',958,'CUST78','E0009');
INSERT INTO orders(order_date,Order_id,Customer_id,employee_id) VALUES ('2022-10-11',959,'CUST87','E0012');
INSERT INTO orders(order_date,Order_id,Customer_id,employee_id) VALUES ('2022-01-17',960,'CUST21','E0008');
INSERT INTO orders(order_date,Order_id,Customer_id,employee_id) VALUES ('2022-11-23',961,'CUST22','E002');
INSERT INTO orders(order_date,Order_id,Customer_id,employee_id) VALUES ('2022-03-12',962,'CUST73','E002');
INSERT INTO orders(order_date,Order_id,Customer_id,employee_id) VALUES ('2022-10-07',963,'CUST49','E0005');
INSERT INTO orders(order_date,Order_id,Customer_id,employee_id) VALUES ('2022-06-01',964,'CUST95','E0003');
INSERT INTO orders(order_date,Order_id,Customer_id,employee_id) VALUES ('2022-11-05',965,'CUST76','E0006');
INSERT INTO orders(order_date,Order_id,Customer_id,employee_id) VALUES ('2022-02-04',966,'CUST29','E0005');
INSERT INTO orders(order_date,Order_id,Customer_id,employee_id) VALUES ('2022-04-09',967,'CUST61','E0011');
INSERT INTO orders(order_date,Order_id,Customer_id,employee_id) VALUES ('2022-01-22',968,'CUST11','E0001');
INSERT INTO orders(order_date,Order_id,Customer_id,employee_id) VALUES ('2022-08-11',969,'CUST43','E0004');
INSERT INTO orders(order_date,Order_id,Customer_id,employee_id) VALUES ('2022-01-29',970,'CUST101','E0011');
INSERT INTO orders(order_date,Order_id,Customer_id,employee_id) VALUES ('2022-06-25',971,'CUST76','E0003');
INSERT INTO orders(order_date,Order_id,Customer_id,employee_id) VALUES ('2022-11-20',972,'CUST92','E0004');
INSERT INTO orders(order_date,Order_id,Customer_id,employee_id) VALUES ('2022-08-26',973,'CUST29','E002');
INSERT INTO orders(order_date,Order_id,Customer_id,employee_id) VALUES ('2022-01-06',974,'CUST76','E0008');
INSERT INTO orders(order_date,Order_id,Customer_id,employee_id) VALUES ('2022-01-03',975,'CUST81','E0007');
INSERT INTO orders(order_date,Order_id,Customer_id,employee_id) VALUES ('2022-08-23',976,'CUST81','E0008');
INSERT INTO orders(order_date,Order_id,Customer_id,employee_id) VALUES ('2022-04-13',977,'CUST96','E0009');
INSERT INTO orders(order_date,Order_id,Customer_id,employee_id) VALUES ('2022-07-24',978,'CUST57','E0007');
INSERT INTO orders(order_date,Order_id,Customer_id,employee_id) VALUES ('2022-05-23',979,'CUST93','E0007');
INSERT INTO orders(order_date,Order_id,Customer_id,employee_id) VALUES ('2022-06-01',980,'CUST22','E002');
INSERT INTO orders(order_date,Order_id,Customer_id,employee_id) VALUES ('2022-02-27',981,'CUST67','E0011');
INSERT INTO orders(order_date,Order_id,Customer_id,employee_id) VALUES ('2022-12-06',982,'CUST35','E0004');
INSERT INTO orders(order_date,Order_id,Customer_id,employee_id) VALUES ('2022-04-08',983,'CUST78','E0004');
INSERT INTO orders(order_date,Order_id,Customer_id,employee_id) VALUES ('2022-10-31',984,'CUST4','E0001');
INSERT INTO orders(order_date,Order_id,Customer_id,employee_id) VALUES ('2022-04-29',985,'CUST97','E0011');
INSERT INTO orders(order_date,Order_id,Customer_id,employee_id) VALUES ('2022-03-23',986,'CUST63','E0003');
INSERT INTO orders(order_date,Order_id,Customer_id,employee_id) VALUES ('2022-03-09',987,'CUST55','E0009');
INSERT INTO orders(order_date,Order_id,Customer_id,employee_id) VALUES ('2022-05-12',988,'CUST60','E0011');
INSERT INTO orders(order_date,Order_id,Customer_id,employee_id) VALUES ('2022-12-12',989,'CUST91','E0006');
INSERT INTO orders(order_date,Order_id,Customer_id,employee_id) VALUES ('2022-11-15',990,'CUST66','E0012');
INSERT INTO orders(order_date,Order_id,Customer_id,employee_id) VALUES ('2022-07-02',991,'CUST61','E0006');
INSERT INTO orders(order_date,Order_id,Customer_id,employee_id) VALUES ('2022-05-25',992,'CUST21','E0011');
INSERT INTO orders(order_date,Order_id,Customer_id,employee_id) VALUES ('2022-03-08',993,'CUST33','E0001');
INSERT INTO orders(order_date,Order_id,Customer_id,employee_id) VALUES ('2022-12-19',994,'CUST38','E002');
INSERT INTO orders(order_date,Order_id,Customer_id,employee_id) VALUES ('2022-09-01',995,'CUST88','E0011');
INSERT INTO orders(order_date,Order_id,Customer_id,employee_id) VALUES ('2022-08-16',996,'CUST69','E0006');
INSERT INTO orders(order_date,Order_id,Customer_id,employee_id) VALUES ('2022-04-08',997,'CUST25','E0007');
INSERT INTO orders(order_date,Order_id,Customer_id,employee_id) VALUES ('2022-11-07',998,'CUST93','E0001');
INSERT INTO orders(order_date,Order_id,Customer_id,employee_id) VALUES ('2022-05-17',999,'CUST25','E0008');

#populating orders_details table
INSERT INTO orders_details(Order_detail_id,Order_id,item_id,quantity) VALUES ('DET0',177,'ITEM071',9);
INSERT INTO orders_details(Order_detail_id,Order_id,item_id,quantity) VALUES ('DET1',797,'ITEM099',9);
INSERT INTO orders_details(Order_detail_id,Order_id,item_id,quantity) VALUES ('DET2',949,'ITEM005',7);
INSERT INTO orders_details(Order_detail_id,Order_id,item_id,quantity) VALUES ('DET3',814,'ITEM056',1);
INSERT INTO orders_details(Order_detail_id,Order_id,item_id,quantity) VALUES ('DET4',502,'ITEM005',7);
INSERT INTO orders_details(Order_detail_id,Order_id,item_id,quantity) VALUES ('DET5',303,'ITEM097',9);
INSERT INTO orders_details(Order_detail_id,Order_id,item_id,quantity) VALUES ('DET6',606,'ITEM058',4);
INSERT INTO orders_details(Order_detail_id,Order_id,item_id,quantity) VALUES ('DET7',931,'ITEM001',2);
INSERT INTO orders_details(Order_detail_id,Order_id,item_id,quantity) VALUES ('DET8',164,'ITEM074',3);
INSERT INTO orders_details(Order_detail_id,Order_id,item_id,quantity) VALUES ('DET9',966,'ITEM004',5);
INSERT INTO orders_details(Order_detail_id,Order_id,item_id,quantity) VALUES ('DET10',5,'ITEM028',10);
INSERT INTO orders_details(Order_detail_id,Order_id,item_id,quantity) VALUES ('DET11',831,'ITEM020',8);
INSERT INTO orders_details(Order_detail_id,Order_id,item_id,quantity) VALUES ('DET12',36,'ITEM008',1);
INSERT INTO orders_details(Order_detail_id,Order_id,item_id,quantity) VALUES ('DET13',450,'ITEM012',6);
INSERT INTO orders_details(Order_detail_id,Order_id,item_id,quantity) VALUES ('DET14',173,'ITEM098',3);
INSERT INTO orders_details(Order_detail_id,Order_id,item_id,quantity) VALUES ('DET15',176,'ITEM064',5);
INSERT INTO orders_details(Order_detail_id,Order_id,item_id,quantity) VALUES ('DET16',543,'ITEM079',4);
INSERT INTO orders_details(Order_detail_id,Order_id,item_id,quantity) VALUES ('DET17',687,'ITEM030',7);
INSERT INTO orders_details(Order_detail_id,Order_id,item_id,quantity) VALUES ('DET18',581,'ITEM080',9);
INSERT INTO orders_details(Order_detail_id,Order_id,item_id,quantity) VALUES ('DET19',771,'ITEM036',8);
INSERT INTO orders_details(Order_detail_id,Order_id,item_id,quantity) VALUES ('DET20',612,'ITEM041',8);
INSERT INTO orders_details(Order_detail_id,Order_id,item_id,quantity) VALUES ('DET21',508,'ITEM006',4);
INSERT INTO orders_details(Order_detail_id,Order_id,item_id,quantity) VALUES ('DET22',214,'ITEM007',9);
INSERT INTO orders_details(Order_detail_id,Order_id,item_id,quantity) VALUES ('DET23',867,'ITEM014',2);
INSERT INTO orders_details(Order_detail_id,Order_id,item_id,quantity) VALUES ('DET24',70,'ITEM036',2);
INSERT INTO orders_details(Order_detail_id,Order_id,item_id,quantity) VALUES ('DET25',404,'ITEM002',4);
INSERT INTO orders_details(Order_detail_id,Order_id,item_id,quantity) VALUES ('DET26',426,'ITEM025',9);
INSERT INTO orders_details(Order_detail_id,Order_id,item_id,quantity) VALUES ('DET27',231,'ITEM033',2);
INSERT INTO orders_details(Order_detail_id,Order_id,item_id,quantity) VALUES ('DET28',818,'ITEM071',7);
INSERT INTO orders_details(Order_detail_id,Order_id,item_id,quantity) VALUES ('DET29',217,'ITEM057',8);
INSERT INTO orders_details(Order_detail_id,Order_id,item_id,quantity) VALUES ('DET30',24,'ITEM055',6);
INSERT INTO orders_details(Order_detail_id,Order_id,item_id,quantity) VALUES ('DET31',331,'ITEM050',4);
INSERT INTO orders_details(Order_detail_id,Order_id,item_id,quantity) VALUES ('DET32',590,'ITEM009',5);
INSERT INTO orders_details(Order_detail_id,Order_id,item_id,quantity) VALUES ('DET33',180,'ITEM053',4);
INSERT INTO orders_details(Order_detail_id,Order_id,item_id,quantity) VALUES ('DET34',805,'ITEM033',10);
INSERT INTO orders_details(Order_detail_id,Order_id,item_id,quantity) VALUES ('DET35',720,'ITEM014',7);
INSERT INTO orders_details(Order_detail_id,Order_id,item_id,quantity) VALUES ('DET36',433,'ITEM046',6);
INSERT INTO orders_details(Order_detail_id,Order_id,item_id,quantity) VALUES ('DET37',686,'ITEM017',3);
INSERT INTO orders_details(Order_detail_id,Order_id,item_id,quantity) VALUES ('DET38',422,'ITEM011',8);
INSERT INTO orders_details(Order_detail_id,Order_id,item_id,quantity) VALUES ('DET39',164,'ITEM032',9);
INSERT INTO orders_details(Order_detail_id,Order_id,item_id,quantity) VALUES ('DET40',617,'ITEM058',9);
INSERT INTO orders_details(Order_detail_id,Order_id,item_id,quantity) VALUES ('DET41',275,'ITEM027',9);
INSERT INTO orders_details(Order_detail_id,Order_id,item_id,quantity) VALUES ('DET42',926,'ITEM026',8);
INSERT INTO orders_details(Order_detail_id,Order_id,item_id,quantity) VALUES ('DET43',378,'ITEM042',1);
INSERT INTO orders_details(Order_detail_id,Order_id,item_id,quantity) VALUES ('DET44',83,'ITEM086',5);
INSERT INTO orders_details(Order_detail_id,Order_id,item_id,quantity) VALUES ('DET45',734,'ITEM048',3);
INSERT INTO orders_details(Order_detail_id,Order_id,item_id,quantity) VALUES ('DET46',514,'ITEM002',3);
INSERT INTO orders_details(Order_detail_id,Order_id,item_id,quantity) VALUES ('DET47',95,'ITEM085',1);
INSERT INTO orders_details(Order_detail_id,Order_id,item_id,quantity) VALUES ('DET48',767,'ITEM019',2);
INSERT INTO orders_details(Order_detail_id,Order_id,item_id,quantity) VALUES ('DET49',698,'ITEM024',10);
INSERT INTO orders_details(Order_detail_id,Order_id,item_id,quantity) VALUES ('DET50',857,'ITEM057',2);
INSERT INTO orders_details(Order_detail_id,Order_id,item_id,quantity) VALUES ('DET51',643,'ITEM026',6);
INSERT INTO orders_details(Order_detail_id,Order_id,item_id,quantity) VALUES ('DET52',731,'ITEM082',1);
INSERT INTO orders_details(Order_detail_id,Order_id,item_id,quantity) VALUES ('DET53',831,'ITEM020',2);
INSERT INTO orders_details(Order_detail_id,Order_id,item_id,quantity) VALUES ('DET54',395,'ITEM040',7);
INSERT INTO orders_details(Order_detail_id,Order_id,item_id,quantity) VALUES ('DET55',396,'ITEM032',6);
INSERT INTO orders_details(Order_detail_id,Order_id,item_id,quantity) VALUES ('DET56',412,'ITEM017',8);
INSERT INTO orders_details(Order_detail_id,Order_id,item_id,quantity) VALUES ('DET57',291,'ITEM029',3);
INSERT INTO orders_details(Order_detail_id,Order_id,item_id,quantity) VALUES ('DET58',670,'ITEM039',10);
INSERT INTO orders_details(Order_detail_id,Order_id,item_id,quantity) VALUES ('DET59',845,'ITEM029',4);
INSERT INTO orders_details(Order_detail_id,Order_id,item_id,quantity) VALUES ('DET60',817,'ITEM059',5);
INSERT INTO orders_details(Order_detail_id,Order_id,item_id,quantity) VALUES ('DET61',775,'ITEM049',6);
INSERT INTO orders_details(Order_detail_id,Order_id,item_id,quantity) VALUES ('DET62',215,'ITEM020',9);
INSERT INTO orders_details(Order_detail_id,Order_id,item_id,quantity) VALUES ('DET63',976,'ITEM006',7);
INSERT INTO orders_details(Order_detail_id,Order_id,item_id,quantity) VALUES ('DET64',438,'ITEM078',6);
INSERT INTO orders_details(Order_detail_id,Order_id,item_id,quantity) VALUES ('DET65',944,'ITEM041',1);
INSERT INTO orders_details(Order_detail_id,Order_id,item_id,quantity) VALUES ('DET66',973,'ITEM057',5);
INSERT INTO orders_details(Order_detail_id,Order_id,item_id,quantity) VALUES ('DET67',580,'ITEM084',9);
INSERT INTO orders_details(Order_detail_id,Order_id,item_id,quantity) VALUES ('DET68',296,'ITEM061',8);
INSERT INTO orders_details(Order_detail_id,Order_id,item_id,quantity) VALUES ('DET69',926,'ITEM024',6);
INSERT INTO orders_details(Order_detail_id,Order_id,item_id,quantity) VALUES ('DET70',950,'ITEM036',2);
INSERT INTO orders_details(Order_detail_id,Order_id,item_id,quantity) VALUES ('DET71',187,'ITEM002',8);
INSERT INTO orders_details(Order_detail_id,Order_id,item_id,quantity) VALUES ('DET72',383,'ITEM046',8);
INSERT INTO orders_details(Order_detail_id,Order_id,item_id,quantity) VALUES ('DET73',683,'ITEM072',7);
INSERT INTO orders_details(Order_detail_id,Order_id,item_id,quantity) VALUES ('DET74',532,'ITEM085',3);
INSERT INTO orders_details(Order_detail_id,Order_id,item_id,quantity) VALUES ('DET75',369,'ITEM074',5);
INSERT INTO orders_details(Order_detail_id,Order_id,item_id,quantity) VALUES ('DET76',198,'ITEM073',10);
INSERT INTO orders_details(Order_detail_id,Order_id,item_id,quantity) VALUES ('DET77',747,'ITEM087',9);
INSERT INTO orders_details(Order_detail_id,Order_id,item_id,quantity) VALUES ('DET78',577,'ITEM018',4);
INSERT INTO orders_details(Order_detail_id,Order_id,item_id,quantity) VALUES ('DET79',475,'ITEM088',8);
INSERT INTO orders_details(Order_detail_id,Order_id,item_id,quantity) VALUES ('DET80',157,'ITEM084',9);
INSERT INTO orders_details(Order_detail_id,Order_id,item_id,quantity) VALUES ('DET81',336,'ITEM038',7);
INSERT INTO orders_details(Order_detail_id,Order_id,item_id,quantity) VALUES ('DET82',455,'ITEM028',5);
INSERT INTO orders_details(Order_detail_id,Order_id,item_id,quantity) VALUES ('DET83',82,'ITEM013',5);
INSERT INTO orders_details(Order_detail_id,Order_id,item_id,quantity) VALUES ('DET84',208,'ITEM032',9);
INSERT INTO orders_details(Order_detail_id,Order_id,item_id,quantity) VALUES ('DET85',912,'ITEM087',1);
INSERT INTO orders_details(Order_detail_id,Order_id,item_id,quantity) VALUES ('DET86',123,'ITEM088',7);
INSERT INTO orders_details(Order_detail_id,Order_id,item_id,quantity) VALUES ('DET87',460,'ITEM093',4);
INSERT INTO orders_details(Order_detail_id,Order_id,item_id,quantity) VALUES ('DET88',488,'ITEM069',10);
INSERT INTO orders_details(Order_detail_id,Order_id,item_id,quantity) VALUES ('DET89',730,'ITEM072',1);
INSERT INTO orders_details(Order_detail_id,Order_id,item_id,quantity) VALUES ('DET90',292,'ITEM095',7);
INSERT INTO orders_details(Order_detail_id,Order_id,item_id,quantity) VALUES ('DET91',646,'ITEM042',4);
INSERT INTO orders_details(Order_detail_id,Order_id,item_id,quantity) VALUES ('DET92',769,'ITEM020',3);
INSERT INTO orders_details(Order_detail_id,Order_id,item_id,quantity) VALUES ('DET93',995,'ITEM014',5);
INSERT INTO orders_details(Order_detail_id,Order_id,item_id,quantity) VALUES ('DET94',32,'ITEM064',3);
INSERT INTO orders_details(Order_detail_id,Order_id,item_id,quantity) VALUES ('DET95',841,'ITEM050',1);
INSERT INTO orders_details(Order_detail_id,Order_id,item_id,quantity) VALUES ('DET96',702,'ITEM051',8);
INSERT INTO orders_details(Order_detail_id,Order_id,item_id,quantity) VALUES ('DET97',992,'ITEM088',3);
INSERT INTO orders_details(Order_detail_id,Order_id,item_id,quantity) VALUES ('DET98',644,'ITEM033',10);
INSERT INTO orders_details(Order_detail_id,Order_id,item_id,quantity) VALUES ('DET99',200,'ITEM024',2);
INSERT INTO orders_details(Order_detail_id,Order_id,item_id,quantity) VALUES ('DET100',554,'ITEM049',5);
INSERT INTO orders_details(Order_detail_id,Order_id,item_id,quantity) VALUES ('DET101',805,'ITEM065',3);
INSERT INTO orders_details(Order_detail_id,Order_id,item_id,quantity) VALUES ('DET102',936,'ITEM001',6);
INSERT INTO orders_details(Order_detail_id,Order_id,item_id,quantity) VALUES ('DET103',805,'ITEM040',9);
INSERT INTO orders_details(Order_detail_id,Order_id,item_id,quantity) VALUES ('DET104',414,'ITEM009',4);
INSERT INTO orders_details(Order_detail_id,Order_id,item_id,quantity) VALUES ('DET105',388,'ITEM088',10);
INSERT INTO orders_details(Order_detail_id,Order_id,item_id,quantity) VALUES ('DET106',237,'ITEM061',9);
INSERT INTO orders_details(Order_detail_id,Order_id,item_id,quantity) VALUES ('DET107',85,'ITEM093',7);
INSERT INTO orders_details(Order_detail_id,Order_id,item_id,quantity) VALUES ('DET108',440,'ITEM005',6);
INSERT INTO orders_details(Order_detail_id,Order_id,item_id,quantity) VALUES ('DET109',515,'ITEM078',5);
INSERT INTO orders_details(Order_detail_id,Order_id,item_id,quantity) VALUES ('DET110',685,'ITEM029',6);
INSERT INTO orders_details(Order_detail_id,Order_id,item_id,quantity) VALUES ('DET111',962,'ITEM026',1);
INSERT INTO orders_details(Order_detail_id,Order_id,item_id,quantity) VALUES ('DET112',538,'ITEM006',2);
INSERT INTO orders_details(Order_detail_id,Order_id,item_id,quantity) VALUES ('DET113',460,'ITEM038',5);
INSERT INTO orders_details(Order_detail_id,Order_id,item_id,quantity) VALUES ('DET114',860,'ITEM000',5);
INSERT INTO orders_details(Order_detail_id,Order_id,item_id,quantity) VALUES ('DET115',459,'ITEM071',6);
INSERT INTO orders_details(Order_detail_id,Order_id,item_id,quantity) VALUES ('DET116',144,'ITEM096',10);
INSERT INTO orders_details(Order_detail_id,Order_id,item_id,quantity) VALUES ('DET117',512,'ITEM039',7);
INSERT INTO orders_details(Order_detail_id,Order_id,item_id,quantity) VALUES ('DET118',974,'ITEM027',1);
INSERT INTO orders_details(Order_detail_id,Order_id,item_id,quantity) VALUES ('DET119',33,'ITEM035',5);
INSERT INTO orders_details(Order_detail_id,Order_id,item_id,quantity) VALUES ('DET120',244,'ITEM065',2);
INSERT INTO orders_details(Order_detail_id,Order_id,item_id,quantity) VALUES ('DET121',951,'ITEM099',8);
INSERT INTO orders_details(Order_detail_id,Order_id,item_id,quantity) VALUES ('DET122',457,'ITEM036',1);
INSERT INTO orders_details(Order_detail_id,Order_id,item_id,quantity) VALUES ('DET123',270,'ITEM054',2);
INSERT INTO orders_details(Order_detail_id,Order_id,item_id,quantity) VALUES ('DET124',98,'ITEM075',9);
INSERT INTO orders_details(Order_detail_id,Order_id,item_id,quantity) VALUES ('DET125',219,'ITEM021',2);
INSERT INTO orders_details(Order_detail_id,Order_id,item_id,quantity) VALUES ('DET126',914,'ITEM030',7);
INSERT INTO orders_details(Order_detail_id,Order_id,item_id,quantity) VALUES ('DET127',188,'ITEM022',5);
INSERT INTO orders_details(Order_detail_id,Order_id,item_id,quantity) VALUES ('DET128',475,'ITEM040',3);
INSERT INTO orders_details(Order_detail_id,Order_id,item_id,quantity) VALUES ('DET129',429,'ITEM010',10);
INSERT INTO orders_details(Order_detail_id,Order_id,item_id,quantity) VALUES ('DET130',952,'ITEM093',4);
INSERT INTO orders_details(Order_detail_id,Order_id,item_id,quantity) VALUES ('DET131',491,'ITEM095',9);
INSERT INTO orders_details(Order_detail_id,Order_id,item_id,quantity) VALUES ('DET132',935,'ITEM019',8);
INSERT INTO orders_details(Order_detail_id,Order_id,item_id,quantity) VALUES ('DET133',715,'ITEM087',7);
INSERT INTO orders_details(Order_detail_id,Order_id,item_id,quantity) VALUES ('DET134',746,'ITEM089',10);
INSERT INTO orders_details(Order_detail_id,Order_id,item_id,quantity) VALUES ('DET135',274,'ITEM041',9);
INSERT INTO orders_details(Order_detail_id,Order_id,item_id,quantity) VALUES ('DET136',186,'ITEM053',2);
INSERT INTO orders_details(Order_detail_id,Order_id,item_id,quantity) VALUES ('DET137',219,'ITEM008',10);
INSERT INTO orders_details(Order_detail_id,Order_id,item_id,quantity) VALUES ('DET138',382,'ITEM031',8);
INSERT INTO orders_details(Order_detail_id,Order_id,item_id,quantity) VALUES ('DET139',685,'ITEM000',10);
INSERT INTO orders_details(Order_detail_id,Order_id,item_id,quantity) VALUES ('DET140',660,'ITEM057',9);
INSERT INTO orders_details(Order_detail_id,Order_id,item_id,quantity) VALUES ('DET141',423,'ITEM064',3);
INSERT INTO orders_details(Order_detail_id,Order_id,item_id,quantity) VALUES ('DET142',1,'ITEM095',8);
INSERT INTO orders_details(Order_detail_id,Order_id,item_id,quantity) VALUES ('DET143',44,'ITEM047',2);
INSERT INTO orders_details(Order_detail_id,Order_id,item_id,quantity) VALUES ('DET144',496,'ITEM020',4);
INSERT INTO orders_details(Order_detail_id,Order_id,item_id,quantity) VALUES ('DET145',169,'ITEM055',10);
INSERT INTO orders_details(Order_detail_id,Order_id,item_id,quantity) VALUES ('DET146',605,'ITEM094',5);
INSERT INTO orders_details(Order_detail_id,Order_id,item_id,quantity) VALUES ('DET147',919,'ITEM054',1);
INSERT INTO orders_details(Order_detail_id,Order_id,item_id,quantity) VALUES ('DET148',825,'ITEM086',1);
INSERT INTO orders_details(Order_detail_id,Order_id,item_id,quantity) VALUES ('DET149',516,'ITEM079',3);
INSERT INTO orders_details(Order_detail_id,Order_id,item_id,quantity) VALUES ('DET150',148,'ITEM015',1);
INSERT INTO orders_details(Order_detail_id,Order_id,item_id,quantity) VALUES ('DET151',671,'ITEM060',8);
INSERT INTO orders_details(Order_detail_id,Order_id,item_id,quantity) VALUES ('DET152',902,'ITEM064',3);
INSERT INTO orders_details(Order_detail_id,Order_id,item_id,quantity) VALUES ('DET153',2,'ITEM006',5);
INSERT INTO orders_details(Order_detail_id,Order_id,item_id,quantity) VALUES ('DET154',79,'ITEM003',3);
INSERT INTO orders_details(Order_detail_id,Order_id,item_id,quantity) VALUES ('DET155',996,'ITEM060',4);
INSERT INTO orders_details(Order_detail_id,Order_id,item_id,quantity) VALUES ('DET156',95,'ITEM035',1);
INSERT INTO orders_details(Order_detail_id,Order_id,item_id,quantity) VALUES ('DET157',529,'ITEM058',8);
INSERT INTO orders_details(Order_detail_id,Order_id,item_id,quantity) VALUES ('DET158',608,'ITEM092',9);
INSERT INTO orders_details(Order_detail_id,Order_id,item_id,quantity) VALUES ('DET159',304,'ITEM027',4);
INSERT INTO orders_details(Order_detail_id,Order_id,item_id,quantity) VALUES ('DET160',746,'ITEM018',10);
INSERT INTO orders_details(Order_detail_id,Order_id,item_id,quantity) VALUES ('DET161',146,'ITEM071',5);
INSERT INTO orders_details(Order_detail_id,Order_id,item_id,quantity) VALUES ('DET162',780,'ITEM096',6);
INSERT INTO orders_details(Order_detail_id,Order_id,item_id,quantity) VALUES ('DET163',975,'ITEM069',10);
INSERT INTO orders_details(Order_detail_id,Order_id,item_id,quantity) VALUES ('DET164',837,'ITEM060',7);
INSERT INTO orders_details(Order_detail_id,Order_id,item_id,quantity) VALUES ('DET165',772,'ITEM084',6);
INSERT INTO orders_details(Order_detail_id,Order_id,item_id,quantity) VALUES ('DET166',92,'ITEM019',10);
INSERT INTO orders_details(Order_detail_id,Order_id,item_id,quantity) VALUES ('DET167',105,'ITEM049',5);
INSERT INTO orders_details(Order_detail_id,Order_id,item_id,quantity) VALUES ('DET168',941,'ITEM097',9);
INSERT INTO orders_details(Order_detail_id,Order_id,item_id,quantity) VALUES ('DET169',846,'ITEM051',4);
INSERT INTO orders_details(Order_detail_id,Order_id,item_id,quantity) VALUES ('DET170',955,'ITEM098',9);
INSERT INTO orders_details(Order_detail_id,Order_id,item_id,quantity) VALUES ('DET171',167,'ITEM078',8);
INSERT INTO orders_details(Order_detail_id,Order_id,item_id,quantity) VALUES ('DET172',660,'ITEM008',1);
INSERT INTO orders_details(Order_detail_id,Order_id,item_id,quantity) VALUES ('DET173',741,'ITEM002',2);
INSERT INTO orders_details(Order_detail_id,Order_id,item_id,quantity) VALUES ('DET174',787,'ITEM013',10);
INSERT INTO orders_details(Order_detail_id,Order_id,item_id,quantity) VALUES ('DET175',679,'ITEM099',1);
INSERT INTO orders_details(Order_detail_id,Order_id,item_id,quantity) VALUES ('DET176',907,'ITEM063',6);
INSERT INTO orders_details(Order_detail_id,Order_id,item_id,quantity) VALUES ('DET177',176,'ITEM053',4);
INSERT INTO orders_details(Order_detail_id,Order_id,item_id,quantity) VALUES ('DET178',338,'ITEM044',4);
INSERT INTO orders_details(Order_detail_id,Order_id,item_id,quantity) VALUES ('DET179',198,'ITEM014',4);
INSERT INTO orders_details(Order_detail_id,Order_id,item_id,quantity) VALUES ('DET180',202,'ITEM022',1);
INSERT INTO orders_details(Order_detail_id,Order_id,item_id,quantity) VALUES ('DET181',302,'ITEM025',9);
INSERT INTO orders_details(Order_detail_id,Order_id,item_id,quantity) VALUES ('DET182',491,'ITEM054',6);
INSERT INTO orders_details(Order_detail_id,Order_id,item_id,quantity) VALUES ('DET183',633,'ITEM044',9);
INSERT INTO orders_details(Order_detail_id,Order_id,item_id,quantity) VALUES ('DET184',894,'ITEM057',1);
INSERT INTO orders_details(Order_detail_id,Order_id,item_id,quantity) VALUES ('DET185',949,'ITEM041',9);
INSERT INTO orders_details(Order_detail_id,Order_id,item_id,quantity) VALUES ('DET186',105,'ITEM014',5);
INSERT INTO orders_details(Order_detail_id,Order_id,item_id,quantity) VALUES ('DET187',496,'ITEM049',2);
INSERT INTO orders_details(Order_detail_id,Order_id,item_id,quantity) VALUES ('DET188',947,'ITEM033',1);
INSERT INTO orders_details(Order_detail_id,Order_id,item_id,quantity) VALUES ('DET189',851,'ITEM009',8);
INSERT INTO orders_details(Order_detail_id,Order_id,item_id,quantity) VALUES ('DET190',481,'ITEM008',7);
INSERT INTO orders_details(Order_detail_id,Order_id,item_id,quantity) VALUES ('DET191',522,'ITEM047',10);
INSERT INTO orders_details(Order_detail_id,Order_id,item_id,quantity) VALUES ('DET192',734,'ITEM063',8);
INSERT INTO orders_details(Order_detail_id,Order_id,item_id,quantity) VALUES ('DET193',296,'ITEM084',3);
INSERT INTO orders_details(Order_detail_id,Order_id,item_id,quantity) VALUES ('DET194',926,'ITEM013',5);
INSERT INTO orders_details(Order_detail_id,Order_id,item_id,quantity) VALUES ('DET195',6,'ITEM035',8);
INSERT INTO orders_details(Order_detail_id,Order_id,item_id,quantity) VALUES ('DET196',983,'ITEM055',3);
INSERT INTO orders_details(Order_detail_id,Order_id,item_id,quantity) VALUES ('DET197',787,'ITEM034',7);
INSERT INTO orders_details(Order_detail_id,Order_id,item_id,quantity) VALUES ('DET198',709,'ITEM022',10);
INSERT INTO orders_details(Order_detail_id,Order_id,item_id,quantity) VALUES ('DET199',799,'ITEM094',1);
INSERT INTO orders_details(Order_detail_id,Order_id,item_id,quantity) VALUES ('DET200',754,'ITEM095',3);
INSERT INTO orders_details(Order_detail_id,Order_id,item_id,quantity) VALUES ('DET201',254,'ITEM007',4);
INSERT INTO orders_details(Order_detail_id,Order_id,item_id,quantity) VALUES ('DET202',124,'ITEM053',8);
INSERT INTO orders_details(Order_detail_id,Order_id,item_id,quantity) VALUES ('DET203',405,'ITEM049',10);
INSERT INTO orders_details(Order_detail_id,Order_id,item_id,quantity) VALUES ('DET204',361,'ITEM099',2);
INSERT INTO orders_details(Order_detail_id,Order_id,item_id,quantity) VALUES ('DET205',485,'ITEM061',5);
INSERT INTO orders_details(Order_detail_id,Order_id,item_id,quantity) VALUES ('DET206',870,'ITEM053',4);
INSERT INTO orders_details(Order_detail_id,Order_id,item_id,quantity) VALUES ('DET207',899,'ITEM035',5);
INSERT INTO orders_details(Order_detail_id,Order_id,item_id,quantity) VALUES ('DET208',643,'ITEM015',1);
INSERT INTO orders_details(Order_detail_id,Order_id,item_id,quantity) VALUES ('DET209',540,'ITEM039',5);
INSERT INTO orders_details(Order_detail_id,Order_id,item_id,quantity) VALUES ('DET210',465,'ITEM098',3);
INSERT INTO orders_details(Order_detail_id,Order_id,item_id,quantity) VALUES ('DET211',803,'ITEM011',2);
INSERT INTO orders_details(Order_detail_id,Order_id,item_id,quantity) VALUES ('DET212',673,'ITEM063',2);
INSERT INTO orders_details(Order_detail_id,Order_id,item_id,quantity) VALUES ('DET213',761,'ITEM007',9);
INSERT INTO orders_details(Order_detail_id,Order_id,item_id,quantity) VALUES ('DET214',117,'ITEM002',2);
INSERT INTO orders_details(Order_detail_id,Order_id,item_id,quantity) VALUES ('DET215',599,'ITEM010',5);
INSERT INTO orders_details(Order_detail_id,Order_id,item_id,quantity) VALUES ('DET216',594,'ITEM074',9);
INSERT INTO orders_details(Order_detail_id,Order_id,item_id,quantity) VALUES ('DET217',722,'ITEM076',10);
INSERT INTO orders_details(Order_detail_id,Order_id,item_id,quantity) VALUES ('DET218',758,'ITEM017',6);
INSERT INTO orders_details(Order_detail_id,Order_id,item_id,quantity) VALUES ('DET219',769,'ITEM011',10);
INSERT INTO orders_details(Order_detail_id,Order_id,item_id,quantity) VALUES ('DET220',403,'ITEM043',4);
INSERT INTO orders_details(Order_detail_id,Order_id,item_id,quantity) VALUES ('DET221',922,'ITEM085',4);
INSERT INTO orders_details(Order_detail_id,Order_id,item_id,quantity) VALUES ('DET222',867,'ITEM073',6);
INSERT INTO orders_details(Order_detail_id,Order_id,item_id,quantity) VALUES ('DET223',87,'ITEM099',1);
INSERT INTO orders_details(Order_detail_id,Order_id,item_id,quantity) VALUES ('DET224',705,'ITEM085',7);
INSERT INTO orders_details(Order_detail_id,Order_id,item_id,quantity) VALUES ('DET225',799,'ITEM090',1);
INSERT INTO orders_details(Order_detail_id,Order_id,item_id,quantity) VALUES ('DET226',480,'ITEM088',5);
INSERT INTO orders_details(Order_detail_id,Order_id,item_id,quantity) VALUES ('DET227',618,'ITEM013',10);
INSERT INTO orders_details(Order_detail_id,Order_id,item_id,quantity) VALUES ('DET228',711,'ITEM053',6);
INSERT INTO orders_details(Order_detail_id,Order_id,item_id,quantity) VALUES ('DET229',986,'ITEM021',9);
INSERT INTO orders_details(Order_detail_id,Order_id,item_id,quantity) VALUES ('DET230',265,'ITEM056',9);
INSERT INTO orders_details(Order_detail_id,Order_id,item_id,quantity) VALUES ('DET231',422,'ITEM050',8);
INSERT INTO orders_details(Order_detail_id,Order_id,item_id,quantity) VALUES ('DET232',582,'ITEM072',6);
INSERT INTO orders_details(Order_detail_id,Order_id,item_id,quantity) VALUES ('DET233',546,'ITEM024',10);
INSERT INTO orders_details(Order_detail_id,Order_id,item_id,quantity) VALUES ('DET234',46,'ITEM069',9);
INSERT INTO orders_details(Order_detail_id,Order_id,item_id,quantity) VALUES ('DET235',292,'ITEM015',9);
INSERT INTO orders_details(Order_detail_id,Order_id,item_id,quantity) VALUES ('DET236',939,'ITEM045',2);
INSERT INTO orders_details(Order_detail_id,Order_id,item_id,quantity) VALUES ('DET237',968,'ITEM026',9);
INSERT INTO orders_details(Order_detail_id,Order_id,item_id,quantity) VALUES ('DET238',716,'ITEM020',5);
INSERT INTO orders_details(Order_detail_id,Order_id,item_id,quantity) VALUES ('DET239',424,'ITEM063',7);
INSERT INTO orders_details(Order_detail_id,Order_id,item_id,quantity) VALUES ('DET240',134,'ITEM031',5);
INSERT INTO orders_details(Order_detail_id,Order_id,item_id,quantity) VALUES ('DET241',233,'ITEM036',5);
INSERT INTO orders_details(Order_detail_id,Order_id,item_id,quantity) VALUES ('DET242',18,'ITEM061',9);
INSERT INTO orders_details(Order_detail_id,Order_id,item_id,quantity) VALUES ('DET243',269,'ITEM011',7);
INSERT INTO orders_details(Order_detail_id,Order_id,item_id,quantity) VALUES ('DET244',55,'ITEM032',9);
INSERT INTO orders_details(Order_detail_id,Order_id,item_id,quantity) VALUES ('DET245',599,'ITEM089',5);
INSERT INTO orders_details(Order_detail_id,Order_id,item_id,quantity) VALUES ('DET246',971,'ITEM035',1);
INSERT INTO orders_details(Order_detail_id,Order_id,item_id,quantity) VALUES ('DET247',508,'ITEM017',3);
INSERT INTO orders_details(Order_detail_id,Order_id,item_id,quantity) VALUES ('DET248',229,'ITEM034',9);
INSERT INTO orders_details(Order_detail_id,Order_id,item_id,quantity) VALUES ('DET249',487,'ITEM050',7);
INSERT INTO orders_details(Order_detail_id,Order_id,item_id,quantity) VALUES ('DET250',344,'ITEM042',10);
INSERT INTO orders_details(Order_detail_id,Order_id,item_id,quantity) VALUES ('DET251',731,'ITEM089',4);
INSERT INTO orders_details(Order_detail_id,Order_id,item_id,quantity) VALUES ('DET252',20,'ITEM058',2);
INSERT INTO orders_details(Order_detail_id,Order_id,item_id,quantity) VALUES ('DET253',734,'ITEM079',4);
INSERT INTO orders_details(Order_detail_id,Order_id,item_id,quantity) VALUES ('DET254',20,'ITEM089',6);
INSERT INTO orders_details(Order_detail_id,Order_id,item_id,quantity) VALUES ('DET255',739,'ITEM031',1);
INSERT INTO orders_details(Order_detail_id,Order_id,item_id,quantity) VALUES ('DET256',55,'ITEM055',4);
INSERT INTO orders_details(Order_detail_id,Order_id,item_id,quantity) VALUES ('DET257',464,'ITEM034',7);
INSERT INTO orders_details(Order_detail_id,Order_id,item_id,quantity) VALUES ('DET258',342,'ITEM090',3);
INSERT INTO orders_details(Order_detail_id,Order_id,item_id,quantity) VALUES ('DET259',183,'ITEM044',4);
INSERT INTO orders_details(Order_detail_id,Order_id,item_id,quantity) VALUES ('DET260',681,'ITEM064',2);
INSERT INTO orders_details(Order_detail_id,Order_id,item_id,quantity) VALUES ('DET261',974,'ITEM026',4);
INSERT INTO orders_details(Order_detail_id,Order_id,item_id,quantity) VALUES ('DET262',129,'ITEM093',7);
INSERT INTO orders_details(Order_detail_id,Order_id,item_id,quantity) VALUES ('DET263',829,'ITEM092',9);
INSERT INTO orders_details(Order_detail_id,Order_id,item_id,quantity) VALUES ('DET264',613,'ITEM095',9);
INSERT INTO orders_details(Order_detail_id,Order_id,item_id,quantity) VALUES ('DET265',518,'ITEM015',8);
INSERT INTO orders_details(Order_detail_id,Order_id,item_id,quantity) VALUES ('DET266',301,'ITEM092',9);
INSERT INTO orders_details(Order_detail_id,Order_id,item_id,quantity) VALUES ('DET267',798,'ITEM032',5);
INSERT INTO orders_details(Order_detail_id,Order_id,item_id,quantity) VALUES ('DET268',48,'ITEM016',1);
INSERT INTO orders_details(Order_detail_id,Order_id,item_id,quantity) VALUES ('DET269',59,'ITEM027',4);
INSERT INTO orders_details(Order_detail_id,Order_id,item_id,quantity) VALUES ('DET270',127,'ITEM045',10);
INSERT INTO orders_details(Order_detail_id,Order_id,item_id,quantity) VALUES ('DET271',627,'ITEM020',5);
INSERT INTO orders_details(Order_detail_id,Order_id,item_id,quantity) VALUES ('DET272',130,'ITEM078',7);
INSERT INTO orders_details(Order_detail_id,Order_id,item_id,quantity) VALUES ('DET273',682,'ITEM044',7);
INSERT INTO orders_details(Order_detail_id,Order_id,item_id,quantity) VALUES ('DET274',0,'ITEM014',8);
INSERT INTO orders_details(Order_detail_id,Order_id,item_id,quantity) VALUES ('DET275',358,'ITEM059',5);
INSERT INTO orders_details(Order_detail_id,Order_id,item_id,quantity) VALUES ('DET276',105,'ITEM003',3);
INSERT INTO orders_details(Order_detail_id,Order_id,item_id,quantity) VALUES ('DET277',817,'ITEM064',8);
INSERT INTO orders_details(Order_detail_id,Order_id,item_id,quantity) VALUES ('DET278',847,'ITEM043',10);
INSERT INTO orders_details(Order_detail_id,Order_id,item_id,quantity) VALUES ('DET279',208,'ITEM055',7);
INSERT INTO orders_details(Order_detail_id,Order_id,item_id,quantity) VALUES ('DET280',454,'ITEM069',9);
INSERT INTO orders_details(Order_detail_id,Order_id,item_id,quantity) VALUES ('DET281',24,'ITEM093',1);
INSERT INTO orders_details(Order_detail_id,Order_id,item_id,quantity) VALUES ('DET282',891,'ITEM069',6);
INSERT INTO orders_details(Order_detail_id,Order_id,item_id,quantity) VALUES ('DET283',498,'ITEM097',7);
INSERT INTO orders_details(Order_detail_id,Order_id,item_id,quantity) VALUES ('DET284',70,'ITEM020',2);
INSERT INTO orders_details(Order_detail_id,Order_id,item_id,quantity) VALUES ('DET285',790,'ITEM022',10);
INSERT INTO orders_details(Order_detail_id,Order_id,item_id,quantity) VALUES ('DET286',176,'ITEM001',5);
INSERT INTO orders_details(Order_detail_id,Order_id,item_id,quantity) VALUES ('DET287',322,'ITEM021',3);
INSERT INTO orders_details(Order_detail_id,Order_id,item_id,quantity) VALUES ('DET288',810,'ITEM071',3);
INSERT INTO orders_details(Order_detail_id,Order_id,item_id,quantity) VALUES ('DET289',675,'ITEM019',5);
INSERT INTO orders_details(Order_detail_id,Order_id,item_id,quantity) VALUES ('DET290',494,'ITEM021',3);
INSERT INTO orders_details(Order_detail_id,Order_id,item_id,quantity) VALUES ('DET291',555,'ITEM032',1);
INSERT INTO orders_details(Order_detail_id,Order_id,item_id,quantity) VALUES ('DET292',641,'ITEM000',2);
INSERT INTO orders_details(Order_detail_id,Order_id,item_id,quantity) VALUES ('DET293',966,'ITEM072',6);
INSERT INTO orders_details(Order_detail_id,Order_id,item_id,quantity) VALUES ('DET294',34,'ITEM060',6);
INSERT INTO orders_details(Order_detail_id,Order_id,item_id,quantity) VALUES ('DET295',287,'ITEM076',7);
INSERT INTO orders_details(Order_detail_id,Order_id,item_id,quantity) VALUES ('DET296',876,'ITEM043',9);
INSERT INTO orders_details(Order_detail_id,Order_id,item_id,quantity) VALUES ('DET297',757,'ITEM021',10);
INSERT INTO orders_details(Order_detail_id,Order_id,item_id,quantity) VALUES ('DET298',931,'ITEM094',4);
INSERT INTO orders_details(Order_detail_id,Order_id,item_id,quantity) VALUES ('DET299',228,'ITEM011',3);
INSERT INTO orders_details(Order_detail_id,Order_id,item_id,quantity) VALUES ('DET300',679,'ITEM038',4);
INSERT INTO orders_details(Order_detail_id,Order_id,item_id,quantity) VALUES ('DET301',856,'ITEM053',6);
INSERT INTO orders_details(Order_detail_id,Order_id,item_id,quantity) VALUES ('DET302',798,'ITEM046',8);
INSERT INTO orders_details(Order_detail_id,Order_id,item_id,quantity) VALUES ('DET303',21,'ITEM018',3);
INSERT INTO orders_details(Order_detail_id,Order_id,item_id,quantity) VALUES ('DET304',944,'ITEM002',4);
INSERT INTO orders_details(Order_detail_id,Order_id,item_id,quantity) VALUES ('DET305',235,'ITEM007',9);
INSERT INTO orders_details(Order_detail_id,Order_id,item_id,quantity) VALUES ('DET306',761,'ITEM049',1);
INSERT INTO orders_details(Order_detail_id,Order_id,item_id,quantity) VALUES ('DET307',276,'ITEM058',10);
INSERT INTO orders_details(Order_detail_id,Order_id,item_id,quantity) VALUES ('DET308',297,'ITEM005',6);
INSERT INTO orders_details(Order_detail_id,Order_id,item_id,quantity) VALUES ('DET309',763,'ITEM061',1);
INSERT INTO orders_details(Order_detail_id,Order_id,item_id,quantity) VALUES ('DET310',559,'ITEM062',3);
INSERT INTO orders_details(Order_detail_id,Order_id,item_id,quantity) VALUES ('DET311',950,'ITEM029',9);
INSERT INTO orders_details(Order_detail_id,Order_id,item_id,quantity) VALUES ('DET312',933,'ITEM039',7);
INSERT INTO orders_details(Order_detail_id,Order_id,item_id,quantity) VALUES ('DET313',858,'ITEM031',1);
INSERT INTO orders_details(Order_detail_id,Order_id,item_id,quantity) VALUES ('DET314',363,'ITEM023',10);
INSERT INTO orders_details(Order_detail_id,Order_id,item_id,quantity) VALUES ('DET315',314,'ITEM072',3);
INSERT INTO orders_details(Order_detail_id,Order_id,item_id,quantity) VALUES ('DET316',766,'ITEM099',2);
INSERT INTO orders_details(Order_detail_id,Order_id,item_id,quantity) VALUES ('DET317',138,'ITEM058',8);
INSERT INTO orders_details(Order_detail_id,Order_id,item_id,quantity) VALUES ('DET318',173,'ITEM041',1);
INSERT INTO orders_details(Order_detail_id,Order_id,item_id,quantity) VALUES ('DET319',696,'ITEM024',9);
INSERT INTO orders_details(Order_detail_id,Order_id,item_id,quantity) VALUES ('DET320',377,'ITEM052',10);
INSERT INTO orders_details(Order_detail_id,Order_id,item_id,quantity) VALUES ('DET321',622,'ITEM096',1);
INSERT INTO orders_details(Order_detail_id,Order_id,item_id,quantity) VALUES ('DET322',162,'ITEM053',9);
INSERT INTO orders_details(Order_detail_id,Order_id,item_id,quantity) VALUES ('DET323',816,'ITEM093',9);
INSERT INTO orders_details(Order_detail_id,Order_id,item_id,quantity) VALUES ('DET324',812,'ITEM047',6);
INSERT INTO orders_details(Order_detail_id,Order_id,item_id,quantity) VALUES ('DET325',596,'ITEM036',10);
INSERT INTO orders_details(Order_detail_id,Order_id,item_id,quantity) VALUES ('DET326',64,'ITEM064',6);
INSERT INTO orders_details(Order_detail_id,Order_id,item_id,quantity) VALUES ('DET327',290,'ITEM055',7);
INSERT INTO orders_details(Order_detail_id,Order_id,item_id,quantity) VALUES ('DET328',88,'ITEM085',9);
INSERT INTO orders_details(Order_detail_id,Order_id,item_id,quantity) VALUES ('DET329',604,'ITEM034',2);
INSERT INTO orders_details(Order_detail_id,Order_id,item_id,quantity) VALUES ('DET330',162,'ITEM056',10);
INSERT INTO orders_details(Order_detail_id,Order_id,item_id,quantity) VALUES ('DET331',255,'ITEM069',5);
INSERT INTO orders_details(Order_detail_id,Order_id,item_id,quantity) VALUES ('DET332',747,'ITEM001',8);
INSERT INTO orders_details(Order_detail_id,Order_id,item_id,quantity) VALUES ('DET333',856,'ITEM092',6);
INSERT INTO orders_details(Order_detail_id,Order_id,item_id,quantity) VALUES ('DET334',828,'ITEM039',3);
INSERT INTO orders_details(Order_detail_id,Order_id,item_id,quantity) VALUES ('DET335',841,'ITEM090',6);
INSERT INTO orders_details(Order_detail_id,Order_id,item_id,quantity) VALUES ('DET336',338,'ITEM065',5);
INSERT INTO orders_details(Order_detail_id,Order_id,item_id,quantity) VALUES ('DET337',299,'ITEM011',6);
INSERT INTO orders_details(Order_detail_id,Order_id,item_id,quantity) VALUES ('DET338',147,'ITEM013',10);
INSERT INTO orders_details(Order_detail_id,Order_id,item_id,quantity) VALUES ('DET339',552,'ITEM015',4);
INSERT INTO orders_details(Order_detail_id,Order_id,item_id,quantity) VALUES ('DET340',270,'ITEM045',9);
INSERT INTO orders_details(Order_detail_id,Order_id,item_id,quantity) VALUES ('DET341',692,'ITEM013',5);
INSERT INTO orders_details(Order_detail_id,Order_id,item_id,quantity) VALUES ('DET342',331,'ITEM081',1);
INSERT INTO orders_details(Order_detail_id,Order_id,item_id,quantity) VALUES ('DET343',672,'ITEM047',9);
INSERT INTO orders_details(Order_detail_id,Order_id,item_id,quantity) VALUES ('DET344',446,'ITEM047',8);
INSERT INTO orders_details(Order_detail_id,Order_id,item_id,quantity) VALUES ('DET345',496,'ITEM085',9);
INSERT INTO orders_details(Order_detail_id,Order_id,item_id,quantity) VALUES ('DET346',943,'ITEM056',10);
INSERT INTO orders_details(Order_detail_id,Order_id,item_id,quantity) VALUES ('DET347',212,'ITEM091',1);
INSERT INTO orders_details(Order_detail_id,Order_id,item_id,quantity) VALUES ('DET348',836,'ITEM086',1);
INSERT INTO orders_details(Order_detail_id,Order_id,item_id,quantity) VALUES ('DET349',11,'ITEM065',5);
INSERT INTO orders_details(Order_detail_id,Order_id,item_id,quantity) VALUES ('DET350',783,'ITEM030',5);
INSERT INTO orders_details(Order_detail_id,Order_id,item_id,quantity) VALUES ('DET351',540,'ITEM047',1);
INSERT INTO orders_details(Order_detail_id,Order_id,item_id,quantity) VALUES ('DET352',907,'ITEM021',7);
INSERT INTO orders_details(Order_detail_id,Order_id,item_id,quantity) VALUES ('DET353',632,'ITEM051',10);
INSERT INTO orders_details(Order_detail_id,Order_id,item_id,quantity) VALUES ('DET354',933,'ITEM063',8);
INSERT INTO orders_details(Order_detail_id,Order_id,item_id,quantity) VALUES ('DET355',367,'ITEM062',5);
INSERT INTO orders_details(Order_detail_id,Order_id,item_id,quantity) VALUES ('DET356',990,'ITEM012',5);
INSERT INTO orders_details(Order_detail_id,Order_id,item_id,quantity) VALUES ('DET357',761,'ITEM027',7);
INSERT INTO orders_details(Order_detail_id,Order_id,item_id,quantity) VALUES ('DET358',614,'ITEM007',3);
INSERT INTO orders_details(Order_detail_id,Order_id,item_id,quantity) VALUES ('DET359',604,'ITEM055',5);
INSERT INTO orders_details(Order_detail_id,Order_id,item_id,quantity) VALUES ('DET360',656,'ITEM075',7);
INSERT INTO orders_details(Order_detail_id,Order_id,item_id,quantity) VALUES ('DET361',875,'ITEM060',10);
INSERT INTO orders_details(Order_detail_id,Order_id,item_id,quantity) VALUES ('DET362',647,'ITEM096',3);
INSERT INTO orders_details(Order_detail_id,Order_id,item_id,quantity) VALUES ('DET363',423,'ITEM027',7);
INSERT INTO orders_details(Order_detail_id,Order_id,item_id,quantity) VALUES ('DET364',177,'ITEM035',3);
INSERT INTO orders_details(Order_detail_id,Order_id,item_id,quantity) VALUES ('DET365',625,'ITEM067',6);
INSERT INTO orders_details(Order_detail_id,Order_id,item_id,quantity) VALUES ('DET366',136,'ITEM002',8);
INSERT INTO orders_details(Order_detail_id,Order_id,item_id,quantity) VALUES ('DET367',67,'ITEM040',5);
INSERT INTO orders_details(Order_detail_id,Order_id,item_id,quantity) VALUES ('DET368',65,'ITEM029',2);
INSERT INTO orders_details(Order_detail_id,Order_id,item_id,quantity) VALUES ('DET369',168,'ITEM038',3);
INSERT INTO orders_details(Order_detail_id,Order_id,item_id,quantity) VALUES ('DET370',325,'ITEM091',5);
INSERT INTO orders_details(Order_detail_id,Order_id,item_id,quantity) VALUES ('DET371',656,'ITEM047',1);
INSERT INTO orders_details(Order_detail_id,Order_id,item_id,quantity) VALUES ('DET372',903,'ITEM015',8);
INSERT INTO orders_details(Order_detail_id,Order_id,item_id,quantity) VALUES ('DET373',606,'ITEM074',2);
INSERT INTO orders_details(Order_detail_id,Order_id,item_id,quantity) VALUES ('DET374',850,'ITEM081',4);
INSERT INTO orders_details(Order_detail_id,Order_id,item_id,quantity) VALUES ('DET375',674,'ITEM060',6);
INSERT INTO orders_details(Order_detail_id,Order_id,item_id,quantity) VALUES ('DET376',443,'ITEM043',9);
INSERT INTO orders_details(Order_detail_id,Order_id,item_id,quantity) VALUES ('DET377',883,'ITEM062',3);
INSERT INTO orders_details(Order_detail_id,Order_id,item_id,quantity) VALUES ('DET378',592,'ITEM052',9);
INSERT INTO orders_details(Order_detail_id,Order_id,item_id,quantity) VALUES ('DET379',434,'ITEM046',2);
INSERT INTO orders_details(Order_detail_id,Order_id,item_id,quantity) VALUES ('DET380',729,'ITEM035',7);
INSERT INTO orders_details(Order_detail_id,Order_id,item_id,quantity) VALUES ('DET381',461,'ITEM037',3);
INSERT INTO orders_details(Order_detail_id,Order_id,item_id,quantity) VALUES ('DET382',403,'ITEM080',1);
INSERT INTO orders_details(Order_detail_id,Order_id,item_id,quantity) VALUES ('DET383',347,'ITEM096',8);
INSERT INTO orders_details(Order_detail_id,Order_id,item_id,quantity) VALUES ('DET384',491,'ITEM098',1);
INSERT INTO orders_details(Order_detail_id,Order_id,item_id,quantity) VALUES ('DET385',993,'ITEM089',10);
INSERT INTO orders_details(Order_detail_id,Order_id,item_id,quantity) VALUES ('DET386',112,'ITEM017',1);
INSERT INTO orders_details(Order_detail_id,Order_id,item_id,quantity) VALUES ('DET387',307,'ITEM049',6);
INSERT INTO orders_details(Order_detail_id,Order_id,item_id,quantity) VALUES ('DET388',988,'ITEM036',4);
INSERT INTO orders_details(Order_detail_id,Order_id,item_id,quantity) VALUES ('DET389',189,'ITEM046',9);
INSERT INTO orders_details(Order_detail_id,Order_id,item_id,quantity) VALUES ('DET390',255,'ITEM006',1);
INSERT INTO orders_details(Order_detail_id,Order_id,item_id,quantity) VALUES ('DET391',871,'ITEM019',2);
INSERT INTO orders_details(Order_detail_id,Order_id,item_id,quantity) VALUES ('DET392',463,'ITEM077',6);
INSERT INTO orders_details(Order_detail_id,Order_id,item_id,quantity) VALUES ('DET393',10,'ITEM086',10);
INSERT INTO orders_details(Order_detail_id,Order_id,item_id,quantity) VALUES ('DET394',392,'ITEM088',5);
INSERT INTO orders_details(Order_detail_id,Order_id,item_id,quantity) VALUES ('DET395',466,'ITEM023',4);
INSERT INTO orders_details(Order_detail_id,Order_id,item_id,quantity) VALUES ('DET396',278,'ITEM009',4);
INSERT INTO orders_details(Order_detail_id,Order_id,item_id,quantity) VALUES ('DET397',880,'ITEM069',2);
INSERT INTO orders_details(Order_detail_id,Order_id,item_id,quantity) VALUES ('DET398',264,'ITEM060',7);
INSERT INTO orders_details(Order_detail_id,Order_id,item_id,quantity) VALUES ('DET399',392,'ITEM041',9);
INSERT INTO orders_details(Order_detail_id,Order_id,item_id,quantity) VALUES ('DET400',63,'ITEM009',8);
INSERT INTO orders_details(Order_detail_id,Order_id,item_id,quantity) VALUES ('DET401',398,'ITEM078',9);
INSERT INTO orders_details(Order_detail_id,Order_id,item_id,quantity) VALUES ('DET402',874,'ITEM068',1);
INSERT INTO orders_details(Order_detail_id,Order_id,item_id,quantity) VALUES ('DET403',497,'ITEM026',9);
INSERT INTO orders_details(Order_detail_id,Order_id,item_id,quantity) VALUES ('DET404',845,'ITEM024',6);
INSERT INTO orders_details(Order_detail_id,Order_id,item_id,quantity) VALUES ('DET405',273,'ITEM013',4);
INSERT INTO orders_details(Order_detail_id,Order_id,item_id,quantity) VALUES ('DET406',994,'ITEM075',4);
INSERT INTO orders_details(Order_detail_id,Order_id,item_id,quantity) VALUES ('DET407',26,'ITEM081',2);
INSERT INTO orders_details(Order_detail_id,Order_id,item_id,quantity) VALUES ('DET408',890,'ITEM040',4);
INSERT INTO orders_details(Order_detail_id,Order_id,item_id,quantity) VALUES ('DET409',575,'ITEM046',6);
INSERT INTO orders_details(Order_detail_id,Order_id,item_id,quantity) VALUES ('DET410',904,'ITEM098',8);
INSERT INTO orders_details(Order_detail_id,Order_id,item_id,quantity) VALUES ('DET411',473,'ITEM063',4);
INSERT INTO orders_details(Order_detail_id,Order_id,item_id,quantity) VALUES ('DET412',752,'ITEM072',5);
INSERT INTO orders_details(Order_detail_id,Order_id,item_id,quantity) VALUES ('DET413',721,'ITEM079',9);
INSERT INTO orders_details(Order_detail_id,Order_id,item_id,quantity) VALUES ('DET414',565,'ITEM072',2);
INSERT INTO orders_details(Order_detail_id,Order_id,item_id,quantity) VALUES ('DET415',247,'ITEM004',5);
INSERT INTO orders_details(Order_detail_id,Order_id,item_id,quantity) VALUES ('DET416',201,'ITEM009',4);
INSERT INTO orders_details(Order_detail_id,Order_id,item_id,quantity) VALUES ('DET417',748,'ITEM043',5);
INSERT INTO orders_details(Order_detail_id,Order_id,item_id,quantity) VALUES ('DET418',8,'ITEM051',1);
INSERT INTO orders_details(Order_detail_id,Order_id,item_id,quantity) VALUES ('DET419',316,'ITEM069',4);
INSERT INTO orders_details(Order_detail_id,Order_id,item_id,quantity) VALUES ('DET420',857,'ITEM001',6);
INSERT INTO orders_details(Order_detail_id,Order_id,item_id,quantity) VALUES ('DET421',804,'ITEM023',9);
INSERT INTO orders_details(Order_detail_id,Order_id,item_id,quantity) VALUES ('DET422',589,'ITEM069',7);
INSERT INTO orders_details(Order_detail_id,Order_id,item_id,quantity) VALUES ('DET423',209,'ITEM011',4);
INSERT INTO orders_details(Order_detail_id,Order_id,item_id,quantity) VALUES ('DET424',744,'ITEM018',4);
INSERT INTO orders_details(Order_detail_id,Order_id,item_id,quantity) VALUES ('DET425',845,'ITEM097',3);
INSERT INTO orders_details(Order_detail_id,Order_id,item_id,quantity) VALUES ('DET426',468,'ITEM015',9);
INSERT INTO orders_details(Order_detail_id,Order_id,item_id,quantity) VALUES ('DET427',487,'ITEM030',1);
INSERT INTO orders_details(Order_detail_id,Order_id,item_id,quantity) VALUES ('DET428',753,'ITEM040',7);
INSERT INTO orders_details(Order_detail_id,Order_id,item_id,quantity) VALUES ('DET429',855,'ITEM060',7);
INSERT INTO orders_details(Order_detail_id,Order_id,item_id,quantity) VALUES ('DET430',417,'ITEM095',1);
INSERT INTO orders_details(Order_detail_id,Order_id,item_id,quantity) VALUES ('DET431',402,'ITEM011',10);
INSERT INTO orders_details(Order_detail_id,Order_id,item_id,quantity) VALUES ('DET432',575,'ITEM083',5);
INSERT INTO orders_details(Order_detail_id,Order_id,item_id,quantity) VALUES ('DET433',184,'ITEM026',2);
INSERT INTO orders_details(Order_detail_id,Order_id,item_id,quantity) VALUES ('DET434',439,'ITEM011',6);
INSERT INTO orders_details(Order_detail_id,Order_id,item_id,quantity) VALUES ('DET435',376,'ITEM037',4);
INSERT INTO orders_details(Order_detail_id,Order_id,item_id,quantity) VALUES ('DET436',53,'ITEM071',9);
INSERT INTO orders_details(Order_detail_id,Order_id,item_id,quantity) VALUES ('DET437',306,'ITEM056',8);
INSERT INTO orders_details(Order_detail_id,Order_id,item_id,quantity) VALUES ('DET438',711,'ITEM029',3);
INSERT INTO orders_details(Order_detail_id,Order_id,item_id,quantity) VALUES ('DET439',317,'ITEM066',8);
INSERT INTO orders_details(Order_detail_id,Order_id,item_id,quantity) VALUES ('DET440',232,'ITEM061',2);
INSERT INTO orders_details(Order_detail_id,Order_id,item_id,quantity) VALUES ('DET441',582,'ITEM099',7);
INSERT INTO orders_details(Order_detail_id,Order_id,item_id,quantity) VALUES ('DET442',207,'ITEM045',10);
INSERT INTO orders_details(Order_detail_id,Order_id,item_id,quantity) VALUES ('DET443',861,'ITEM076',6);
INSERT INTO orders_details(Order_detail_id,Order_id,item_id,quantity) VALUES ('DET444',520,'ITEM083',10);
INSERT INTO orders_details(Order_detail_id,Order_id,item_id,quantity) VALUES ('DET445',415,'ITEM013',6);
INSERT INTO orders_details(Order_detail_id,Order_id,item_id,quantity) VALUES ('DET446',127,'ITEM082',10);
INSERT INTO orders_details(Order_detail_id,Order_id,item_id,quantity) VALUES ('DET447',348,'ITEM015',9);
INSERT INTO orders_details(Order_detail_id,Order_id,item_id,quantity) VALUES ('DET448',491,'ITEM065',1);
INSERT INTO orders_details(Order_detail_id,Order_id,item_id,quantity) VALUES ('DET449',104,'ITEM067',8);
INSERT INTO orders_details(Order_detail_id,Order_id,item_id,quantity) VALUES ('DET450',646,'ITEM088',8);
INSERT INTO orders_details(Order_detail_id,Order_id,item_id,quantity) VALUES ('DET451',392,'ITEM067',8);
INSERT INTO orders_details(Order_detail_id,Order_id,item_id,quantity) VALUES ('DET452',29,'ITEM058',2);
INSERT INTO orders_details(Order_detail_id,Order_id,item_id,quantity) VALUES ('DET453',448,'ITEM089',5);
INSERT INTO orders_details(Order_detail_id,Order_id,item_id,quantity) VALUES ('DET454',115,'ITEM048',10);
INSERT INTO orders_details(Order_detail_id,Order_id,item_id,quantity) VALUES ('DET455',856,'ITEM081',4);
INSERT INTO orders_details(Order_detail_id,Order_id,item_id,quantity) VALUES ('DET456',240,'ITEM001',1);
INSERT INTO orders_details(Order_detail_id,Order_id,item_id,quantity) VALUES ('DET457',218,'ITEM042',3);
INSERT INTO orders_details(Order_detail_id,Order_id,item_id,quantity) VALUES ('DET458',710,'ITEM064',3);
INSERT INTO orders_details(Order_detail_id,Order_id,item_id,quantity) VALUES ('DET459',826,'ITEM013',6);
INSERT INTO orders_details(Order_detail_id,Order_id,item_id,quantity) VALUES ('DET460',236,'ITEM079',4);
INSERT INTO orders_details(Order_detail_id,Order_id,item_id,quantity) VALUES ('DET461',802,'ITEM029',8);
INSERT INTO orders_details(Order_detail_id,Order_id,item_id,quantity) VALUES ('DET462',494,'ITEM087',6);
INSERT INTO orders_details(Order_detail_id,Order_id,item_id,quantity) VALUES ('DET463',76,'ITEM069',4);
INSERT INTO orders_details(Order_detail_id,Order_id,item_id,quantity) VALUES ('DET464',498,'ITEM067',2);
INSERT INTO orders_details(Order_detail_id,Order_id,item_id,quantity) VALUES ('DET465',759,'ITEM058',5);
INSERT INTO orders_details(Order_detail_id,Order_id,item_id,quantity) VALUES ('DET466',594,'ITEM004',8);
INSERT INTO orders_details(Order_detail_id,Order_id,item_id,quantity) VALUES ('DET467',915,'ITEM020',3);
INSERT INTO orders_details(Order_detail_id,Order_id,item_id,quantity) VALUES ('DET468',311,'ITEM068',7);
INSERT INTO orders_details(Order_detail_id,Order_id,item_id,quantity) VALUES ('DET469',742,'ITEM007',8);
INSERT INTO orders_details(Order_detail_id,Order_id,item_id,quantity) VALUES ('DET470',999,'ITEM034',8);
INSERT INTO orders_details(Order_detail_id,Order_id,item_id,quantity) VALUES ('DET471',733,'ITEM074',7);
INSERT INTO orders_details(Order_detail_id,Order_id,item_id,quantity) VALUES ('DET472',621,'ITEM043',9);
INSERT INTO orders_details(Order_detail_id,Order_id,item_id,quantity) VALUES ('DET473',519,'ITEM069',3);
INSERT INTO orders_details(Order_detail_id,Order_id,item_id,quantity) VALUES ('DET474',348,'ITEM040',2);
INSERT INTO orders_details(Order_detail_id,Order_id,item_id,quantity) VALUES ('DET475',313,'ITEM069',1);
INSERT INTO orders_details(Order_detail_id,Order_id,item_id,quantity) VALUES ('DET476',576,'ITEM066',4);
INSERT INTO orders_details(Order_detail_id,Order_id,item_id,quantity) VALUES ('DET477',105,'ITEM031',4);
INSERT INTO orders_details(Order_detail_id,Order_id,item_id,quantity) VALUES ('DET478',423,'ITEM076',4);
INSERT INTO orders_details(Order_detail_id,Order_id,item_id,quantity) VALUES ('DET479',608,'ITEM010',10);
INSERT INTO orders_details(Order_detail_id,Order_id,item_id,quantity) VALUES ('DET480',681,'ITEM085',9);
INSERT INTO orders_details(Order_detail_id,Order_id,item_id,quantity) VALUES ('DET481',544,'ITEM022',4);
INSERT INTO orders_details(Order_detail_id,Order_id,item_id,quantity) VALUES ('DET482',395,'ITEM065',8);
INSERT INTO orders_details(Order_detail_id,Order_id,item_id,quantity) VALUES ('DET483',407,'ITEM027',3);
INSERT INTO orders_details(Order_detail_id,Order_id,item_id,quantity) VALUES ('DET484',201,'ITEM004',10);
INSERT INTO orders_details(Order_detail_id,Order_id,item_id,quantity) VALUES ('DET485',618,'ITEM019',2);
INSERT INTO orders_details(Order_detail_id,Order_id,item_id,quantity) VALUES ('DET486',10,'ITEM031',2);
INSERT INTO orders_details(Order_detail_id,Order_id,item_id,quantity) VALUES ('DET487',557,'ITEM017',10);
INSERT INTO orders_details(Order_detail_id,Order_id,item_id,quantity) VALUES ('DET488',847,'ITEM051',9);
INSERT INTO orders_details(Order_detail_id,Order_id,item_id,quantity) VALUES ('DET489',831,'ITEM032',1);
INSERT INTO orders_details(Order_detail_id,Order_id,item_id,quantity) VALUES ('DET490',327,'ITEM018',10);
INSERT INTO orders_details(Order_detail_id,Order_id,item_id,quantity) VALUES ('DET491',533,'ITEM053',3);
INSERT INTO orders_details(Order_detail_id,Order_id,item_id,quantity) VALUES ('DET492',657,'ITEM021',4);
INSERT INTO orders_details(Order_detail_id,Order_id,item_id,quantity) VALUES ('DET493',842,'ITEM003',2);
INSERT INTO orders_details(Order_detail_id,Order_id,item_id,quantity) VALUES ('DET494',439,'ITEM000',3);
INSERT INTO orders_details(Order_detail_id,Order_id,item_id,quantity) VALUES ('DET495',547,'ITEM099',6);
INSERT INTO orders_details(Order_detail_id,Order_id,item_id,quantity) VALUES ('DET496',671,'ITEM084',9);
INSERT INTO orders_details(Order_detail_id,Order_id,item_id,quantity) VALUES ('DET497',159,'ITEM087',1);
INSERT INTO orders_details(Order_detail_id,Order_id,item_id,quantity) VALUES ('DET498',160,'ITEM000',3);
INSERT INTO orders_details(Order_detail_id,Order_id,item_id,quantity) VALUES ('DET499',33,'ITEM005',7);
INSERT INTO orders_details(Order_detail_id,Order_id,item_id,quantity) VALUES ('DET500',838,'ITEM032',1);
INSERT INTO orders_details(Order_detail_id,Order_id,item_id,quantity) VALUES ('DET501',963,'ITEM050',9);
INSERT INTO orders_details(Order_detail_id,Order_id,item_id,quantity) VALUES ('DET502',832,'ITEM039',5);
INSERT INTO orders_details(Order_detail_id,Order_id,item_id,quantity) VALUES ('DET503',993,'ITEM094',7);
INSERT INTO orders_details(Order_detail_id,Order_id,item_id,quantity) VALUES ('DET504',689,'ITEM040',2);
INSERT INTO orders_details(Order_detail_id,Order_id,item_id,quantity) VALUES ('DET505',907,'ITEM089',3);
INSERT INTO orders_details(Order_detail_id,Order_id,item_id,quantity) VALUES ('DET506',846,'ITEM045',9);
INSERT INTO orders_details(Order_detail_id,Order_id,item_id,quantity) VALUES ('DET507',293,'ITEM039',5);
INSERT INTO orders_details(Order_detail_id,Order_id,item_id,quantity) VALUES ('DET508',665,'ITEM096',2);
INSERT INTO orders_details(Order_detail_id,Order_id,item_id,quantity) VALUES ('DET509',480,'ITEM099',7);
INSERT INTO orders_details(Order_detail_id,Order_id,item_id,quantity) VALUES ('DET510',939,'ITEM000',8);
INSERT INTO orders_details(Order_detail_id,Order_id,item_id,quantity) VALUES ('DET511',803,'ITEM003',7);
INSERT INTO orders_details(Order_detail_id,Order_id,item_id,quantity) VALUES ('DET512',713,'ITEM022',9);
INSERT INTO orders_details(Order_detail_id,Order_id,item_id,quantity) VALUES ('DET513',96,'ITEM019',3);
INSERT INTO orders_details(Order_detail_id,Order_id,item_id,quantity) VALUES ('DET514',918,'ITEM057',1);
INSERT INTO orders_details(Order_detail_id,Order_id,item_id,quantity) VALUES ('DET515',409,'ITEM076',5);
INSERT INTO orders_details(Order_detail_id,Order_id,item_id,quantity) VALUES ('DET516',386,'ITEM082',7);
INSERT INTO orders_details(Order_detail_id,Order_id,item_id,quantity) VALUES ('DET517',947,'ITEM083',5);
INSERT INTO orders_details(Order_detail_id,Order_id,item_id,quantity) VALUES ('DET518',835,'ITEM071',3);
INSERT INTO orders_details(Order_detail_id,Order_id,item_id,quantity) VALUES ('DET519',940,'ITEM098',9);
INSERT INTO orders_details(Order_detail_id,Order_id,item_id,quantity) VALUES ('DET520',934,'ITEM001',4);
INSERT INTO orders_details(Order_detail_id,Order_id,item_id,quantity) VALUES ('DET521',959,'ITEM007',7);
INSERT INTO orders_details(Order_detail_id,Order_id,item_id,quantity) VALUES ('DET522',184,'ITEM036',9);
INSERT INTO orders_details(Order_detail_id,Order_id,item_id,quantity) VALUES ('DET523',751,'ITEM098',10);
INSERT INTO orders_details(Order_detail_id,Order_id,item_id,quantity) VALUES ('DET524',607,'ITEM050',3);
INSERT INTO orders_details(Order_detail_id,Order_id,item_id,quantity) VALUES ('DET525',750,'ITEM097',4);
INSERT INTO orders_details(Order_detail_id,Order_id,item_id,quantity) VALUES ('DET526',728,'ITEM003',8);
INSERT INTO orders_details(Order_detail_id,Order_id,item_id,quantity) VALUES ('DET527',107,'ITEM023',8);
INSERT INTO orders_details(Order_detail_id,Order_id,item_id,quantity) VALUES ('DET528',140,'ITEM055',5);
INSERT INTO orders_details(Order_detail_id,Order_id,item_id,quantity) VALUES ('DET529',57,'ITEM054',10);
INSERT INTO orders_details(Order_detail_id,Order_id,item_id,quantity) VALUES ('DET530',941,'ITEM029',3);
INSERT INTO orders_details(Order_detail_id,Order_id,item_id,quantity) VALUES ('DET531',364,'ITEM002',10);
INSERT INTO orders_details(Order_detail_id,Order_id,item_id,quantity) VALUES ('DET532',633,'ITEM089',6);
INSERT INTO orders_details(Order_detail_id,Order_id,item_id,quantity) VALUES ('DET533',137,'ITEM047',10);
INSERT INTO orders_details(Order_detail_id,Order_id,item_id,quantity) VALUES ('DET534',321,'ITEM021',9);
INSERT INTO orders_details(Order_detail_id,Order_id,item_id,quantity) VALUES ('DET535',536,'ITEM037',5);
INSERT INTO orders_details(Order_detail_id,Order_id,item_id,quantity) VALUES ('DET536',715,'ITEM024',8);
INSERT INTO orders_details(Order_detail_id,Order_id,item_id,quantity) VALUES ('DET537',484,'ITEM028',8);
INSERT INTO orders_details(Order_detail_id,Order_id,item_id,quantity) VALUES ('DET538',802,'ITEM002',7);
INSERT INTO orders_details(Order_detail_id,Order_id,item_id,quantity) VALUES ('DET539',122,'ITEM076',9);
INSERT INTO orders_details(Order_detail_id,Order_id,item_id,quantity) VALUES ('DET540',215,'ITEM087',2);
INSERT INTO orders_details(Order_detail_id,Order_id,item_id,quantity) VALUES ('DET541',825,'ITEM047',2);
INSERT INTO orders_details(Order_detail_id,Order_id,item_id,quantity) VALUES ('DET542',335,'ITEM078',10);
INSERT INTO orders_details(Order_detail_id,Order_id,item_id,quantity) VALUES ('DET543',273,'ITEM080',2);
INSERT INTO orders_details(Order_detail_id,Order_id,item_id,quantity) VALUES ('DET544',106,'ITEM007',3);
INSERT INTO orders_details(Order_detail_id,Order_id,item_id,quantity) VALUES ('DET545',35,'ITEM006',10);
INSERT INTO orders_details(Order_detail_id,Order_id,item_id,quantity) VALUES ('DET546',220,'ITEM075',6);
INSERT INTO orders_details(Order_detail_id,Order_id,item_id,quantity) VALUES ('DET547',650,'ITEM002',5);
INSERT INTO orders_details(Order_detail_id,Order_id,item_id,quantity) VALUES ('DET548',398,'ITEM091',5);
INSERT INTO orders_details(Order_detail_id,Order_id,item_id,quantity) VALUES ('DET549',3,'ITEM042',10);
INSERT INTO orders_details(Order_detail_id,Order_id,item_id,quantity) VALUES ('DET550',588,'ITEM095',8);
INSERT INTO orders_details(Order_detail_id,Order_id,item_id,quantity) VALUES ('DET551',878,'ITEM052',8);
INSERT INTO orders_details(Order_detail_id,Order_id,item_id,quantity) VALUES ('DET552',892,'ITEM039',10);
INSERT INTO orders_details(Order_detail_id,Order_id,item_id,quantity) VALUES ('DET553',187,'ITEM071',1);
INSERT INTO orders_details(Order_detail_id,Order_id,item_id,quantity) VALUES ('DET554',265,'ITEM043',9);
INSERT INTO orders_details(Order_detail_id,Order_id,item_id,quantity) VALUES ('DET555',281,'ITEM058',4);
INSERT INTO orders_details(Order_detail_id,Order_id,item_id,quantity) VALUES ('DET556',996,'ITEM053',3);
INSERT INTO orders_details(Order_detail_id,Order_id,item_id,quantity) VALUES ('DET557',185,'ITEM062',3);
INSERT INTO orders_details(Order_detail_id,Order_id,item_id,quantity) VALUES ('DET558',480,'ITEM000',4);
INSERT INTO orders_details(Order_detail_id,Order_id,item_id,quantity) VALUES ('DET559',717,'ITEM032',9);
INSERT INTO orders_details(Order_detail_id,Order_id,item_id,quantity) VALUES ('DET560',915,'ITEM093',1);
INSERT INTO orders_details(Order_detail_id,Order_id,item_id,quantity) VALUES ('DET561',468,'ITEM012',8);
INSERT INTO orders_details(Order_detail_id,Order_id,item_id,quantity) VALUES ('DET562',485,'ITEM048',6);
INSERT INTO orders_details(Order_detail_id,Order_id,item_id,quantity) VALUES ('DET563',660,'ITEM057',9);
INSERT INTO orders_details(Order_detail_id,Order_id,item_id,quantity) VALUES ('DET564',17,'ITEM077',10);
INSERT INTO orders_details(Order_detail_id,Order_id,item_id,quantity) VALUES ('DET565',487,'ITEM037',6);
INSERT INTO orders_details(Order_detail_id,Order_id,item_id,quantity) VALUES ('DET566',800,'ITEM056',1);
INSERT INTO orders_details(Order_detail_id,Order_id,item_id,quantity) VALUES ('DET567',50,'ITEM097',5);
INSERT INTO orders_details(Order_detail_id,Order_id,item_id,quantity) VALUES ('DET568',402,'ITEM056',8);
INSERT INTO orders_details(Order_detail_id,Order_id,item_id,quantity) VALUES ('DET569',704,'ITEM010',5);
INSERT INTO orders_details(Order_detail_id,Order_id,item_id,quantity) VALUES ('DET570',93,'ITEM072',9);
INSERT INTO orders_details(Order_detail_id,Order_id,item_id,quantity) VALUES ('DET571',336,'ITEM073',10);
INSERT INTO orders_details(Order_detail_id,Order_id,item_id,quantity) VALUES ('DET572',475,'ITEM084',6);
INSERT INTO orders_details(Order_detail_id,Order_id,item_id,quantity) VALUES ('DET573',397,'ITEM001',6);
INSERT INTO orders_details(Order_detail_id,Order_id,item_id,quantity) VALUES ('DET574',843,'ITEM038',1);
INSERT INTO orders_details(Order_detail_id,Order_id,item_id,quantity) VALUES ('DET575',399,'ITEM037',5);
INSERT INTO orders_details(Order_detail_id,Order_id,item_id,quantity) VALUES ('DET576',493,'ITEM006',5);
INSERT INTO orders_details(Order_detail_id,Order_id,item_id,quantity) VALUES ('DET577',602,'ITEM042',7);
INSERT INTO orders_details(Order_detail_id,Order_id,item_id,quantity) VALUES ('DET578',264,'ITEM022',9);
INSERT INTO orders_details(Order_detail_id,Order_id,item_id,quantity) VALUES ('DET579',749,'ITEM060',2);
INSERT INTO orders_details(Order_detail_id,Order_id,item_id,quantity) VALUES ('DET580',481,'ITEM012',8);
INSERT INTO orders_details(Order_detail_id,Order_id,item_id,quantity) VALUES ('DET581',137,'ITEM031',1);
INSERT INTO orders_details(Order_detail_id,Order_id,item_id,quantity) VALUES ('DET582',580,'ITEM034',10);
INSERT INTO orders_details(Order_detail_id,Order_id,item_id,quantity) VALUES ('DET583',69,'ITEM033',5);
INSERT INTO orders_details(Order_detail_id,Order_id,item_id,quantity) VALUES ('DET584',967,'ITEM055',8);
INSERT INTO orders_details(Order_detail_id,Order_id,item_id,quantity) VALUES ('DET585',798,'ITEM079',1);
INSERT INTO orders_details(Order_detail_id,Order_id,item_id,quantity) VALUES ('DET586',544,'ITEM032',9);
INSERT INTO orders_details(Order_detail_id,Order_id,item_id,quantity) VALUES ('DET587',811,'ITEM033',9);
INSERT INTO orders_details(Order_detail_id,Order_id,item_id,quantity) VALUES ('DET588',731,'ITEM047',10);
INSERT INTO orders_details(Order_detail_id,Order_id,item_id,quantity) VALUES ('DET589',295,'ITEM056',6);
INSERT INTO orders_details(Order_detail_id,Order_id,item_id,quantity) VALUES ('DET590',555,'ITEM003',5);
INSERT INTO orders_details(Order_detail_id,Order_id,item_id,quantity) VALUES ('DET591',711,'ITEM034',8);
INSERT INTO orders_details(Order_detail_id,Order_id,item_id,quantity) VALUES ('DET592',988,'ITEM089',8);
INSERT INTO orders_details(Order_detail_id,Order_id,item_id,quantity) VALUES ('DET593',236,'ITEM091',3);
INSERT INTO orders_details(Order_detail_id,Order_id,item_id,quantity) VALUES ('DET594',176,'ITEM000',6);
INSERT INTO orders_details(Order_detail_id,Order_id,item_id,quantity) VALUES ('DET595',604,'ITEM081',5);
INSERT INTO orders_details(Order_detail_id,Order_id,item_id,quantity) VALUES ('DET596',609,'ITEM090',1);
INSERT INTO orders_details(Order_detail_id,Order_id,item_id,quantity) VALUES ('DET597',718,'ITEM023',2);
INSERT INTO orders_details(Order_detail_id,Order_id,item_id,quantity) VALUES ('DET598',265,'ITEM084',3);
INSERT INTO orders_details(Order_detail_id,Order_id,item_id,quantity) VALUES ('DET599',643,'ITEM022',5);
INSERT INTO orders_details(Order_detail_id,Order_id,item_id,quantity) VALUES ('DET600',831,'ITEM036',9);
INSERT INTO orders_details(Order_detail_id,Order_id,item_id,quantity) VALUES ('DET601',285,'ITEM067',8);
INSERT INTO orders_details(Order_detail_id,Order_id,item_id,quantity) VALUES ('DET602',465,'ITEM053',2);
INSERT INTO orders_details(Order_detail_id,Order_id,item_id,quantity) VALUES ('DET603',655,'ITEM020',10);
INSERT INTO orders_details(Order_detail_id,Order_id,item_id,quantity) VALUES ('DET604',379,'ITEM085',3);
INSERT INTO orders_details(Order_detail_id,Order_id,item_id,quantity) VALUES ('DET605',499,'ITEM027',4);
INSERT INTO orders_details(Order_detail_id,Order_id,item_id,quantity) VALUES ('DET606',75,'ITEM022',1);
INSERT INTO orders_details(Order_detail_id,Order_id,item_id,quantity) VALUES ('DET607',834,'ITEM097',1);
INSERT INTO orders_details(Order_detail_id,Order_id,item_id,quantity) VALUES ('DET608',538,'ITEM091',1);
INSERT INTO orders_details(Order_detail_id,Order_id,item_id,quantity) VALUES ('DET609',863,'ITEM072',7);
INSERT INTO orders_details(Order_detail_id,Order_id,item_id,quantity) VALUES ('DET610',352,'ITEM072',7);
INSERT INTO orders_details(Order_detail_id,Order_id,item_id,quantity) VALUES ('DET611',932,'ITEM084',9);
INSERT INTO orders_details(Order_detail_id,Order_id,item_id,quantity) VALUES ('DET612',706,'ITEM049',8);
INSERT INTO orders_details(Order_detail_id,Order_id,item_id,quantity) VALUES ('DET613',375,'ITEM052',9);
INSERT INTO orders_details(Order_detail_id,Order_id,item_id,quantity) VALUES ('DET614',635,'ITEM090',8);
INSERT INTO orders_details(Order_detail_id,Order_id,item_id,quantity) VALUES ('DET615',151,'ITEM027',9);
INSERT INTO orders_details(Order_detail_id,Order_id,item_id,quantity) VALUES ('DET616',485,'ITEM031',1);
INSERT INTO orders_details(Order_detail_id,Order_id,item_id,quantity) VALUES ('DET617',125,'ITEM089',3);
INSERT INTO orders_details(Order_detail_id,Order_id,item_id,quantity) VALUES ('DET618',235,'ITEM029',6);
INSERT INTO orders_details(Order_detail_id,Order_id,item_id,quantity) VALUES ('DET619',36,'ITEM054',4);
INSERT INTO orders_details(Order_detail_id,Order_id,item_id,quantity) VALUES ('DET620',854,'ITEM039',9);
INSERT INTO orders_details(Order_detail_id,Order_id,item_id,quantity) VALUES ('DET621',153,'ITEM005',6);
INSERT INTO orders_details(Order_detail_id,Order_id,item_id,quantity) VALUES ('DET622',879,'ITEM067',7);
INSERT INTO orders_details(Order_detail_id,Order_id,item_id,quantity) VALUES ('DET623',292,'ITEM000',8);
INSERT INTO orders_details(Order_detail_id,Order_id,item_id,quantity) VALUES ('DET624',673,'ITEM044',3);
INSERT INTO orders_details(Order_detail_id,Order_id,item_id,quantity) VALUES ('DET625',544,'ITEM087',3);
INSERT INTO orders_details(Order_detail_id,Order_id,item_id,quantity) VALUES ('DET626',577,'ITEM010',9);
INSERT INTO orders_details(Order_detail_id,Order_id,item_id,quantity) VALUES ('DET627',513,'ITEM078',10);
INSERT INTO orders_details(Order_detail_id,Order_id,item_id,quantity) VALUES ('DET628',861,'ITEM074',4);
INSERT INTO orders_details(Order_detail_id,Order_id,item_id,quantity) VALUES ('DET629',953,'ITEM035',6);
INSERT INTO orders_details(Order_detail_id,Order_id,item_id,quantity) VALUES ('DET630',38,'ITEM071',7);
INSERT INTO orders_details(Order_detail_id,Order_id,item_id,quantity) VALUES ('DET631',765,'ITEM003',1);
INSERT INTO orders_details(Order_detail_id,Order_id,item_id,quantity) VALUES ('DET632',814,'ITEM046',9);
INSERT INTO orders_details(Order_detail_id,Order_id,item_id,quantity) VALUES ('DET633',526,'ITEM084',1);
INSERT INTO orders_details(Order_detail_id,Order_id,item_id,quantity) VALUES ('DET634',19,'ITEM088',6);
INSERT INTO orders_details(Order_detail_id,Order_id,item_id,quantity) VALUES ('DET635',672,'ITEM029',3);
INSERT INTO orders_details(Order_detail_id,Order_id,item_id,quantity) VALUES ('DET636',787,'ITEM075',7);
INSERT INTO orders_details(Order_detail_id,Order_id,item_id,quantity) VALUES ('DET637',996,'ITEM066',10);
INSERT INTO orders_details(Order_detail_id,Order_id,item_id,quantity) VALUES ('DET638',797,'ITEM083',6);
INSERT INTO orders_details(Order_detail_id,Order_id,item_id,quantity) VALUES ('DET639',149,'ITEM092',10);
INSERT INTO orders_details(Order_detail_id,Order_id,item_id,quantity) VALUES ('DET640',600,'ITEM074',10);
INSERT INTO orders_details(Order_detail_id,Order_id,item_id,quantity) VALUES ('DET641',945,'ITEM079',2);
INSERT INTO orders_details(Order_detail_id,Order_id,item_id,quantity) VALUES ('DET642',932,'ITEM015',3);
INSERT INTO orders_details(Order_detail_id,Order_id,item_id,quantity) VALUES ('DET643',232,'ITEM034',9);
INSERT INTO orders_details(Order_detail_id,Order_id,item_id,quantity) VALUES ('DET644',326,'ITEM014',8);
INSERT INTO orders_details(Order_detail_id,Order_id,item_id,quantity) VALUES ('DET645',658,'ITEM067',1);
INSERT INTO orders_details(Order_detail_id,Order_id,item_id,quantity) VALUES ('DET646',368,'ITEM093',7);
INSERT INTO orders_details(Order_detail_id,Order_id,item_id,quantity) VALUES ('DET647',56,'ITEM006',2);
INSERT INTO orders_details(Order_detail_id,Order_id,item_id,quantity) VALUES ('DET648',482,'ITEM074',6);
INSERT INTO orders_details(Order_detail_id,Order_id,item_id,quantity) VALUES ('DET649',452,'ITEM047',5);
INSERT INTO orders_details(Order_detail_id,Order_id,item_id,quantity) VALUES ('DET650',97,'ITEM097',8);
INSERT INTO orders_details(Order_detail_id,Order_id,item_id,quantity) VALUES ('DET651',845,'ITEM053',8);
INSERT INTO orders_details(Order_detail_id,Order_id,item_id,quantity) VALUES ('DET652',188,'ITEM054',5);
INSERT INTO orders_details(Order_detail_id,Order_id,item_id,quantity) VALUES ('DET653',931,'ITEM002',7);
INSERT INTO orders_details(Order_detail_id,Order_id,item_id,quantity) VALUES ('DET654',363,'ITEM084',7);
INSERT INTO orders_details(Order_detail_id,Order_id,item_id,quantity) VALUES ('DET655',293,'ITEM060',6);
INSERT INTO orders_details(Order_detail_id,Order_id,item_id,quantity) VALUES ('DET656',144,'ITEM074',8);
INSERT INTO orders_details(Order_detail_id,Order_id,item_id,quantity) VALUES ('DET657',777,'ITEM085',2);
INSERT INTO orders_details(Order_detail_id,Order_id,item_id,quantity) VALUES ('DET658',296,'ITEM089',7);
INSERT INTO orders_details(Order_detail_id,Order_id,item_id,quantity) VALUES ('DET659',762,'ITEM029',7);
INSERT INTO orders_details(Order_detail_id,Order_id,item_id,quantity) VALUES ('DET660',675,'ITEM015',6);
INSERT INTO orders_details(Order_detail_id,Order_id,item_id,quantity) VALUES ('DET661',462,'ITEM005',2);
INSERT INTO orders_details(Order_detail_id,Order_id,item_id,quantity) VALUES ('DET662',304,'ITEM044',4);
INSERT INTO orders_details(Order_detail_id,Order_id,item_id,quantity) VALUES ('DET663',37,'ITEM034',3);
INSERT INTO orders_details(Order_detail_id,Order_id,item_id,quantity) VALUES ('DET664',826,'ITEM094',8);
INSERT INTO orders_details(Order_detail_id,Order_id,item_id,quantity) VALUES ('DET665',309,'ITEM030',7);
INSERT INTO orders_details(Order_detail_id,Order_id,item_id,quantity) VALUES ('DET666',723,'ITEM081',8);
INSERT INTO orders_details(Order_detail_id,Order_id,item_id,quantity) VALUES ('DET667',936,'ITEM048',6);
INSERT INTO orders_details(Order_detail_id,Order_id,item_id,quantity) VALUES ('DET668',843,'ITEM062',10);
INSERT INTO orders_details(Order_detail_id,Order_id,item_id,quantity) VALUES ('DET669',483,'ITEM054',9);
INSERT INTO orders_details(Order_detail_id,Order_id,item_id,quantity) VALUES ('DET670',988,'ITEM013',6);
INSERT INTO orders_details(Order_detail_id,Order_id,item_id,quantity) VALUES ('DET671',26,'ITEM002',8);
INSERT INTO orders_details(Order_detail_id,Order_id,item_id,quantity) VALUES ('DET672',934,'ITEM079',8);
INSERT INTO orders_details(Order_detail_id,Order_id,item_id,quantity) VALUES ('DET673',483,'ITEM004',3);
INSERT INTO orders_details(Order_detail_id,Order_id,item_id,quantity) VALUES ('DET674',776,'ITEM039',9);
INSERT INTO orders_details(Order_detail_id,Order_id,item_id,quantity) VALUES ('DET675',161,'ITEM039',2);
INSERT INTO orders_details(Order_detail_id,Order_id,item_id,quantity) VALUES ('DET676',398,'ITEM047',1);
INSERT INTO orders_details(Order_detail_id,Order_id,item_id,quantity) VALUES ('DET677',605,'ITEM039',10);
INSERT INTO orders_details(Order_detail_id,Order_id,item_id,quantity) VALUES ('DET678',705,'ITEM009',2);
INSERT INTO orders_details(Order_detail_id,Order_id,item_id,quantity) VALUES ('DET679',549,'ITEM059',2);
INSERT INTO orders_details(Order_detail_id,Order_id,item_id,quantity) VALUES ('DET680',440,'ITEM024',1);
INSERT INTO orders_details(Order_detail_id,Order_id,item_id,quantity) VALUES ('DET681',158,'ITEM003',1);
INSERT INTO orders_details(Order_detail_id,Order_id,item_id,quantity) VALUES ('DET682',417,'ITEM099',10);
INSERT INTO orders_details(Order_detail_id,Order_id,item_id,quantity) VALUES ('DET683',926,'ITEM089',8);
INSERT INTO orders_details(Order_detail_id,Order_id,item_id,quantity) VALUES ('DET684',303,'ITEM019',2);
INSERT INTO orders_details(Order_detail_id,Order_id,item_id,quantity) VALUES ('DET685',782,'ITEM037',7);
INSERT INTO orders_details(Order_detail_id,Order_id,item_id,quantity) VALUES ('DET686',502,'ITEM070',4);
INSERT INTO orders_details(Order_detail_id,Order_id,item_id,quantity) VALUES ('DET687',706,'ITEM093',1);
INSERT INTO orders_details(Order_detail_id,Order_id,item_id,quantity) VALUES ('DET688',577,'ITEM062',10);
INSERT INTO orders_details(Order_detail_id,Order_id,item_id,quantity) VALUES ('DET689',652,'ITEM091',1);
INSERT INTO orders_details(Order_detail_id,Order_id,item_id,quantity) VALUES ('DET690',989,'ITEM055',7);
INSERT INTO orders_details(Order_detail_id,Order_id,item_id,quantity) VALUES ('DET691',494,'ITEM032',6);
INSERT INTO orders_details(Order_detail_id,Order_id,item_id,quantity) VALUES ('DET692',929,'ITEM032',5);
INSERT INTO orders_details(Order_detail_id,Order_id,item_id,quantity) VALUES ('DET693',910,'ITEM064',10);
INSERT INTO orders_details(Order_detail_id,Order_id,item_id,quantity) VALUES ('DET694',919,'ITEM090',2);
INSERT INTO orders_details(Order_detail_id,Order_id,item_id,quantity) VALUES ('DET695',793,'ITEM003',5);
INSERT INTO orders_details(Order_detail_id,Order_id,item_id,quantity) VALUES ('DET696',378,'ITEM046',10);
INSERT INTO orders_details(Order_detail_id,Order_id,item_id,quantity) VALUES ('DET697',802,'ITEM003',1);
INSERT INTO orders_details(Order_detail_id,Order_id,item_id,quantity) VALUES ('DET698',437,'ITEM047',8);
INSERT INTO orders_details(Order_detail_id,Order_id,item_id,quantity) VALUES ('DET699',331,'ITEM068',7);
INSERT INTO orders_details(Order_detail_id,Order_id,item_id,quantity) VALUES ('DET700',279,'ITEM072',9);
INSERT INTO orders_details(Order_detail_id,Order_id,item_id,quantity) VALUES ('DET701',491,'ITEM091',8);
INSERT INTO orders_details(Order_detail_id,Order_id,item_id,quantity) VALUES ('DET702',793,'ITEM039',3);
INSERT INTO orders_details(Order_detail_id,Order_id,item_id,quantity) VALUES ('DET703',470,'ITEM014',6);
INSERT INTO orders_details(Order_detail_id,Order_id,item_id,quantity) VALUES ('DET704',291,'ITEM059',10);
INSERT INTO orders_details(Order_detail_id,Order_id,item_id,quantity) VALUES ('DET705',142,'ITEM044',3);
INSERT INTO orders_details(Order_detail_id,Order_id,item_id,quantity) VALUES ('DET706',514,'ITEM070',8);
INSERT INTO orders_details(Order_detail_id,Order_id,item_id,quantity) VALUES ('DET707',95,'ITEM040',8);
INSERT INTO orders_details(Order_detail_id,Order_id,item_id,quantity) VALUES ('DET708',601,'ITEM041',3);
INSERT INTO orders_details(Order_detail_id,Order_id,item_id,quantity) VALUES ('DET709',991,'ITEM016',10);
INSERT INTO orders_details(Order_detail_id,Order_id,item_id,quantity) VALUES ('DET710',750,'ITEM078',5);
INSERT INTO orders_details(Order_detail_id,Order_id,item_id,quantity) VALUES ('DET711',12,'ITEM089',3);
INSERT INTO orders_details(Order_detail_id,Order_id,item_id,quantity) VALUES ('DET712',434,'ITEM064',5);
INSERT INTO orders_details(Order_detail_id,Order_id,item_id,quantity) VALUES ('DET713',567,'ITEM004',10);
INSERT INTO orders_details(Order_detail_id,Order_id,item_id,quantity) VALUES ('DET714',957,'ITEM028',7);
INSERT INTO orders_details(Order_detail_id,Order_id,item_id,quantity) VALUES ('DET715',969,'ITEM029',5);
INSERT INTO orders_details(Order_detail_id,Order_id,item_id,quantity) VALUES ('DET716',631,'ITEM016',9);
INSERT INTO orders_details(Order_detail_id,Order_id,item_id,quantity) VALUES ('DET717',320,'ITEM034',10);
INSERT INTO orders_details(Order_detail_id,Order_id,item_id,quantity) VALUES ('DET718',880,'ITEM043',10);
INSERT INTO orders_details(Order_detail_id,Order_id,item_id,quantity) VALUES ('DET719',410,'ITEM041',5);
INSERT INTO orders_details(Order_detail_id,Order_id,item_id,quantity) VALUES ('DET720',313,'ITEM094',10);
INSERT INTO orders_details(Order_detail_id,Order_id,item_id,quantity) VALUES ('DET721',534,'ITEM084',10);
INSERT INTO orders_details(Order_detail_id,Order_id,item_id,quantity) VALUES ('DET722',262,'ITEM061',3);
INSERT INTO orders_details(Order_detail_id,Order_id,item_id,quantity) VALUES ('DET723',749,'ITEM057',2);
INSERT INTO orders_details(Order_detail_id,Order_id,item_id,quantity) VALUES ('DET724',90,'ITEM087',3);
INSERT INTO orders_details(Order_detail_id,Order_id,item_id,quantity) VALUES ('DET725',180,'ITEM050',7);
INSERT INTO orders_details(Order_detail_id,Order_id,item_id,quantity) VALUES ('DET726',825,'ITEM043',9);
INSERT INTO orders_details(Order_detail_id,Order_id,item_id,quantity) VALUES ('DET727',29,'ITEM081',5);
INSERT INTO orders_details(Order_detail_id,Order_id,item_id,quantity) VALUES ('DET728',308,'ITEM033',2);
INSERT INTO orders_details(Order_detail_id,Order_id,item_id,quantity) VALUES ('DET729',592,'ITEM060',6);
INSERT INTO orders_details(Order_detail_id,Order_id,item_id,quantity) VALUES ('DET730',260,'ITEM069',10);
INSERT INTO orders_details(Order_detail_id,Order_id,item_id,quantity) VALUES ('DET731',135,'ITEM006',4);
INSERT INTO orders_details(Order_detail_id,Order_id,item_id,quantity) VALUES ('DET732',479,'ITEM093',2);
INSERT INTO orders_details(Order_detail_id,Order_id,item_id,quantity) VALUES ('DET733',715,'ITEM017',10);
INSERT INTO orders_details(Order_detail_id,Order_id,item_id,quantity) VALUES ('DET734',107,'ITEM006',10);
INSERT INTO orders_details(Order_detail_id,Order_id,item_id,quantity) VALUES ('DET735',221,'ITEM050',8);
INSERT INTO orders_details(Order_detail_id,Order_id,item_id,quantity) VALUES ('DET736',67,'ITEM095',4);
INSERT INTO orders_details(Order_detail_id,Order_id,item_id,quantity) VALUES ('DET737',523,'ITEM004',4);
INSERT INTO orders_details(Order_detail_id,Order_id,item_id,quantity) VALUES ('DET738',541,'ITEM068',3);
INSERT INTO orders_details(Order_detail_id,Order_id,item_id,quantity) VALUES ('DET739',226,'ITEM045',3);
INSERT INTO orders_details(Order_detail_id,Order_id,item_id,quantity) VALUES ('DET740',4,'ITEM064',4);
INSERT INTO orders_details(Order_detail_id,Order_id,item_id,quantity) VALUES ('DET741',821,'ITEM056',1);
INSERT INTO orders_details(Order_detail_id,Order_id,item_id,quantity) VALUES ('DET742',449,'ITEM012',7);
INSERT INTO orders_details(Order_detail_id,Order_id,item_id,quantity) VALUES ('DET743',652,'ITEM077',9);
INSERT INTO orders_details(Order_detail_id,Order_id,item_id,quantity) VALUES ('DET744',11,'ITEM012',2);
INSERT INTO orders_details(Order_detail_id,Order_id,item_id,quantity) VALUES ('DET745',787,'ITEM025',5);
INSERT INTO orders_details(Order_detail_id,Order_id,item_id,quantity) VALUES ('DET746',927,'ITEM093',6);
INSERT INTO orders_details(Order_detail_id,Order_id,item_id,quantity) VALUES ('DET747',989,'ITEM027',9);
INSERT INTO orders_details(Order_detail_id,Order_id,item_id,quantity) VALUES ('DET748',4,'ITEM019',10);
INSERT INTO orders_details(Order_detail_id,Order_id,item_id,quantity) VALUES ('DET749',82,'ITEM069',9);
INSERT INTO orders_details(Order_detail_id,Order_id,item_id,quantity) VALUES ('DET750',582,'ITEM018',10);
INSERT INTO orders_details(Order_detail_id,Order_id,item_id,quantity) VALUES ('DET751',387,'ITEM049',6);
INSERT INTO orders_details(Order_detail_id,Order_id,item_id,quantity) VALUES ('DET752',70,'ITEM091',4);
INSERT INTO orders_details(Order_detail_id,Order_id,item_id,quantity) VALUES ('DET753',207,'ITEM048',6);
INSERT INTO orders_details(Order_detail_id,Order_id,item_id,quantity) VALUES ('DET754',121,'ITEM055',9);
INSERT INTO orders_details(Order_detail_id,Order_id,item_id,quantity) VALUES ('DET755',688,'ITEM077',5);
INSERT INTO orders_details(Order_detail_id,Order_id,item_id,quantity) VALUES ('DET756',420,'ITEM096',5);
INSERT INTO orders_details(Order_detail_id,Order_id,item_id,quantity) VALUES ('DET757',681,'ITEM029',2);
INSERT INTO orders_details(Order_detail_id,Order_id,item_id,quantity) VALUES ('DET758',391,'ITEM032',8);
INSERT INTO orders_details(Order_detail_id,Order_id,item_id,quantity) VALUES ('DET759',315,'ITEM029',5);
INSERT INTO orders_details(Order_detail_id,Order_id,item_id,quantity) VALUES ('DET760',69,'ITEM037',7);
INSERT INTO orders_details(Order_detail_id,Order_id,item_id,quantity) VALUES ('DET761',591,'ITEM067',10);
INSERT INTO orders_details(Order_detail_id,Order_id,item_id,quantity) VALUES ('DET762',617,'ITEM037',6);
INSERT INTO orders_details(Order_detail_id,Order_id,item_id,quantity) VALUES ('DET763',70,'ITEM061',1);
INSERT INTO orders_details(Order_detail_id,Order_id,item_id,quantity) VALUES ('DET764',521,'ITEM028',10);
INSERT INTO orders_details(Order_detail_id,Order_id,item_id,quantity) VALUES ('DET765',289,'ITEM048',5);
INSERT INTO orders_details(Order_detail_id,Order_id,item_id,quantity) VALUES ('DET766',319,'ITEM009',9);
INSERT INTO orders_details(Order_detail_id,Order_id,item_id,quantity) VALUES ('DET767',708,'ITEM052',4);
INSERT INTO orders_details(Order_detail_id,Order_id,item_id,quantity) VALUES ('DET768',719,'ITEM019',2);
INSERT INTO orders_details(Order_detail_id,Order_id,item_id,quantity) VALUES ('DET769',428,'ITEM009',4);
INSERT INTO orders_details(Order_detail_id,Order_id,item_id,quantity) VALUES ('DET770',771,'ITEM093',9);
INSERT INTO orders_details(Order_detail_id,Order_id,item_id,quantity) VALUES ('DET771',153,'ITEM065',8);
INSERT INTO orders_details(Order_detail_id,Order_id,item_id,quantity) VALUES ('DET772',291,'ITEM056',8);
INSERT INTO orders_details(Order_detail_id,Order_id,item_id,quantity) VALUES ('DET773',465,'ITEM012',7);
INSERT INTO orders_details(Order_detail_id,Order_id,item_id,quantity) VALUES ('DET774',847,'ITEM030',6);
INSERT INTO orders_details(Order_detail_id,Order_id,item_id,quantity) VALUES ('DET775',555,'ITEM054',2);
INSERT INTO orders_details(Order_detail_id,Order_id,item_id,quantity) VALUES ('DET776',843,'ITEM020',4);
INSERT INTO orders_details(Order_detail_id,Order_id,item_id,quantity) VALUES ('DET777',207,'ITEM000',4);
INSERT INTO orders_details(Order_detail_id,Order_id,item_id,quantity) VALUES ('DET778',345,'ITEM016',6);
INSERT INTO orders_details(Order_detail_id,Order_id,item_id,quantity) VALUES ('DET779',576,'ITEM058',3);
INSERT INTO orders_details(Order_detail_id,Order_id,item_id,quantity) VALUES ('DET780',353,'ITEM046',1);
INSERT INTO orders_details(Order_detail_id,Order_id,item_id,quantity) VALUES ('DET781',917,'ITEM022',10);
INSERT INTO orders_details(Order_detail_id,Order_id,item_id,quantity) VALUES ('DET782',835,'ITEM070',7);
INSERT INTO orders_details(Order_detail_id,Order_id,item_id,quantity) VALUES ('DET783',864,'ITEM062',8);
INSERT INTO orders_details(Order_detail_id,Order_id,item_id,quantity) VALUES ('DET784',508,'ITEM071',3);
INSERT INTO orders_details(Order_detail_id,Order_id,item_id,quantity) VALUES ('DET785',332,'ITEM090',10);
INSERT INTO orders_details(Order_detail_id,Order_id,item_id,quantity) VALUES ('DET786',557,'ITEM037',5);
INSERT INTO orders_details(Order_detail_id,Order_id,item_id,quantity) VALUES ('DET787',977,'ITEM055',6);
INSERT INTO orders_details(Order_detail_id,Order_id,item_id,quantity) VALUES ('DET788',524,'ITEM095',8);
INSERT INTO orders_details(Order_detail_id,Order_id,item_id,quantity) VALUES ('DET789',779,'ITEM056',7);
INSERT INTO orders_details(Order_detail_id,Order_id,item_id,quantity) VALUES ('DET790',389,'ITEM092',7);
INSERT INTO orders_details(Order_detail_id,Order_id,item_id,quantity) VALUES ('DET791',805,'ITEM040',6);
INSERT INTO orders_details(Order_detail_id,Order_id,item_id,quantity) VALUES ('DET792',314,'ITEM017',9);
INSERT INTO orders_details(Order_detail_id,Order_id,item_id,quantity) VALUES ('DET793',189,'ITEM055',4);
INSERT INTO orders_details(Order_detail_id,Order_id,item_id,quantity) VALUES ('DET794',572,'ITEM029',7);
INSERT INTO orders_details(Order_detail_id,Order_id,item_id,quantity) VALUES ('DET795',170,'ITEM013',5);
INSERT INTO orders_details(Order_detail_id,Order_id,item_id,quantity) VALUES ('DET796',282,'ITEM079',10);
INSERT INTO orders_details(Order_detail_id,Order_id,item_id,quantity) VALUES ('DET797',406,'ITEM013',2);
INSERT INTO orders_details(Order_detail_id,Order_id,item_id,quantity) VALUES ('DET798',754,'ITEM034',10);
INSERT INTO orders_details(Order_detail_id,Order_id,item_id,quantity) VALUES ('DET799',399,'ITEM051',10);
INSERT INTO orders_details(Order_detail_id,Order_id,item_id,quantity) VALUES ('DET800',641,'ITEM089',4);
INSERT INTO orders_details(Order_detail_id,Order_id,item_id,quantity) VALUES ('DET801',489,'ITEM017',9);
INSERT INTO orders_details(Order_detail_id,Order_id,item_id,quantity) VALUES ('DET802',790,'ITEM041',5);
INSERT INTO orders_details(Order_detail_id,Order_id,item_id,quantity) VALUES ('DET803',206,'ITEM092',7);
INSERT INTO orders_details(Order_detail_id,Order_id,item_id,quantity) VALUES ('DET804',987,'ITEM028',3);
INSERT INTO orders_details(Order_detail_id,Order_id,item_id,quantity) VALUES ('DET805',321,'ITEM008',2);
INSERT INTO orders_details(Order_detail_id,Order_id,item_id,quantity) VALUES ('DET806',490,'ITEM076',6);
INSERT INTO orders_details(Order_detail_id,Order_id,item_id,quantity) VALUES ('DET807',29,'ITEM084',7);
INSERT INTO orders_details(Order_detail_id,Order_id,item_id,quantity) VALUES ('DET808',804,'ITEM055',6);
INSERT INTO orders_details(Order_detail_id,Order_id,item_id,quantity) VALUES ('DET809',223,'ITEM007',10);
INSERT INTO orders_details(Order_detail_id,Order_id,item_id,quantity) VALUES ('DET810',361,'ITEM069',10);
INSERT INTO orders_details(Order_detail_id,Order_id,item_id,quantity) VALUES ('DET811',586,'ITEM046',10);
INSERT INTO orders_details(Order_detail_id,Order_id,item_id,quantity) VALUES ('DET812',471,'ITEM054',8);
INSERT INTO orders_details(Order_detail_id,Order_id,item_id,quantity) VALUES ('DET813',963,'ITEM036',5);
INSERT INTO orders_details(Order_detail_id,Order_id,item_id,quantity) VALUES ('DET814',254,'ITEM047',9);
INSERT INTO orders_details(Order_detail_id,Order_id,item_id,quantity) VALUES ('DET815',992,'ITEM096',9);
INSERT INTO orders_details(Order_detail_id,Order_id,item_id,quantity) VALUES ('DET816',292,'ITEM027',3);
INSERT INTO orders_details(Order_detail_id,Order_id,item_id,quantity) VALUES ('DET817',396,'ITEM076',4);
INSERT INTO orders_details(Order_detail_id,Order_id,item_id,quantity) VALUES ('DET818',619,'ITEM050',1);
INSERT INTO orders_details(Order_detail_id,Order_id,item_id,quantity) VALUES ('DET819',148,'ITEM039',6);
INSERT INTO orders_details(Order_detail_id,Order_id,item_id,quantity) VALUES ('DET820',368,'ITEM039',4);
INSERT INTO orders_details(Order_detail_id,Order_id,item_id,quantity) VALUES ('DET821',29,'ITEM090',9);
INSERT INTO orders_details(Order_detail_id,Order_id,item_id,quantity) VALUES ('DET822',397,'ITEM065',1);
INSERT INTO orders_details(Order_detail_id,Order_id,item_id,quantity) VALUES ('DET823',575,'ITEM056',2);
INSERT INTO orders_details(Order_detail_id,Order_id,item_id,quantity) VALUES ('DET824',119,'ITEM027',7);
INSERT INTO orders_details(Order_detail_id,Order_id,item_id,quantity) VALUES ('DET825',784,'ITEM066',8);
INSERT INTO orders_details(Order_detail_id,Order_id,item_id,quantity) VALUES ('DET826',133,'ITEM088',2);
INSERT INTO orders_details(Order_detail_id,Order_id,item_id,quantity) VALUES ('DET827',91,'ITEM045',2);
INSERT INTO orders_details(Order_detail_id,Order_id,item_id,quantity) VALUES ('DET828',186,'ITEM000',6);
INSERT INTO orders_details(Order_detail_id,Order_id,item_id,quantity) VALUES ('DET829',900,'ITEM070',4);
INSERT INTO orders_details(Order_detail_id,Order_id,item_id,quantity) VALUES ('DET830',96,'ITEM094',1);
INSERT INTO orders_details(Order_detail_id,Order_id,item_id,quantity) VALUES ('DET831',555,'ITEM075',5);
INSERT INTO orders_details(Order_detail_id,Order_id,item_id,quantity) VALUES ('DET832',81,'ITEM013',4);
INSERT INTO orders_details(Order_detail_id,Order_id,item_id,quantity) VALUES ('DET833',673,'ITEM037',3);
INSERT INTO orders_details(Order_detail_id,Order_id,item_id,quantity) VALUES ('DET834',572,'ITEM011',2);
INSERT INTO orders_details(Order_detail_id,Order_id,item_id,quantity) VALUES ('DET835',663,'ITEM090',8);
INSERT INTO orders_details(Order_detail_id,Order_id,item_id,quantity) VALUES ('DET836',618,'ITEM075',1);
INSERT INTO orders_details(Order_detail_id,Order_id,item_id,quantity) VALUES ('DET837',432,'ITEM054',5);
INSERT INTO orders_details(Order_detail_id,Order_id,item_id,quantity) VALUES ('DET838',987,'ITEM022',2);
INSERT INTO orders_details(Order_detail_id,Order_id,item_id,quantity) VALUES ('DET839',540,'ITEM027',6);
INSERT INTO orders_details(Order_detail_id,Order_id,item_id,quantity) VALUES ('DET840',952,'ITEM039',1);
INSERT INTO orders_details(Order_detail_id,Order_id,item_id,quantity) VALUES ('DET841',200,'ITEM079',4);
INSERT INTO orders_details(Order_detail_id,Order_id,item_id,quantity) VALUES ('DET842',394,'ITEM027',1);
INSERT INTO orders_details(Order_detail_id,Order_id,item_id,quantity) VALUES ('DET843',195,'ITEM066',10);
INSERT INTO orders_details(Order_detail_id,Order_id,item_id,quantity) VALUES ('DET844',704,'ITEM047',1);
INSERT INTO orders_details(Order_detail_id,Order_id,item_id,quantity) VALUES ('DET845',616,'ITEM017',3);
INSERT INTO orders_details(Order_detail_id,Order_id,item_id,quantity) VALUES ('DET846',732,'ITEM029',7);
INSERT INTO orders_details(Order_detail_id,Order_id,item_id,quantity) VALUES ('DET847',714,'ITEM057',3);
INSERT INTO orders_details(Order_detail_id,Order_id,item_id,quantity) VALUES ('DET848',168,'ITEM023',3);
INSERT INTO orders_details(Order_detail_id,Order_id,item_id,quantity) VALUES ('DET849',127,'ITEM040',9);
INSERT INTO orders_details(Order_detail_id,Order_id,item_id,quantity) VALUES ('DET850',685,'ITEM081',8);
INSERT INTO orders_details(Order_detail_id,Order_id,item_id,quantity) VALUES ('DET851',500,'ITEM023',5);
INSERT INTO orders_details(Order_detail_id,Order_id,item_id,quantity) VALUES ('DET852',795,'ITEM027',3);
INSERT INTO orders_details(Order_detail_id,Order_id,item_id,quantity) VALUES ('DET853',613,'ITEM097',8);
INSERT INTO orders_details(Order_detail_id,Order_id,item_id,quantity) VALUES ('DET854',170,'ITEM039',3);
INSERT INTO orders_details(Order_detail_id,Order_id,item_id,quantity) VALUES ('DET855',889,'ITEM053',8);
INSERT INTO orders_details(Order_detail_id,Order_id,item_id,quantity) VALUES ('DET856',462,'ITEM081',4);
INSERT INTO orders_details(Order_detail_id,Order_id,item_id,quantity) VALUES ('DET857',828,'ITEM071',2);
INSERT INTO orders_details(Order_detail_id,Order_id,item_id,quantity) VALUES ('DET858',851,'ITEM074',5);
INSERT INTO orders_details(Order_detail_id,Order_id,item_id,quantity) VALUES ('DET859',715,'ITEM007',5);
INSERT INTO orders_details(Order_detail_id,Order_id,item_id,quantity) VALUES ('DET860',539,'ITEM012',3);
INSERT INTO orders_details(Order_detail_id,Order_id,item_id,quantity) VALUES ('DET861',228,'ITEM038',1);
INSERT INTO orders_details(Order_detail_id,Order_id,item_id,quantity) VALUES ('DET862',597,'ITEM082',3);
INSERT INTO orders_details(Order_detail_id,Order_id,item_id,quantity) VALUES ('DET863',732,'ITEM092',3);
INSERT INTO orders_details(Order_detail_id,Order_id,item_id,quantity) VALUES ('DET864',63,'ITEM046',8);
INSERT INTO orders_details(Order_detail_id,Order_id,item_id,quantity) VALUES ('DET865',892,'ITEM007',8);
INSERT INTO orders_details(Order_detail_id,Order_id,item_id,quantity) VALUES ('DET866',247,'ITEM011',3);
INSERT INTO orders_details(Order_detail_id,Order_id,item_id,quantity) VALUES ('DET867',888,'ITEM005',4);
INSERT INTO orders_details(Order_detail_id,Order_id,item_id,quantity) VALUES ('DET868',761,'ITEM024',2);
INSERT INTO orders_details(Order_detail_id,Order_id,item_id,quantity) VALUES ('DET869',855,'ITEM082',1);
INSERT INTO orders_details(Order_detail_id,Order_id,item_id,quantity) VALUES ('DET870',639,'ITEM098',7);
INSERT INTO orders_details(Order_detail_id,Order_id,item_id,quantity) VALUES ('DET871',127,'ITEM072',2);
INSERT INTO orders_details(Order_detail_id,Order_id,item_id,quantity) VALUES ('DET872',98,'ITEM059',9);
INSERT INTO orders_details(Order_detail_id,Order_id,item_id,quantity) VALUES ('DET873',740,'ITEM038',2);
INSERT INTO orders_details(Order_detail_id,Order_id,item_id,quantity) VALUES ('DET874',101,'ITEM049',3);
INSERT INTO orders_details(Order_detail_id,Order_id,item_id,quantity) VALUES ('DET875',683,'ITEM058',8);
INSERT INTO orders_details(Order_detail_id,Order_id,item_id,quantity) VALUES ('DET876',311,'ITEM061',8);
INSERT INTO orders_details(Order_detail_id,Order_id,item_id,quantity) VALUES ('DET877',237,'ITEM022',3);
INSERT INTO orders_details(Order_detail_id,Order_id,item_id,quantity) VALUES ('DET878',956,'ITEM060',9);
INSERT INTO orders_details(Order_detail_id,Order_id,item_id,quantity) VALUES ('DET879',139,'ITEM010',8);
INSERT INTO orders_details(Order_detail_id,Order_id,item_id,quantity) VALUES ('DET880',585,'ITEM005',3);
INSERT INTO orders_details(Order_detail_id,Order_id,item_id,quantity) VALUES ('DET881',940,'ITEM076',1);
INSERT INTO orders_details(Order_detail_id,Order_id,item_id,quantity) VALUES ('DET882',985,'ITEM047',1);
INSERT INTO orders_details(Order_detail_id,Order_id,item_id,quantity) VALUES ('DET883',936,'ITEM060',4);
INSERT INTO orders_details(Order_detail_id,Order_id,item_id,quantity) VALUES ('DET884',820,'ITEM031',1);
INSERT INTO orders_details(Order_detail_id,Order_id,item_id,quantity) VALUES ('DET885',22,'ITEM052',10);
INSERT INTO orders_details(Order_detail_id,Order_id,item_id,quantity) VALUES ('DET886',472,'ITEM072',7);
INSERT INTO orders_details(Order_detail_id,Order_id,item_id,quantity) VALUES ('DET887',266,'ITEM037',9);
INSERT INTO orders_details(Order_detail_id,Order_id,item_id,quantity) VALUES ('DET888',97,'ITEM068',9);
INSERT INTO orders_details(Order_detail_id,Order_id,item_id,quantity) VALUES ('DET889',950,'ITEM052',2);
INSERT INTO orders_details(Order_detail_id,Order_id,item_id,quantity) VALUES ('DET890',845,'ITEM006',9);
INSERT INTO orders_details(Order_detail_id,Order_id,item_id,quantity) VALUES ('DET891',800,'ITEM027',7);
INSERT INTO orders_details(Order_detail_id,Order_id,item_id,quantity) VALUES ('DET892',306,'ITEM080',5);
INSERT INTO orders_details(Order_detail_id,Order_id,item_id,quantity) VALUES ('DET893',729,'ITEM056',1);
INSERT INTO orders_details(Order_detail_id,Order_id,item_id,quantity) VALUES ('DET894',271,'ITEM007',7);
INSERT INTO orders_details(Order_detail_id,Order_id,item_id,quantity) VALUES ('DET895',549,'ITEM045',8);
INSERT INTO orders_details(Order_detail_id,Order_id,item_id,quantity) VALUES ('DET896',435,'ITEM064',10);
INSERT INTO orders_details(Order_detail_id,Order_id,item_id,quantity) VALUES ('DET897',979,'ITEM044',7);
INSERT INTO orders_details(Order_detail_id,Order_id,item_id,quantity) VALUES ('DET898',61,'ITEM051',3);
INSERT INTO orders_details(Order_detail_id,Order_id,item_id,quantity) VALUES ('DET899',252,'ITEM021',10);
INSERT INTO orders_details(Order_detail_id,Order_id,item_id,quantity) VALUES ('DET900',579,'ITEM006',5);
INSERT INTO orders_details(Order_detail_id,Order_id,item_id,quantity) VALUES ('DET901',383,'ITEM026',5);
INSERT INTO orders_details(Order_detail_id,Order_id,item_id,quantity) VALUES ('DET902',59,'ITEM015',7);
INSERT INTO orders_details(Order_detail_id,Order_id,item_id,quantity) VALUES ('DET903',384,'ITEM065',9);
INSERT INTO orders_details(Order_detail_id,Order_id,item_id,quantity) VALUES ('DET904',962,'ITEM058',10);
INSERT INTO orders_details(Order_detail_id,Order_id,item_id,quantity) VALUES ('DET905',471,'ITEM014',1);
INSERT INTO orders_details(Order_detail_id,Order_id,item_id,quantity) VALUES ('DET906',223,'ITEM019',8);
INSERT INTO orders_details(Order_detail_id,Order_id,item_id,quantity) VALUES ('DET907',614,'ITEM030',3);
INSERT INTO orders_details(Order_detail_id,Order_id,item_id,quantity) VALUES ('DET908',904,'ITEM075',3);
INSERT INTO orders_details(Order_detail_id,Order_id,item_id,quantity) VALUES ('DET909',271,'ITEM047',3);
INSERT INTO orders_details(Order_detail_id,Order_id,item_id,quantity) VALUES ('DET910',311,'ITEM061',5);
INSERT INTO orders_details(Order_detail_id,Order_id,item_id,quantity) VALUES ('DET911',761,'ITEM096',10);
INSERT INTO orders_details(Order_detail_id,Order_id,item_id,quantity) VALUES ('DET912',621,'ITEM069',2);
INSERT INTO orders_details(Order_detail_id,Order_id,item_id,quantity) VALUES ('DET913',200,'ITEM020',3);
INSERT INTO orders_details(Order_detail_id,Order_id,item_id,quantity) VALUES ('DET914',708,'ITEM063',6);
INSERT INTO orders_details(Order_detail_id,Order_id,item_id,quantity) VALUES ('DET915',269,'ITEM024',5);
INSERT INTO orders_details(Order_detail_id,Order_id,item_id,quantity) VALUES ('DET916',593,'ITEM001',1);
INSERT INTO orders_details(Order_detail_id,Order_id,item_id,quantity) VALUES ('DET917',664,'ITEM036',5);
INSERT INTO orders_details(Order_detail_id,Order_id,item_id,quantity) VALUES ('DET918',970,'ITEM061',3);
INSERT INTO orders_details(Order_detail_id,Order_id,item_id,quantity) VALUES ('DET919',107,'ITEM064',3);
INSERT INTO orders_details(Order_detail_id,Order_id,item_id,quantity) VALUES ('DET920',800,'ITEM035',4);
INSERT INTO orders_details(Order_detail_id,Order_id,item_id,quantity) VALUES ('DET921',881,'ITEM001',4);
INSERT INTO orders_details(Order_detail_id,Order_id,item_id,quantity) VALUES ('DET922',822,'ITEM062',7);
INSERT INTO orders_details(Order_detail_id,Order_id,item_id,quantity) VALUES ('DET923',448,'ITEM073',6);
INSERT INTO orders_details(Order_detail_id,Order_id,item_id,quantity) VALUES ('DET924',705,'ITEM009',6);
INSERT INTO orders_details(Order_detail_id,Order_id,item_id,quantity) VALUES ('DET925',660,'ITEM063',8);
INSERT INTO orders_details(Order_detail_id,Order_id,item_id,quantity) VALUES ('DET926',299,'ITEM059',9);
INSERT INTO orders_details(Order_detail_id,Order_id,item_id,quantity) VALUES ('DET927',557,'ITEM002',7);
INSERT INTO orders_details(Order_detail_id,Order_id,item_id,quantity) VALUES ('DET928',702,'ITEM008',5);
INSERT INTO orders_details(Order_detail_id,Order_id,item_id,quantity) VALUES ('DET929',119,'ITEM061',7);
INSERT INTO orders_details(Order_detail_id,Order_id,item_id,quantity) VALUES ('DET930',850,'ITEM036',6);
INSERT INTO orders_details(Order_detail_id,Order_id,item_id,quantity) VALUES ('DET931',878,'ITEM007',3);
INSERT INTO orders_details(Order_detail_id,Order_id,item_id,quantity) VALUES ('DET932',362,'ITEM009',5);
INSERT INTO orders_details(Order_detail_id,Order_id,item_id,quantity) VALUES ('DET933',387,'ITEM035',1);
INSERT INTO orders_details(Order_detail_id,Order_id,item_id,quantity) VALUES ('DET934',757,'ITEM031',2);
INSERT INTO orders_details(Order_detail_id,Order_id,item_id,quantity) VALUES ('DET935',461,'ITEM052',4);
INSERT INTO orders_details(Order_detail_id,Order_id,item_id,quantity) VALUES ('DET936',24,'ITEM038',7);
INSERT INTO orders_details(Order_detail_id,Order_id,item_id,quantity) VALUES ('DET937',666,'ITEM061',6);
INSERT INTO orders_details(Order_detail_id,Order_id,item_id,quantity) VALUES ('DET938',227,'ITEM090',7);
INSERT INTO orders_details(Order_detail_id,Order_id,item_id,quantity) VALUES ('DET939',341,'ITEM036',2);
INSERT INTO orders_details(Order_detail_id,Order_id,item_id,quantity) VALUES ('DET940',435,'ITEM039',5);
INSERT INTO orders_details(Order_detail_id,Order_id,item_id,quantity) VALUES ('DET941',350,'ITEM071',3);
INSERT INTO orders_details(Order_detail_id,Order_id,item_id,quantity) VALUES ('DET942',209,'ITEM089',6);
INSERT INTO orders_details(Order_detail_id,Order_id,item_id,quantity) VALUES ('DET943',615,'ITEM042',9);
INSERT INTO orders_details(Order_detail_id,Order_id,item_id,quantity) VALUES ('DET944',701,'ITEM006',3);
INSERT INTO orders_details(Order_detail_id,Order_id,item_id,quantity) VALUES ('DET945',974,'ITEM093',4);
INSERT INTO orders_details(Order_detail_id,Order_id,item_id,quantity) VALUES ('DET946',976,'ITEM084',8);
INSERT INTO orders_details(Order_detail_id,Order_id,item_id,quantity) VALUES ('DET947',750,'ITEM056',6);
INSERT INTO orders_details(Order_detail_id,Order_id,item_id,quantity) VALUES ('DET948',601,'ITEM061',7);
INSERT INTO orders_details(Order_detail_id,Order_id,item_id,quantity) VALUES ('DET949',39,'ITEM086',4);
INSERT INTO orders_details(Order_detail_id,Order_id,item_id,quantity) VALUES ('DET950',634,'ITEM068',9);
INSERT INTO orders_details(Order_detail_id,Order_id,item_id,quantity) VALUES ('DET951',320,'ITEM045',6);
INSERT INTO orders_details(Order_detail_id,Order_id,item_id,quantity) VALUES ('DET952',920,'ITEM004',3);
INSERT INTO orders_details(Order_detail_id,Order_id,item_id,quantity) VALUES ('DET953',611,'ITEM081',10);
INSERT INTO orders_details(Order_detail_id,Order_id,item_id,quantity) VALUES ('DET954',563,'ITEM041',1);
INSERT INTO orders_details(Order_detail_id,Order_id,item_id,quantity) VALUES ('DET955',297,'ITEM008',10);
INSERT INTO orders_details(Order_detail_id,Order_id,item_id,quantity) VALUES ('DET956',501,'ITEM006',1);
INSERT INTO orders_details(Order_detail_id,Order_id,item_id,quantity) VALUES ('DET957',91,'ITEM075',1);
INSERT INTO orders_details(Order_detail_id,Order_id,item_id,quantity) VALUES ('DET958',183,'ITEM013',5);
INSERT INTO orders_details(Order_detail_id,Order_id,item_id,quantity) VALUES ('DET959',552,'ITEM081',5);
INSERT INTO orders_details(Order_detail_id,Order_id,item_id,quantity) VALUES ('DET960',612,'ITEM058',3);
INSERT INTO orders_details(Order_detail_id,Order_id,item_id,quantity) VALUES ('DET961',926,'ITEM006',10);
INSERT INTO orders_details(Order_detail_id,Order_id,item_id,quantity) VALUES ('DET962',819,'ITEM011',9);
INSERT INTO orders_details(Order_detail_id,Order_id,item_id,quantity) VALUES ('DET963',951,'ITEM051',7);
INSERT INTO orders_details(Order_detail_id,Order_id,item_id,quantity) VALUES ('DET964',667,'ITEM010',9);
INSERT INTO orders_details(Order_detail_id,Order_id,item_id,quantity) VALUES ('DET965',91,'ITEM012',9);
INSERT INTO orders_details(Order_detail_id,Order_id,item_id,quantity) VALUES ('DET966',163,'ITEM005',2);
INSERT INTO orders_details(Order_detail_id,Order_id,item_id,quantity) VALUES ('DET967',702,'ITEM004',3);
INSERT INTO orders_details(Order_detail_id,Order_id,item_id,quantity) VALUES ('DET968',729,'ITEM098',10);
INSERT INTO orders_details(Order_detail_id,Order_id,item_id,quantity) VALUES ('DET969',397,'ITEM013',1);
INSERT INTO orders_details(Order_detail_id,Order_id,item_id,quantity) VALUES ('DET970',486,'ITEM071',10);
INSERT INTO orders_details(Order_detail_id,Order_id,item_id,quantity) VALUES ('DET971',988,'ITEM033',2);
INSERT INTO orders_details(Order_detail_id,Order_id,item_id,quantity) VALUES ('DET972',678,'ITEM098',5);
INSERT INTO orders_details(Order_detail_id,Order_id,item_id,quantity) VALUES ('DET973',252,'ITEM012',6);
INSERT INTO orders_details(Order_detail_id,Order_id,item_id,quantity) VALUES ('DET974',986,'ITEM017',3);
INSERT INTO orders_details(Order_detail_id,Order_id,item_id,quantity) VALUES ('DET975',128,'ITEM011',10);
INSERT INTO orders_details(Order_detail_id,Order_id,item_id,quantity) VALUES ('DET976',962,'ITEM046',1);
INSERT INTO orders_details(Order_detail_id,Order_id,item_id,quantity) VALUES ('DET977',908,'ITEM086',5);
INSERT INTO orders_details(Order_detail_id,Order_id,item_id,quantity) VALUES ('DET978',265,'ITEM066',5);
INSERT INTO orders_details(Order_detail_id,Order_id,item_id,quantity) VALUES ('DET979',851,'ITEM078',3);
INSERT INTO orders_details(Order_detail_id,Order_id,item_id,quantity) VALUES ('DET980',118,'ITEM097',1);
INSERT INTO orders_details(Order_detail_id,Order_id,item_id,quantity) VALUES ('DET981',131,'ITEM057',10);
INSERT INTO orders_details(Order_detail_id,Order_id,item_id,quantity) VALUES ('DET982',510,'ITEM010',10);
INSERT INTO orders_details(Order_detail_id,Order_id,item_id,quantity) VALUES ('DET983',733,'ITEM090',8);
INSERT INTO orders_details(Order_detail_id,Order_id,item_id,quantity) VALUES ('DET984',305,'ITEM064',10);
INSERT INTO orders_details(Order_detail_id,Order_id,item_id,quantity) VALUES ('DET985',598,'ITEM082',10);
INSERT INTO orders_details(Order_detail_id,Order_id,item_id,quantity) VALUES ('DET986',732,'ITEM049',8);
INSERT INTO orders_details(Order_detail_id,Order_id,item_id,quantity) VALUES ('DET987',722,'ITEM057',3);
INSERT INTO orders_details(Order_detail_id,Order_id,item_id,quantity) VALUES ('DET988',494,'ITEM021',5);
INSERT INTO orders_details(Order_detail_id,Order_id,item_id,quantity) VALUES ('DET989',851,'ITEM077',9);
INSERT INTO orders_details(Order_detail_id,Order_id,item_id,quantity) VALUES ('DET990',949,'ITEM002',8);
INSERT INTO orders_details(Order_detail_id,Order_id,item_id,quantity) VALUES ('DET991',710,'ITEM008',3);
INSERT INTO orders_details(Order_detail_id,Order_id,item_id,quantity) VALUES ('DET992',578,'ITEM066',8);
INSERT INTO orders_details(Order_detail_id,Order_id,item_id,quantity) VALUES ('DET993',323,'ITEM053',8);
INSERT INTO orders_details(Order_detail_id,Order_id,item_id,quantity) VALUES ('DET994',985,'ITEM046',6);
INSERT INTO orders_details(Order_detail_id,Order_id,item_id,quantity) VALUES ('DET995',984,'ITEM040',5);
INSERT INTO orders_details(Order_detail_id,Order_id,item_id,quantity) VALUES ('DET996',283,'ITEM005',1);
INSERT INTO orders_details(Order_detail_id,Order_id,item_id,quantity) VALUES ('DET997',672,'ITEM071',5);
INSERT INTO orders_details(Order_detail_id,Order_id,item_id,quantity) VALUES ('DET998',394,'ITEM014',10);
INSERT INTO orders_details(Order_detail_id,Order_id,item_id,quantity) VALUES ('DET999',785,'ITEM092',9);
INSERT INTO orders_details(Order_detail_id,Order_id,item_id,quantity) VALUES ('DET1000',34,'ITEM062',3);
INSERT INTO orders_details(Order_detail_id,Order_id,item_id,quantity) VALUES ('DET1001',786,'ITEM083',6);
INSERT INTO orders_details(Order_detail_id,Order_id,item_id,quantity) VALUES ('DET1002',24,'ITEM013',4);
INSERT INTO orders_details(Order_detail_id,Order_id,item_id,quantity) VALUES ('DET1003',469,'ITEM084',4);
INSERT INTO orders_details(Order_detail_id,Order_id,item_id,quantity) VALUES ('DET1004',502,'ITEM039',8);
INSERT INTO orders_details(Order_detail_id,Order_id,item_id,quantity) VALUES ('DET1005',754,'ITEM097',5);
INSERT INTO orders_details(Order_detail_id,Order_id,item_id,quantity) VALUES ('DET1006',403,'ITEM001',5);
INSERT INTO orders_details(Order_detail_id,Order_id,item_id,quantity) VALUES ('DET1007',2,'ITEM064',4);
INSERT INTO orders_details(Order_detail_id,Order_id,item_id,quantity) VALUES ('DET1008',95,'ITEM076',8);
INSERT INTO orders_details(Order_detail_id,Order_id,item_id,quantity) VALUES ('DET1009',855,'ITEM088',2);
INSERT INTO orders_details(Order_detail_id,Order_id,item_id,quantity) VALUES ('DET1010',457,'ITEM097',5);
INSERT INTO orders_details(Order_detail_id,Order_id,item_id,quantity) VALUES ('DET1011',451,'ITEM036',7);
INSERT INTO orders_details(Order_detail_id,Order_id,item_id,quantity) VALUES ('DET1012',490,'ITEM019',10);
INSERT INTO orders_details(Order_detail_id,Order_id,item_id,quantity) VALUES ('DET1013',710,'ITEM052',10);
INSERT INTO orders_details(Order_detail_id,Order_id,item_id,quantity) VALUES ('DET1014',785,'ITEM036',6);
INSERT INTO orders_details(Order_detail_id,Order_id,item_id,quantity) VALUES ('DET1015',229,'ITEM034',3);
INSERT INTO orders_details(Order_detail_id,Order_id,item_id,quantity) VALUES ('DET1016',65,'ITEM064',2);
INSERT INTO orders_details(Order_detail_id,Order_id,item_id,quantity) VALUES ('DET1017',282,'ITEM020',9);
INSERT INTO orders_details(Order_detail_id,Order_id,item_id,quantity) VALUES ('DET1018',344,'ITEM033',3);
INSERT INTO orders_details(Order_detail_id,Order_id,item_id,quantity) VALUES ('DET1019',333,'ITEM087',7);
INSERT INTO orders_details(Order_detail_id,Order_id,item_id,quantity) VALUES ('DET1020',430,'ITEM074',8);
INSERT INTO orders_details(Order_detail_id,Order_id,item_id,quantity) VALUES ('DET1021',999,'ITEM053',1);
INSERT INTO orders_details(Order_detail_id,Order_id,item_id,quantity) VALUES ('DET1022',444,'ITEM092',9);
INSERT INTO orders_details(Order_detail_id,Order_id,item_id,quantity) VALUES ('DET1023',409,'ITEM004',2);
INSERT INTO orders_details(Order_detail_id,Order_id,item_id,quantity) VALUES ('DET1024',921,'ITEM084',3);
INSERT INTO orders_details(Order_detail_id,Order_id,item_id,quantity) VALUES ('DET1025',27,'ITEM078',9);
INSERT INTO orders_details(Order_detail_id,Order_id,item_id,quantity) VALUES ('DET1026',655,'ITEM060',6);
INSERT INTO orders_details(Order_detail_id,Order_id,item_id,quantity) VALUES ('DET1027',692,'ITEM080',8);
INSERT INTO orders_details(Order_detail_id,Order_id,item_id,quantity) VALUES ('DET1028',433,'ITEM072',1);
INSERT INTO orders_details(Order_detail_id,Order_id,item_id,quantity) VALUES ('DET1029',924,'ITEM082',10);
INSERT INTO orders_details(Order_detail_id,Order_id,item_id,quantity) VALUES ('DET1030',612,'ITEM061',5);
INSERT INTO orders_details(Order_detail_id,Order_id,item_id,quantity) VALUES ('DET1031',456,'ITEM099',6);
INSERT INTO orders_details(Order_detail_id,Order_id,item_id,quantity) VALUES ('DET1032',237,'ITEM018',4);
INSERT INTO orders_details(Order_detail_id,Order_id,item_id,quantity) VALUES ('DET1033',69,'ITEM032',9);
INSERT INTO orders_details(Order_detail_id,Order_id,item_id,quantity) VALUES ('DET1034',363,'ITEM086',1);
INSERT INTO orders_details(Order_detail_id,Order_id,item_id,quantity) VALUES ('DET1035',66,'ITEM071',7);
INSERT INTO orders_details(Order_detail_id,Order_id,item_id,quantity) VALUES ('DET1036',15,'ITEM010',10);
INSERT INTO orders_details(Order_detail_id,Order_id,item_id,quantity) VALUES ('DET1037',795,'ITEM096',9);
INSERT INTO orders_details(Order_detail_id,Order_id,item_id,quantity) VALUES ('DET1038',221,'ITEM009',5);
INSERT INTO orders_details(Order_detail_id,Order_id,item_id,quantity) VALUES ('DET1039',428,'ITEM021',1);
INSERT INTO orders_details(Order_detail_id,Order_id,item_id,quantity) VALUES ('DET1040',565,'ITEM010',1);
INSERT INTO orders_details(Order_detail_id,Order_id,item_id,quantity) VALUES ('DET1041',59,'ITEM030',6);
INSERT INTO orders_details(Order_detail_id,Order_id,item_id,quantity) VALUES ('DET1042',217,'ITEM003',3);
INSERT INTO orders_details(Order_detail_id,Order_id,item_id,quantity) VALUES ('DET1043',588,'ITEM048',4);
INSERT INTO orders_details(Order_detail_id,Order_id,item_id,quantity) VALUES ('DET1044',658,'ITEM078',10);
INSERT INTO orders_details(Order_detail_id,Order_id,item_id,quantity) VALUES ('DET1045',945,'ITEM032',6);
INSERT INTO orders_details(Order_detail_id,Order_id,item_id,quantity) VALUES ('DET1046',342,'ITEM020',8);
INSERT INTO orders_details(Order_detail_id,Order_id,item_id,quantity) VALUES ('DET1047',18,'ITEM041',5);
INSERT INTO orders_details(Order_detail_id,Order_id,item_id,quantity) VALUES ('DET1048',918,'ITEM020',4);
INSERT INTO orders_details(Order_detail_id,Order_id,item_id,quantity) VALUES ('DET1049',164,'ITEM026',4);
INSERT INTO orders_details(Order_detail_id,Order_id,item_id,quantity) VALUES ('DET1050',248,'ITEM006',9);
INSERT INTO orders_details(Order_detail_id,Order_id,item_id,quantity) VALUES ('DET1051',234,'ITEM033',6);
INSERT INTO orders_details(Order_detail_id,Order_id,item_id,quantity) VALUES ('DET1052',520,'ITEM010',6);
INSERT INTO orders_details(Order_detail_id,Order_id,item_id,quantity) VALUES ('DET1053',601,'ITEM011',9);
INSERT INTO orders_details(Order_detail_id,Order_id,item_id,quantity) VALUES ('DET1054',587,'ITEM030',10);
INSERT INTO orders_details(Order_detail_id,Order_id,item_id,quantity) VALUES ('DET1055',352,'ITEM002',5);
INSERT INTO orders_details(Order_detail_id,Order_id,item_id,quantity) VALUES ('DET1056',322,'ITEM025',2);
INSERT INTO orders_details(Order_detail_id,Order_id,item_id,quantity) VALUES ('DET1057',734,'ITEM086',6);
INSERT INTO orders_details(Order_detail_id,Order_id,item_id,quantity) VALUES ('DET1058',580,'ITEM053',8);
INSERT INTO orders_details(Order_detail_id,Order_id,item_id,quantity) VALUES ('DET1059',127,'ITEM093',3);
INSERT INTO orders_details(Order_detail_id,Order_id,item_id,quantity) VALUES ('DET1060',599,'ITEM033',8);
INSERT INTO orders_details(Order_detail_id,Order_id,item_id,quantity) VALUES ('DET1061',850,'ITEM012',8);
INSERT INTO orders_details(Order_detail_id,Order_id,item_id,quantity) VALUES ('DET1062',687,'ITEM076',8);
INSERT INTO orders_details(Order_detail_id,Order_id,item_id,quantity) VALUES ('DET1063',820,'ITEM015',8);
INSERT INTO orders_details(Order_detail_id,Order_id,item_id,quantity) VALUES ('DET1064',225,'ITEM063',9);
INSERT INTO orders_details(Order_detail_id,Order_id,item_id,quantity) VALUES ('DET1065',529,'ITEM043',6);
INSERT INTO orders_details(Order_detail_id,Order_id,item_id,quantity) VALUES ('DET1066',263,'ITEM030',7);
INSERT INTO orders_details(Order_detail_id,Order_id,item_id,quantity) VALUES ('DET1067',152,'ITEM015',5);
INSERT INTO orders_details(Order_detail_id,Order_id,item_id,quantity) VALUES ('DET1068',269,'ITEM064',7);
INSERT INTO orders_details(Order_detail_id,Order_id,item_id,quantity) VALUES ('DET1069',12,'ITEM020',10);
INSERT INTO orders_details(Order_detail_id,Order_id,item_id,quantity) VALUES ('DET1070',302,'ITEM091',4);
INSERT INTO orders_details(Order_detail_id,Order_id,item_id,quantity) VALUES ('DET1071',665,'ITEM025',6);
INSERT INTO orders_details(Order_detail_id,Order_id,item_id,quantity) VALUES ('DET1072',151,'ITEM035',8);
INSERT INTO orders_details(Order_detail_id,Order_id,item_id,quantity) VALUES ('DET1073',306,'ITEM057',6);
INSERT INTO orders_details(Order_detail_id,Order_id,item_id,quantity) VALUES ('DET1074',326,'ITEM057',6);
INSERT INTO orders_details(Order_detail_id,Order_id,item_id,quantity) VALUES ('DET1075',870,'ITEM035',7);
INSERT INTO orders_details(Order_detail_id,Order_id,item_id,quantity) VALUES ('DET1076',811,'ITEM027',9);
INSERT INTO orders_details(Order_detail_id,Order_id,item_id,quantity) VALUES ('DET1077',27,'ITEM070',8);
INSERT INTO orders_details(Order_detail_id,Order_id,item_id,quantity) VALUES ('DET1078',804,'ITEM057',10);
INSERT INTO orders_details(Order_detail_id,Order_id,item_id,quantity) VALUES ('DET1079',618,'ITEM032',3);
INSERT INTO orders_details(Order_detail_id,Order_id,item_id,quantity) VALUES ('DET1080',41,'ITEM057',3);
INSERT INTO orders_details(Order_detail_id,Order_id,item_id,quantity) VALUES ('DET1081',565,'ITEM000',5);
INSERT INTO orders_details(Order_detail_id,Order_id,item_id,quantity) VALUES ('DET1082',162,'ITEM019',9);
INSERT INTO orders_details(Order_detail_id,Order_id,item_id,quantity) VALUES ('DET1083',871,'ITEM037',6);
INSERT INTO orders_details(Order_detail_id,Order_id,item_id,quantity) VALUES ('DET1084',41,'ITEM010',2);
INSERT INTO orders_details(Order_detail_id,Order_id,item_id,quantity) VALUES ('DET1085',594,'ITEM039',1);
INSERT INTO orders_details(Order_detail_id,Order_id,item_id,quantity) VALUES ('DET1086',172,'ITEM039',1);
INSERT INTO orders_details(Order_detail_id,Order_id,item_id,quantity) VALUES ('DET1087',476,'ITEM027',8);
INSERT INTO orders_details(Order_detail_id,Order_id,item_id,quantity) VALUES ('DET1088',85,'ITEM043',2);
INSERT INTO orders_details(Order_detail_id,Order_id,item_id,quantity) VALUES ('DET1089',688,'ITEM063',6);
INSERT INTO orders_details(Order_detail_id,Order_id,item_id,quantity) VALUES ('DET1090',614,'ITEM073',5);
INSERT INTO orders_details(Order_detail_id,Order_id,item_id,quantity) VALUES ('DET1091',845,'ITEM073',9);
INSERT INTO orders_details(Order_detail_id,Order_id,item_id,quantity) VALUES ('DET1092',107,'ITEM074',1);
INSERT INTO orders_details(Order_detail_id,Order_id,item_id,quantity) VALUES ('DET1093',737,'ITEM036',7);
INSERT INTO orders_details(Order_detail_id,Order_id,item_id,quantity) VALUES ('DET1094',757,'ITEM036',2);
INSERT INTO orders_details(Order_detail_id,Order_id,item_id,quantity) VALUES ('DET1095',774,'ITEM043',4);
INSERT INTO orders_details(Order_detail_id,Order_id,item_id,quantity) VALUES ('DET1096',128,'ITEM056',7);
INSERT INTO orders_details(Order_detail_id,Order_id,item_id,quantity) VALUES ('DET1097',295,'ITEM000',4);
INSERT INTO orders_details(Order_detail_id,Order_id,item_id,quantity) VALUES ('DET1098',796,'ITEM031',4);
INSERT INTO orders_details(Order_detail_id,Order_id,item_id,quantity) VALUES ('DET1099',163,'ITEM008',10);
INSERT INTO orders_details(Order_detail_id,Order_id,item_id,quantity) VALUES ('DET1100',139,'ITEM035',9);
INSERT INTO orders_details(Order_detail_id,Order_id,item_id,quantity) VALUES ('DET1101',76,'ITEM089',4);
INSERT INTO orders_details(Order_detail_id,Order_id,item_id,quantity) VALUES ('DET1102',387,'ITEM035',7);
INSERT INTO orders_details(Order_detail_id,Order_id,item_id,quantity) VALUES ('DET1103',672,'ITEM018',2);
INSERT INTO orders_details(Order_detail_id,Order_id,item_id,quantity) VALUES ('DET1104',494,'ITEM034',5);
INSERT INTO orders_details(Order_detail_id,Order_id,item_id,quantity) VALUES ('DET1105',74,'ITEM024',9);
INSERT INTO orders_details(Order_detail_id,Order_id,item_id,quantity) VALUES ('DET1106',800,'ITEM035',4);
INSERT INTO orders_details(Order_detail_id,Order_id,item_id,quantity) VALUES ('DET1107',617,'ITEM063',7);
INSERT INTO orders_details(Order_detail_id,Order_id,item_id,quantity) VALUES ('DET1108',701,'ITEM090',9);
INSERT INTO orders_details(Order_detail_id,Order_id,item_id,quantity) VALUES ('DET1109',777,'ITEM052',1);
INSERT INTO orders_details(Order_detail_id,Order_id,item_id,quantity) VALUES ('DET1110',83,'ITEM099',8);
INSERT INTO orders_details(Order_detail_id,Order_id,item_id,quantity) VALUES ('DET1111',99,'ITEM038',7);
INSERT INTO orders_details(Order_detail_id,Order_id,item_id,quantity) VALUES ('DET1112',510,'ITEM050',9);
INSERT INTO orders_details(Order_detail_id,Order_id,item_id,quantity) VALUES ('DET1113',76,'ITEM065',7);
INSERT INTO orders_details(Order_detail_id,Order_id,item_id,quantity) VALUES ('DET1114',497,'ITEM036',6);
INSERT INTO orders_details(Order_detail_id,Order_id,item_id,quantity) VALUES ('DET1115',863,'ITEM042',4);
INSERT INTO orders_details(Order_detail_id,Order_id,item_id,quantity) VALUES ('DET1116',998,'ITEM041',9);
INSERT INTO orders_details(Order_detail_id,Order_id,item_id,quantity) VALUES ('DET1117',527,'ITEM032',7);
INSERT INTO orders_details(Order_detail_id,Order_id,item_id,quantity) VALUES ('DET1118',45,'ITEM038',9);
INSERT INTO orders_details(Order_detail_id,Order_id,item_id,quantity) VALUES ('DET1119',736,'ITEM094',8);
INSERT INTO orders_details(Order_detail_id,Order_id,item_id,quantity) VALUES ('DET1120',506,'ITEM084',2);
INSERT INTO orders_details(Order_detail_id,Order_id,item_id,quantity) VALUES ('DET1121',902,'ITEM008',6);
INSERT INTO orders_details(Order_detail_id,Order_id,item_id,quantity) VALUES ('DET1122',840,'ITEM011',1);
INSERT INTO orders_details(Order_detail_id,Order_id,item_id,quantity) VALUES ('DET1123',161,'ITEM037',3);
INSERT INTO orders_details(Order_detail_id,Order_id,item_id,quantity) VALUES ('DET1124',814,'ITEM049',10);
INSERT INTO orders_details(Order_detail_id,Order_id,item_id,quantity) VALUES ('DET1125',708,'ITEM015',9);
INSERT INTO orders_details(Order_detail_id,Order_id,item_id,quantity) VALUES ('DET1126',487,'ITEM082',4);
INSERT INTO orders_details(Order_detail_id,Order_id,item_id,quantity) VALUES ('DET1127',121,'ITEM089',1);
INSERT INTO orders_details(Order_detail_id,Order_id,item_id,quantity) VALUES ('DET1128',398,'ITEM096',5);
INSERT INTO orders_details(Order_detail_id,Order_id,item_id,quantity) VALUES ('DET1129',638,'ITEM054',10);
INSERT INTO orders_details(Order_detail_id,Order_id,item_id,quantity) VALUES ('DET1130',462,'ITEM031',8);
INSERT INTO orders_details(Order_detail_id,Order_id,item_id,quantity) VALUES ('DET1131',444,'ITEM083',10);
INSERT INTO orders_details(Order_detail_id,Order_id,item_id,quantity) VALUES ('DET1132',243,'ITEM023',3);
INSERT INTO orders_details(Order_detail_id,Order_id,item_id,quantity) VALUES ('DET1133',885,'ITEM034',7);
INSERT INTO orders_details(Order_detail_id,Order_id,item_id,quantity) VALUES ('DET1134',69,'ITEM034',1);
INSERT INTO orders_details(Order_detail_id,Order_id,item_id,quantity) VALUES ('DET1135',384,'ITEM056',8);
INSERT INTO orders_details(Order_detail_id,Order_id,item_id,quantity) VALUES ('DET1136',456,'ITEM084',7);
INSERT INTO orders_details(Order_detail_id,Order_id,item_id,quantity) VALUES ('DET1137',868,'ITEM070',10);
INSERT INTO orders_details(Order_detail_id,Order_id,item_id,quantity) VALUES ('DET1138',802,'ITEM062',5);
INSERT INTO orders_details(Order_detail_id,Order_id,item_id,quantity) VALUES ('DET1139',979,'ITEM095',10);
INSERT INTO orders_details(Order_detail_id,Order_id,item_id,quantity) VALUES ('DET1140',430,'ITEM015',5);
INSERT INTO orders_details(Order_detail_id,Order_id,item_id,quantity) VALUES ('DET1141',350,'ITEM058',6);
INSERT INTO orders_details(Order_detail_id,Order_id,item_id,quantity) VALUES ('DET1142',609,'ITEM019',6);
INSERT INTO orders_details(Order_detail_id,Order_id,item_id,quantity) VALUES ('DET1143',254,'ITEM081',4);
INSERT INTO orders_details(Order_detail_id,Order_id,item_id,quantity) VALUES ('DET1144',564,'ITEM090',3);
INSERT INTO orders_details(Order_detail_id,Order_id,item_id,quantity) VALUES ('DET1145',738,'ITEM052',1);
INSERT INTO orders_details(Order_detail_id,Order_id,item_id,quantity) VALUES ('DET1146',927,'ITEM044',1);
INSERT INTO orders_details(Order_detail_id,Order_id,item_id,quantity) VALUES ('DET1147',38,'ITEM094',5);
INSERT INTO orders_details(Order_detail_id,Order_id,item_id,quantity) VALUES ('DET1148',343,'ITEM043',1);
INSERT INTO orders_details(Order_detail_id,Order_id,item_id,quantity) VALUES ('DET1149',453,'ITEM080',7);
INSERT INTO orders_details(Order_detail_id,Order_id,item_id,quantity) VALUES ('DET1150',175,'ITEM000',8);
INSERT INTO orders_details(Order_detail_id,Order_id,item_id,quantity) VALUES ('DET1151',283,'ITEM005',7);
INSERT INTO orders_details(Order_detail_id,Order_id,item_id,quantity) VALUES ('DET1152',441,'ITEM057',2);
INSERT INTO orders_details(Order_detail_id,Order_id,item_id,quantity) VALUES ('DET1153',254,'ITEM022',6);
INSERT INTO orders_details(Order_detail_id,Order_id,item_id,quantity) VALUES ('DET1154',595,'ITEM067',2);
INSERT INTO orders_details(Order_detail_id,Order_id,item_id,quantity) VALUES ('DET1155',25,'ITEM071',1);
INSERT INTO orders_details(Order_detail_id,Order_id,item_id,quantity) VALUES ('DET1156',439,'ITEM013',3);
INSERT INTO orders_details(Order_detail_id,Order_id,item_id,quantity) VALUES ('DET1157',852,'ITEM009',4);
INSERT INTO orders_details(Order_detail_id,Order_id,item_id,quantity) VALUES ('DET1158',211,'ITEM015',1);
INSERT INTO orders_details(Order_detail_id,Order_id,item_id,quantity) VALUES ('DET1159',541,'ITEM054',10);
INSERT INTO orders_details(Order_detail_id,Order_id,item_id,quantity) VALUES ('DET1160',207,'ITEM001',4);
INSERT INTO orders_details(Order_detail_id,Order_id,item_id,quantity) VALUES ('DET1161',559,'ITEM096',1);
INSERT INTO orders_details(Order_detail_id,Order_id,item_id,quantity) VALUES ('DET1162',857,'ITEM095',9);
INSERT INTO orders_details(Order_detail_id,Order_id,item_id,quantity) VALUES ('DET1163',453,'ITEM085',5);
INSERT INTO orders_details(Order_detail_id,Order_id,item_id,quantity) VALUES ('DET1164',310,'ITEM060',4);
INSERT INTO orders_details(Order_detail_id,Order_id,item_id,quantity) VALUES ('DET1165',961,'ITEM094',5);
INSERT INTO orders_details(Order_detail_id,Order_id,item_id,quantity) VALUES ('DET1166',362,'ITEM012',1);
INSERT INTO orders_details(Order_detail_id,Order_id,item_id,quantity) VALUES ('DET1167',810,'ITEM076',10);
INSERT INTO orders_details(Order_detail_id,Order_id,item_id,quantity) VALUES ('DET1168',468,'ITEM081',2);
INSERT INTO orders_details(Order_detail_id,Order_id,item_id,quantity) VALUES ('DET1169',894,'ITEM096',3);
INSERT INTO orders_details(Order_detail_id,Order_id,item_id,quantity) VALUES ('DET1170',368,'ITEM037',2);
INSERT INTO orders_details(Order_detail_id,Order_id,item_id,quantity) VALUES ('DET1171',95,'ITEM023',10);
INSERT INTO orders_details(Order_detail_id,Order_id,item_id,quantity) VALUES ('DET1172',151,'ITEM051',3);
INSERT INTO orders_details(Order_detail_id,Order_id,item_id,quantity) VALUES ('DET1173',25,'ITEM095',9);
INSERT INTO orders_details(Order_detail_id,Order_id,item_id,quantity) VALUES ('DET1174',205,'ITEM094',3);
INSERT INTO orders_details(Order_detail_id,Order_id,item_id,quantity) VALUES ('DET1175',749,'ITEM057',5);
INSERT INTO orders_details(Order_detail_id,Order_id,item_id,quantity) VALUES ('DET1176',36,'ITEM019',5);
INSERT INTO orders_details(Order_detail_id,Order_id,item_id,quantity) VALUES ('DET1177',933,'ITEM026',10);
INSERT INTO orders_details(Order_detail_id,Order_id,item_id,quantity) VALUES ('DET1178',586,'ITEM001',2);
INSERT INTO orders_details(Order_detail_id,Order_id,item_id,quantity) VALUES ('DET1179',46,'ITEM006',10);
INSERT INTO orders_details(Order_detail_id,Order_id,item_id,quantity) VALUES ('DET1180',795,'ITEM095',8);
INSERT INTO orders_details(Order_detail_id,Order_id,item_id,quantity) VALUES ('DET1181',400,'ITEM089',4);
INSERT INTO orders_details(Order_detail_id,Order_id,item_id,quantity) VALUES ('DET1182',36,'ITEM005',7);
INSERT INTO orders_details(Order_detail_id,Order_id,item_id,quantity) VALUES ('DET1183',265,'ITEM075',10);
INSERT INTO orders_details(Order_detail_id,Order_id,item_id,quantity) VALUES ('DET1184',158,'ITEM021',6);
INSERT INTO orders_details(Order_detail_id,Order_id,item_id,quantity) VALUES ('DET1185',563,'ITEM083',3);
INSERT INTO orders_details(Order_detail_id,Order_id,item_id,quantity) VALUES ('DET1186',500,'ITEM091',5);
INSERT INTO orders_details(Order_detail_id,Order_id,item_id,quantity) VALUES ('DET1187',182,'ITEM005',2);
INSERT INTO orders_details(Order_detail_id,Order_id,item_id,quantity) VALUES ('DET1188',679,'ITEM066',8);
INSERT INTO orders_details(Order_detail_id,Order_id,item_id,quantity) VALUES ('DET1189',515,'ITEM031',6);
INSERT INTO orders_details(Order_detail_id,Order_id,item_id,quantity) VALUES ('DET1190',877,'ITEM085',8);
INSERT INTO orders_details(Order_detail_id,Order_id,item_id,quantity) VALUES ('DET1191',405,'ITEM057',10);
INSERT INTO orders_details(Order_detail_id,Order_id,item_id,quantity) VALUES ('DET1192',697,'ITEM006',2);
INSERT INTO orders_details(Order_detail_id,Order_id,item_id,quantity) VALUES ('DET1193',41,'ITEM022',1);
INSERT INTO orders_details(Order_detail_id,Order_id,item_id,quantity) VALUES ('DET1194',374,'ITEM018',4);
INSERT INTO orders_details(Order_detail_id,Order_id,item_id,quantity) VALUES ('DET1195',527,'ITEM094',1);
INSERT INTO orders_details(Order_detail_id,Order_id,item_id,quantity) VALUES ('DET1196',704,'ITEM072',4);
INSERT INTO orders_details(Order_detail_id,Order_id,item_id,quantity) VALUES ('DET1197',927,'ITEM091',5);
INSERT INTO orders_details(Order_detail_id,Order_id,item_id,quantity) VALUES ('DET1198',499,'ITEM095',5);
INSERT INTO orders_details(Order_detail_id,Order_id,item_id,quantity) VALUES ('DET1199',692,'ITEM006',3);
INSERT INTO orders_details(Order_detail_id,Order_id,item_id,quantity) VALUES ('DET1200',559,'ITEM090',9);
INSERT INTO orders_details(Order_detail_id,Order_id,item_id,quantity) VALUES ('DET1201',952,'ITEM028',6);
INSERT INTO orders_details(Order_detail_id,Order_id,item_id,quantity) VALUES ('DET1202',957,'ITEM080',4);
INSERT INTO orders_details(Order_detail_id,Order_id,item_id,quantity) VALUES ('DET1203',338,'ITEM003',1);
INSERT INTO orders_details(Order_detail_id,Order_id,item_id,quantity) VALUES ('DET1204',191,'ITEM013',2);
INSERT INTO orders_details(Order_detail_id,Order_id,item_id,quantity) VALUES ('DET1205',356,'ITEM073',5);
INSERT INTO orders_details(Order_detail_id,Order_id,item_id,quantity) VALUES ('DET1206',793,'ITEM096',6);
INSERT INTO orders_details(Order_detail_id,Order_id,item_id,quantity) VALUES ('DET1207',381,'ITEM031',9);
INSERT INTO orders_details(Order_detail_id,Order_id,item_id,quantity) VALUES ('DET1208',550,'ITEM094',5);
INSERT INTO orders_details(Order_detail_id,Order_id,item_id,quantity) VALUES ('DET1209',47,'ITEM017',9);
INSERT INTO orders_details(Order_detail_id,Order_id,item_id,quantity) VALUES ('DET1210',930,'ITEM042',6);
INSERT INTO orders_details(Order_detail_id,Order_id,item_id,quantity) VALUES ('DET1211',110,'ITEM012',8);
INSERT INTO orders_details(Order_detail_id,Order_id,item_id,quantity) VALUES ('DET1212',892,'ITEM036',7);
INSERT INTO orders_details(Order_detail_id,Order_id,item_id,quantity) VALUES ('DET1213',789,'ITEM035',2);
INSERT INTO orders_details(Order_detail_id,Order_id,item_id,quantity) VALUES ('DET1214',567,'ITEM065',4);
INSERT INTO orders_details(Order_detail_id,Order_id,item_id,quantity) VALUES ('DET1215',323,'ITEM022',8);
INSERT INTO orders_details(Order_detail_id,Order_id,item_id,quantity) VALUES ('DET1216',726,'ITEM090',3);
INSERT INTO orders_details(Order_detail_id,Order_id,item_id,quantity) VALUES ('DET1217',898,'ITEM076',2);
INSERT INTO orders_details(Order_detail_id,Order_id,item_id,quantity) VALUES ('DET1218',333,'ITEM083',9);
INSERT INTO orders_details(Order_detail_id,Order_id,item_id,quantity) VALUES ('DET1219',17,'ITEM010',6);
INSERT INTO orders_details(Order_detail_id,Order_id,item_id,quantity) VALUES ('DET1220',799,'ITEM023',3);
INSERT INTO orders_details(Order_detail_id,Order_id,item_id,quantity) VALUES ('DET1221',208,'ITEM052',3);
INSERT INTO orders_details(Order_detail_id,Order_id,item_id,quantity) VALUES ('DET1222',816,'ITEM005',10);
INSERT INTO orders_details(Order_detail_id,Order_id,item_id,quantity) VALUES ('DET1223',176,'ITEM094',10);
INSERT INTO orders_details(Order_detail_id,Order_id,item_id,quantity) VALUES ('DET1224',341,'ITEM060',9);
INSERT INTO orders_details(Order_detail_id,Order_id,item_id,quantity) VALUES ('DET1225',647,'ITEM064',10);
INSERT INTO orders_details(Order_detail_id,Order_id,item_id,quantity) VALUES ('DET1226',991,'ITEM070',2);
INSERT INTO orders_details(Order_detail_id,Order_id,item_id,quantity) VALUES ('DET1227',861,'ITEM039',4);
INSERT INTO orders_details(Order_detail_id,Order_id,item_id,quantity) VALUES ('DET1228',813,'ITEM077',5);
INSERT INTO orders_details(Order_detail_id,Order_id,item_id,quantity) VALUES ('DET1229',967,'ITEM069',2);
INSERT INTO orders_details(Order_detail_id,Order_id,item_id,quantity) VALUES ('DET1230',826,'ITEM008',3);
INSERT INTO orders_details(Order_detail_id,Order_id,item_id,quantity) VALUES ('DET1231',390,'ITEM004',5);
INSERT INTO orders_details(Order_detail_id,Order_id,item_id,quantity) VALUES ('DET1232',706,'ITEM048',1);
INSERT INTO orders_details(Order_detail_id,Order_id,item_id,quantity) VALUES ('DET1233',57,'ITEM076',5);
INSERT INTO orders_details(Order_detail_id,Order_id,item_id,quantity) VALUES ('DET1234',674,'ITEM041',8);
INSERT INTO orders_details(Order_detail_id,Order_id,item_id,quantity) VALUES ('DET1235',155,'ITEM097',9);
INSERT INTO orders_details(Order_detail_id,Order_id,item_id,quantity) VALUES ('DET1236',454,'ITEM018',3);
INSERT INTO orders_details(Order_detail_id,Order_id,item_id,quantity) VALUES ('DET1237',180,'ITEM097',9);
INSERT INTO orders_details(Order_detail_id,Order_id,item_id,quantity) VALUES ('DET1238',123,'ITEM020',9);
INSERT INTO orders_details(Order_detail_id,Order_id,item_id,quantity) VALUES ('DET1239',446,'ITEM069',7);
INSERT INTO orders_details(Order_detail_id,Order_id,item_id,quantity) VALUES ('DET1240',203,'ITEM081',1);
INSERT INTO orders_details(Order_detail_id,Order_id,item_id,quantity) VALUES ('DET1241',86,'ITEM095',8);
INSERT INTO orders_details(Order_detail_id,Order_id,item_id,quantity) VALUES ('DET1242',266,'ITEM034',4);
INSERT INTO orders_details(Order_detail_id,Order_id,item_id,quantity) VALUES ('DET1243',957,'ITEM068',4);
INSERT INTO orders_details(Order_detail_id,Order_id,item_id,quantity) VALUES ('DET1244',558,'ITEM081',5);
INSERT INTO orders_details(Order_detail_id,Order_id,item_id,quantity) VALUES ('DET1245',96,'ITEM080',8);
INSERT INTO orders_details(Order_detail_id,Order_id,item_id,quantity) VALUES ('DET1246',805,'ITEM037',6);
INSERT INTO orders_details(Order_detail_id,Order_id,item_id,quantity) VALUES ('DET1247',27,'ITEM070',2);
INSERT INTO orders_details(Order_detail_id,Order_id,item_id,quantity) VALUES ('DET1248',548,'ITEM028',10);
INSERT INTO orders_details(Order_detail_id,Order_id,item_id,quantity) VALUES ('DET1249',787,'ITEM084',9);
INSERT INTO orders_details(Order_detail_id,Order_id,item_id,quantity) VALUES ('DET1250',460,'ITEM003',8);
INSERT INTO orders_details(Order_detail_id,Order_id,item_id,quantity) VALUES ('DET1251',795,'ITEM091',10);
INSERT INTO orders_details(Order_detail_id,Order_id,item_id,quantity) VALUES ('DET1252',273,'ITEM081',10);
INSERT INTO orders_details(Order_detail_id,Order_id,item_id,quantity) VALUES ('DET1253',681,'ITEM032',10);
INSERT INTO orders_details(Order_detail_id,Order_id,item_id,quantity) VALUES ('DET1254',803,'ITEM008',4);
INSERT INTO orders_details(Order_detail_id,Order_id,item_id,quantity) VALUES ('DET1255',158,'ITEM070',7);
INSERT INTO orders_details(Order_detail_id,Order_id,item_id,quantity) VALUES ('DET1256',470,'ITEM097',9);
INSERT INTO orders_details(Order_detail_id,Order_id,item_id,quantity) VALUES ('DET1257',686,'ITEM028',2);
INSERT INTO orders_details(Order_detail_id,Order_id,item_id,quantity) VALUES ('DET1258',862,'ITEM032',9);
INSERT INTO orders_details(Order_detail_id,Order_id,item_id,quantity) VALUES ('DET1259',22,'ITEM017',4);
INSERT INTO orders_details(Order_detail_id,Order_id,item_id,quantity) VALUES ('DET1260',420,'ITEM044',5);
INSERT INTO orders_details(Order_detail_id,Order_id,item_id,quantity) VALUES ('DET1261',828,'ITEM030',5);
INSERT INTO orders_details(Order_detail_id,Order_id,item_id,quantity) VALUES ('DET1262',358,'ITEM026',3);
INSERT INTO orders_details(Order_detail_id,Order_id,item_id,quantity) VALUES ('DET1263',466,'ITEM068',5);
INSERT INTO orders_details(Order_detail_id,Order_id,item_id,quantity) VALUES ('DET1264',370,'ITEM079',1);
INSERT INTO orders_details(Order_detail_id,Order_id,item_id,quantity) VALUES ('DET1265',226,'ITEM043',3);
INSERT INTO orders_details(Order_detail_id,Order_id,item_id,quantity) VALUES ('DET1266',303,'ITEM070',8);
INSERT INTO orders_details(Order_detail_id,Order_id,item_id,quantity) VALUES ('DET1267',352,'ITEM025',3);
INSERT INTO orders_details(Order_detail_id,Order_id,item_id,quantity) VALUES ('DET1268',121,'ITEM028',6);
INSERT INTO orders_details(Order_detail_id,Order_id,item_id,quantity) VALUES ('DET1269',893,'ITEM052',7);
INSERT INTO orders_details(Order_detail_id,Order_id,item_id,quantity) VALUES ('DET1270',730,'ITEM024',9);
INSERT INTO orders_details(Order_detail_id,Order_id,item_id,quantity) VALUES ('DET1271',673,'ITEM066',4);
INSERT INTO orders_details(Order_detail_id,Order_id,item_id,quantity) VALUES ('DET1272',801,'ITEM017',5);
INSERT INTO orders_details(Order_detail_id,Order_id,item_id,quantity) VALUES ('DET1273',105,'ITEM016',2);
INSERT INTO orders_details(Order_detail_id,Order_id,item_id,quantity) VALUES ('DET1274',446,'ITEM018',3);
INSERT INTO orders_details(Order_detail_id,Order_id,item_id,quantity) VALUES ('DET1275',439,'ITEM087',3);
INSERT INTO orders_details(Order_detail_id,Order_id,item_id,quantity) VALUES ('DET1276',480,'ITEM098',3);
INSERT INTO orders_details(Order_detail_id,Order_id,item_id,quantity) VALUES ('DET1277',354,'ITEM098',2);
INSERT INTO orders_details(Order_detail_id,Order_id,item_id,quantity) VALUES ('DET1278',493,'ITEM048',6);
INSERT INTO orders_details(Order_detail_id,Order_id,item_id,quantity) VALUES ('DET1279',285,'ITEM068',6);
INSERT INTO orders_details(Order_detail_id,Order_id,item_id,quantity) VALUES ('DET1280',314,'ITEM073',4);
INSERT INTO orders_details(Order_detail_id,Order_id,item_id,quantity) VALUES ('DET1281',241,'ITEM034',5);
INSERT INTO orders_details(Order_detail_id,Order_id,item_id,quantity) VALUES ('DET1282',690,'ITEM003',1);
INSERT INTO orders_details(Order_detail_id,Order_id,item_id,quantity) VALUES ('DET1283',147,'ITEM072',6);
INSERT INTO orders_details(Order_detail_id,Order_id,item_id,quantity) VALUES ('DET1284',752,'ITEM062',2);
INSERT INTO orders_details(Order_detail_id,Order_id,item_id,quantity) VALUES ('DET1285',205,'ITEM064',5);
INSERT INTO orders_details(Order_detail_id,Order_id,item_id,quantity) VALUES ('DET1286',217,'ITEM035',5);
INSERT INTO orders_details(Order_detail_id,Order_id,item_id,quantity) VALUES ('DET1287',502,'ITEM015',10);
INSERT INTO orders_details(Order_detail_id,Order_id,item_id,quantity) VALUES ('DET1288',818,'ITEM098',4);
INSERT INTO orders_details(Order_detail_id,Order_id,item_id,quantity) VALUES ('DET1289',147,'ITEM045',8);
INSERT INTO orders_details(Order_detail_id,Order_id,item_id,quantity) VALUES ('DET1290',917,'ITEM083',3);
INSERT INTO orders_details(Order_detail_id,Order_id,item_id,quantity) VALUES ('DET1291',71,'ITEM078',2);
INSERT INTO orders_details(Order_detail_id,Order_id,item_id,quantity) VALUES ('DET1292',34,'ITEM009',4);
INSERT INTO orders_details(Order_detail_id,Order_id,item_id,quantity) VALUES ('DET1293',536,'ITEM005',6);
INSERT INTO orders_details(Order_detail_id,Order_id,item_id,quantity) VALUES ('DET1294',430,'ITEM072',8);
INSERT INTO orders_details(Order_detail_id,Order_id,item_id,quantity) VALUES ('DET1295',873,'ITEM004',1);
INSERT INTO orders_details(Order_detail_id,Order_id,item_id,quantity) VALUES ('DET1296',319,'ITEM067',3);
INSERT INTO orders_details(Order_detail_id,Order_id,item_id,quantity) VALUES ('DET1297',570,'ITEM004',7);
INSERT INTO orders_details(Order_detail_id,Order_id,item_id,quantity) VALUES ('DET1298',79,'ITEM018',5);
INSERT INTO orders_details(Order_detail_id,Order_id,item_id,quantity) VALUES ('DET1299',231,'ITEM043',2);
INSERT INTO orders_details(Order_detail_id,Order_id,item_id,quantity) VALUES ('DET1300',506,'ITEM019',7);
INSERT INTO orders_details(Order_detail_id,Order_id,item_id,quantity) VALUES ('DET1301',820,'ITEM029',5);
INSERT INTO orders_details(Order_detail_id,Order_id,item_id,quantity) VALUES ('DET1302',382,'ITEM082',7);
INSERT INTO orders_details(Order_detail_id,Order_id,item_id,quantity) VALUES ('DET1303',664,'ITEM006',10);
INSERT INTO orders_details(Order_detail_id,Order_id,item_id,quantity) VALUES ('DET1304',78,'ITEM026',3);
INSERT INTO orders_details(Order_detail_id,Order_id,item_id,quantity) VALUES ('DET1305',173,'ITEM086',10);
INSERT INTO orders_details(Order_detail_id,Order_id,item_id,quantity) VALUES ('DET1306',811,'ITEM061',1);
INSERT INTO orders_details(Order_detail_id,Order_id,item_id,quantity) VALUES ('DET1307',480,'ITEM069',9);
INSERT INTO orders_details(Order_detail_id,Order_id,item_id,quantity) VALUES ('DET1308',983,'ITEM073',3);
INSERT INTO orders_details(Order_detail_id,Order_id,item_id,quantity) VALUES ('DET1309',757,'ITEM089',1);
INSERT INTO orders_details(Order_detail_id,Order_id,item_id,quantity) VALUES ('DET1310',836,'ITEM034',10);
INSERT INTO orders_details(Order_detail_id,Order_id,item_id,quantity) VALUES ('DET1311',283,'ITEM001',9);
INSERT INTO orders_details(Order_detail_id,Order_id,item_id,quantity) VALUES ('DET1312',667,'ITEM084',5);
INSERT INTO orders_details(Order_detail_id,Order_id,item_id,quantity) VALUES ('DET1313',831,'ITEM081',5);
INSERT INTO orders_details(Order_detail_id,Order_id,item_id,quantity) VALUES ('DET1314',284,'ITEM090',2);
INSERT INTO orders_details(Order_detail_id,Order_id,item_id,quantity) VALUES ('DET1315',938,'ITEM054',2);
INSERT INTO orders_details(Order_detail_id,Order_id,item_id,quantity) VALUES ('DET1316',927,'ITEM004',8);
INSERT INTO orders_details(Order_detail_id,Order_id,item_id,quantity) VALUES ('DET1317',455,'ITEM073',2);
INSERT INTO orders_details(Order_detail_id,Order_id,item_id,quantity) VALUES ('DET1318',459,'ITEM096',3);
INSERT INTO orders_details(Order_detail_id,Order_id,item_id,quantity) VALUES ('DET1319',334,'ITEM037',7);
INSERT INTO orders_details(Order_detail_id,Order_id,item_id,quantity) VALUES ('DET1320',274,'ITEM067',3);
INSERT INTO orders_details(Order_detail_id,Order_id,item_id,quantity) VALUES ('DET1321',759,'ITEM094',2);
INSERT INTO orders_details(Order_detail_id,Order_id,item_id,quantity) VALUES ('DET1322',441,'ITEM066',9);
INSERT INTO orders_details(Order_detail_id,Order_id,item_id,quantity) VALUES ('DET1323',57,'ITEM049',9);
INSERT INTO orders_details(Order_detail_id,Order_id,item_id,quantity) VALUES ('DET1324',586,'ITEM064',8);
INSERT INTO orders_details(Order_detail_id,Order_id,item_id,quantity) VALUES ('DET1325',358,'ITEM002',9);
INSERT INTO orders_details(Order_detail_id,Order_id,item_id,quantity) VALUES ('DET1326',51,'ITEM097',8);
INSERT INTO orders_details(Order_detail_id,Order_id,item_id,quantity) VALUES ('DET1327',468,'ITEM063',9);
INSERT INTO orders_details(Order_detail_id,Order_id,item_id,quantity) VALUES ('DET1328',266,'ITEM074',2);
INSERT INTO orders_details(Order_detail_id,Order_id,item_id,quantity) VALUES ('DET1329',939,'ITEM097',2);
INSERT INTO orders_details(Order_detail_id,Order_id,item_id,quantity) VALUES ('DET1330',254,'ITEM035',10);
INSERT INTO orders_details(Order_detail_id,Order_id,item_id,quantity) VALUES ('DET1331',78,'ITEM092',2);
INSERT INTO orders_details(Order_detail_id,Order_id,item_id,quantity) VALUES ('DET1332',742,'ITEM077',10);
INSERT INTO orders_details(Order_detail_id,Order_id,item_id,quantity) VALUES ('DET1333',704,'ITEM051',8);
INSERT INTO orders_details(Order_detail_id,Order_id,item_id,quantity) VALUES ('DET1334',289,'ITEM028',5);
INSERT INTO orders_details(Order_detail_id,Order_id,item_id,quantity) VALUES ('DET1335',524,'ITEM087',7);
INSERT INTO orders_details(Order_detail_id,Order_id,item_id,quantity) VALUES ('DET1336',924,'ITEM057',6);
INSERT INTO orders_details(Order_detail_id,Order_id,item_id,quantity) VALUES ('DET1337',111,'ITEM054',8);
INSERT INTO orders_details(Order_detail_id,Order_id,item_id,quantity) VALUES ('DET1338',814,'ITEM080',1);
INSERT INTO orders_details(Order_detail_id,Order_id,item_id,quantity) VALUES ('DET1339',12,'ITEM011',10);
INSERT INTO orders_details(Order_detail_id,Order_id,item_id,quantity) VALUES ('DET1340',999,'ITEM067',7);
INSERT INTO orders_details(Order_detail_id,Order_id,item_id,quantity) VALUES ('DET1341',591,'ITEM076',2);
INSERT INTO orders_details(Order_detail_id,Order_id,item_id,quantity) VALUES ('DET1342',197,'ITEM044',3);
INSERT INTO orders_details(Order_detail_id,Order_id,item_id,quantity) VALUES ('DET1343',164,'ITEM095',10);
INSERT INTO orders_details(Order_detail_id,Order_id,item_id,quantity) VALUES ('DET1344',681,'ITEM060',6);
INSERT INTO orders_details(Order_detail_id,Order_id,item_id,quantity) VALUES ('DET1345',332,'ITEM084',6);
INSERT INTO orders_details(Order_detail_id,Order_id,item_id,quantity) VALUES ('DET1346',925,'ITEM037',9);
INSERT INTO orders_details(Order_detail_id,Order_id,item_id,quantity) VALUES ('DET1347',64,'ITEM007',7);
INSERT INTO orders_details(Order_detail_id,Order_id,item_id,quantity) VALUES ('DET1348',881,'ITEM035',5);
INSERT INTO orders_details(Order_detail_id,Order_id,item_id,quantity) VALUES ('DET1349',204,'ITEM029',8);
INSERT INTO orders_details(Order_detail_id,Order_id,item_id,quantity) VALUES ('DET1350',287,'ITEM026',7);
INSERT INTO orders_details(Order_detail_id,Order_id,item_id,quantity) VALUES ('DET1351',423,'ITEM011',3);
INSERT INTO orders_details(Order_detail_id,Order_id,item_id,quantity) VALUES ('DET1352',931,'ITEM008',1);
INSERT INTO orders_details(Order_detail_id,Order_id,item_id,quantity) VALUES ('DET1353',982,'ITEM096',9);
INSERT INTO orders_details(Order_detail_id,Order_id,item_id,quantity) VALUES ('DET1354',832,'ITEM030',3);
INSERT INTO orders_details(Order_detail_id,Order_id,item_id,quantity) VALUES ('DET1355',100,'ITEM062',2);
INSERT INTO orders_details(Order_detail_id,Order_id,item_id,quantity) VALUES ('DET1356',488,'ITEM021',1);
INSERT INTO orders_details(Order_detail_id,Order_id,item_id,quantity) VALUES ('DET1357',974,'ITEM005',4);
INSERT INTO orders_details(Order_detail_id,Order_id,item_id,quantity) VALUES ('DET1358',22,'ITEM094',1);
INSERT INTO orders_details(Order_detail_id,Order_id,item_id,quantity) VALUES ('DET1359',514,'ITEM002',3);
INSERT INTO orders_details(Order_detail_id,Order_id,item_id,quantity) VALUES ('DET1360',223,'ITEM017',6);
INSERT INTO orders_details(Order_detail_id,Order_id,item_id,quantity) VALUES ('DET1361',723,'ITEM035',1);
INSERT INTO orders_details(Order_detail_id,Order_id,item_id,quantity) VALUES ('DET1362',757,'ITEM047',1);
INSERT INTO orders_details(Order_detail_id,Order_id,item_id,quantity) VALUES ('DET1363',474,'ITEM060',5);
INSERT INTO orders_details(Order_detail_id,Order_id,item_id,quantity) VALUES ('DET1364',910,'ITEM064',9);
INSERT INTO orders_details(Order_detail_id,Order_id,item_id,quantity) VALUES ('DET1365',24,'ITEM026',4);
INSERT INTO orders_details(Order_detail_id,Order_id,item_id,quantity) VALUES ('DET1366',357,'ITEM093',3);
INSERT INTO orders_details(Order_detail_id,Order_id,item_id,quantity) VALUES ('DET1367',241,'ITEM003',7);
INSERT INTO orders_details(Order_detail_id,Order_id,item_id,quantity) VALUES ('DET1368',253,'ITEM020',8);
INSERT INTO orders_details(Order_detail_id,Order_id,item_id,quantity) VALUES ('DET1369',24,'ITEM004',1);
INSERT INTO orders_details(Order_detail_id,Order_id,item_id,quantity) VALUES ('DET1370',794,'ITEM099',6);
INSERT INTO orders_details(Order_detail_id,Order_id,item_id,quantity) VALUES ('DET1371',27,'ITEM065',9);
INSERT INTO orders_details(Order_detail_id,Order_id,item_id,quantity) VALUES ('DET1372',891,'ITEM062',2);
INSERT INTO orders_details(Order_detail_id,Order_id,item_id,quantity) VALUES ('DET1373',891,'ITEM043',8);
INSERT INTO orders_details(Order_detail_id,Order_id,item_id,quantity) VALUES ('DET1374',416,'ITEM029',6);
INSERT INTO orders_details(Order_detail_id,Order_id,item_id,quantity) VALUES ('DET1375',897,'ITEM071',1);
INSERT INTO orders_details(Order_detail_id,Order_id,item_id,quantity) VALUES ('DET1376',350,'ITEM030',2);
INSERT INTO orders_details(Order_detail_id,Order_id,item_id,quantity) VALUES ('DET1377',404,'ITEM042',2);
INSERT INTO orders_details(Order_detail_id,Order_id,item_id,quantity) VALUES ('DET1378',213,'ITEM093',7);
INSERT INTO orders_details(Order_detail_id,Order_id,item_id,quantity) VALUES ('DET1379',588,'ITEM064',1);
INSERT INTO orders_details(Order_detail_id,Order_id,item_id,quantity) VALUES ('DET1380',369,'ITEM028',4);
INSERT INTO orders_details(Order_detail_id,Order_id,item_id,quantity) VALUES ('DET1381',625,'ITEM058',9);
INSERT INTO orders_details(Order_detail_id,Order_id,item_id,quantity) VALUES ('DET1382',88,'ITEM054',7);
INSERT INTO orders_details(Order_detail_id,Order_id,item_id,quantity) VALUES ('DET1383',493,'ITEM021',1);
INSERT INTO orders_details(Order_detail_id,Order_id,item_id,quantity) VALUES ('DET1384',532,'ITEM006',9);
INSERT INTO orders_details(Order_detail_id,Order_id,item_id,quantity) VALUES ('DET1385',887,'ITEM065',9);
INSERT INTO orders_details(Order_detail_id,Order_id,item_id,quantity) VALUES ('DET1386',431,'ITEM043',6);
INSERT INTO orders_details(Order_detail_id,Order_id,item_id,quantity) VALUES ('DET1387',333,'ITEM012',2);
INSERT INTO orders_details(Order_detail_id,Order_id,item_id,quantity) VALUES ('DET1388',791,'ITEM056',8);
INSERT INTO orders_details(Order_detail_id,Order_id,item_id,quantity) VALUES ('DET1389',967,'ITEM001',2);
INSERT INTO orders_details(Order_detail_id,Order_id,item_id,quantity) VALUES ('DET1390',272,'ITEM041',5);
INSERT INTO orders_details(Order_detail_id,Order_id,item_id,quantity) VALUES ('DET1391',895,'ITEM018',8);
INSERT INTO orders_details(Order_detail_id,Order_id,item_id,quantity) VALUES ('DET1392',579,'ITEM081',7);
INSERT INTO orders_details(Order_detail_id,Order_id,item_id,quantity) VALUES ('DET1393',860,'ITEM064',8);
INSERT INTO orders_details(Order_detail_id,Order_id,item_id,quantity) VALUES ('DET1394',822,'ITEM017',9);
INSERT INTO orders_details(Order_detail_id,Order_id,item_id,quantity) VALUES ('DET1395',833,'ITEM093',7);
INSERT INTO orders_details(Order_detail_id,Order_id,item_id,quantity) VALUES ('DET1396',62,'ITEM077',5);
INSERT INTO orders_details(Order_detail_id,Order_id,item_id,quantity) VALUES ('DET1397',291,'ITEM070',8);
INSERT INTO orders_details(Order_detail_id,Order_id,item_id,quantity) VALUES ('DET1398',525,'ITEM026',7);
INSERT INTO orders_details(Order_detail_id,Order_id,item_id,quantity) VALUES ('DET1399',779,'ITEM035',3);
INSERT INTO orders_details(Order_detail_id,Order_id,item_id,quantity) VALUES ('DET1400',493,'ITEM051',10);
INSERT INTO orders_details(Order_detail_id,Order_id,item_id,quantity) VALUES ('DET1401',941,'ITEM044',8);
INSERT INTO orders_details(Order_detail_id,Order_id,item_id,quantity) VALUES ('DET1402',181,'ITEM068',1);
INSERT INTO orders_details(Order_detail_id,Order_id,item_id,quantity) VALUES ('DET1403',447,'ITEM076',7);
INSERT INTO orders_details(Order_detail_id,Order_id,item_id,quantity) VALUES ('DET1404',133,'ITEM052',4);
INSERT INTO orders_details(Order_detail_id,Order_id,item_id,quantity) VALUES ('DET1405',256,'ITEM062',1);
INSERT INTO orders_details(Order_detail_id,Order_id,item_id,quantity) VALUES ('DET1406',722,'ITEM073',8);
INSERT INTO orders_details(Order_detail_id,Order_id,item_id,quantity) VALUES ('DET1407',521,'ITEM072',9);
INSERT INTO orders_details(Order_detail_id,Order_id,item_id,quantity) VALUES ('DET1408',727,'ITEM024',3);
INSERT INTO orders_details(Order_detail_id,Order_id,item_id,quantity) VALUES ('DET1409',153,'ITEM093',3);
INSERT INTO orders_details(Order_detail_id,Order_id,item_id,quantity) VALUES ('DET1410',167,'ITEM037',2);
INSERT INTO orders_details(Order_detail_id,Order_id,item_id,quantity) VALUES ('DET1411',528,'ITEM087',10);
INSERT INTO orders_details(Order_detail_id,Order_id,item_id,quantity) VALUES ('DET1412',306,'ITEM007',6);
INSERT INTO orders_details(Order_detail_id,Order_id,item_id,quantity) VALUES ('DET1413',181,'ITEM031',3);
INSERT INTO orders_details(Order_detail_id,Order_id,item_id,quantity) VALUES ('DET1414',933,'ITEM068',2);
INSERT INTO orders_details(Order_detail_id,Order_id,item_id,quantity) VALUES ('DET1415',605,'ITEM036',10);
INSERT INTO orders_details(Order_detail_id,Order_id,item_id,quantity) VALUES ('DET1416',342,'ITEM085',7);
INSERT INTO orders_details(Order_detail_id,Order_id,item_id,quantity) VALUES ('DET1417',175,'ITEM038',10);
INSERT INTO orders_details(Order_detail_id,Order_id,item_id,quantity) VALUES ('DET1418',217,'ITEM084',9);
INSERT INTO orders_details(Order_detail_id,Order_id,item_id,quantity) VALUES ('DET1419',652,'ITEM084',1);
INSERT INTO orders_details(Order_detail_id,Order_id,item_id,quantity) VALUES ('DET1420',417,'ITEM018',5);
INSERT INTO orders_details(Order_detail_id,Order_id,item_id,quantity) VALUES ('DET1421',208,'ITEM042',5);
INSERT INTO orders_details(Order_detail_id,Order_id,item_id,quantity) VALUES ('DET1422',995,'ITEM020',5);
INSERT INTO orders_details(Order_detail_id,Order_id,item_id,quantity) VALUES ('DET1423',964,'ITEM010',4);
INSERT INTO orders_details(Order_detail_id,Order_id,item_id,quantity) VALUES ('DET1424',462,'ITEM040',1);
INSERT INTO orders_details(Order_detail_id,Order_id,item_id,quantity) VALUES ('DET1425',252,'ITEM074',5);
INSERT INTO orders_details(Order_detail_id,Order_id,item_id,quantity) VALUES ('DET1426',445,'ITEM021',2);
INSERT INTO orders_details(Order_detail_id,Order_id,item_id,quantity) VALUES ('DET1427',476,'ITEM019',5);
INSERT INTO orders_details(Order_detail_id,Order_id,item_id,quantity) VALUES ('DET1428',315,'ITEM020',6);
INSERT INTO orders_details(Order_detail_id,Order_id,item_id,quantity) VALUES ('DET1429',620,'ITEM007',1);
INSERT INTO orders_details(Order_detail_id,Order_id,item_id,quantity) VALUES ('DET1430',619,'ITEM027',2);
INSERT INTO orders_details(Order_detail_id,Order_id,item_id,quantity) VALUES ('DET1431',670,'ITEM005',5);
INSERT INTO orders_details(Order_detail_id,Order_id,item_id,quantity) VALUES ('DET1432',839,'ITEM078',3);
INSERT INTO orders_details(Order_detail_id,Order_id,item_id,quantity) VALUES ('DET1433',503,'ITEM000',8);
INSERT INTO orders_details(Order_detail_id,Order_id,item_id,quantity) VALUES ('DET1434',871,'ITEM019',1);
INSERT INTO orders_details(Order_detail_id,Order_id,item_id,quantity) VALUES ('DET1435',162,'ITEM000',1);
INSERT INTO orders_details(Order_detail_id,Order_id,item_id,quantity) VALUES ('DET1436',72,'ITEM056',10);
INSERT INTO orders_details(Order_detail_id,Order_id,item_id,quantity) VALUES ('DET1437',368,'ITEM033',5);
INSERT INTO orders_details(Order_detail_id,Order_id,item_id,quantity) VALUES ('DET1438',329,'ITEM026',6);
INSERT INTO orders_details(Order_detail_id,Order_id,item_id,quantity) VALUES ('DET1439',871,'ITEM020',10);
INSERT INTO orders_details(Order_detail_id,Order_id,item_id,quantity) VALUES ('DET1440',892,'ITEM025',10);
INSERT INTO orders_details(Order_detail_id,Order_id,item_id,quantity) VALUES ('DET1441',386,'ITEM030',1);
INSERT INTO orders_details(Order_detail_id,Order_id,item_id,quantity) VALUES ('DET1442',644,'ITEM064',10);
INSERT INTO orders_details(Order_detail_id,Order_id,item_id,quantity) VALUES ('DET1443',484,'ITEM093',8);
INSERT INTO orders_details(Order_detail_id,Order_id,item_id,quantity) VALUES ('DET1444',175,'ITEM077',2);
INSERT INTO orders_details(Order_detail_id,Order_id,item_id,quantity) VALUES ('DET1445',436,'ITEM017',4);
INSERT INTO orders_details(Order_detail_id,Order_id,item_id,quantity) VALUES ('DET1446',581,'ITEM008',4);
INSERT INTO orders_details(Order_detail_id,Order_id,item_id,quantity) VALUES ('DET1447',853,'ITEM072',1);
INSERT INTO orders_details(Order_detail_id,Order_id,item_id,quantity) VALUES ('DET1448',539,'ITEM063',1);
INSERT INTO orders_details(Order_detail_id,Order_id,item_id,quantity) VALUES ('DET1449',339,'ITEM088',6);
INSERT INTO orders_details(Order_detail_id,Order_id,item_id,quantity) VALUES ('DET1450',848,'ITEM029',7);
INSERT INTO orders_details(Order_detail_id,Order_id,item_id,quantity) VALUES ('DET1451',913,'ITEM028',8);
INSERT INTO orders_details(Order_detail_id,Order_id,item_id,quantity) VALUES ('DET1452',325,'ITEM082',8);
INSERT INTO orders_details(Order_detail_id,Order_id,item_id,quantity) VALUES ('DET1453',68,'ITEM007',7);
INSERT INTO orders_details(Order_detail_id,Order_id,item_id,quantity) VALUES ('DET1454',142,'ITEM088',4);
INSERT INTO orders_details(Order_detail_id,Order_id,item_id,quantity) VALUES ('DET1455',638,'ITEM050',5);
INSERT INTO orders_details(Order_detail_id,Order_id,item_id,quantity) VALUES ('DET1456',580,'ITEM058',2);
INSERT INTO orders_details(Order_detail_id,Order_id,item_id,quantity) VALUES ('DET1457',245,'ITEM099',1);
INSERT INTO orders_details(Order_detail_id,Order_id,item_id,quantity) VALUES ('DET1458',609,'ITEM038',7);
INSERT INTO orders_details(Order_detail_id,Order_id,item_id,quantity) VALUES ('DET1459',462,'ITEM060',4);
INSERT INTO orders_details(Order_detail_id,Order_id,item_id,quantity) VALUES ('DET1460',759,'ITEM007',7);
INSERT INTO orders_details(Order_detail_id,Order_id,item_id,quantity) VALUES ('DET1461',680,'ITEM027',5);
INSERT INTO orders_details(Order_detail_id,Order_id,item_id,quantity) VALUES ('DET1462',231,'ITEM018',2);
INSERT INTO orders_details(Order_detail_id,Order_id,item_id,quantity) VALUES ('DET1463',875,'ITEM042',9);
INSERT INTO orders_details(Order_detail_id,Order_id,item_id,quantity) VALUES ('DET1464',617,'ITEM040',2);
INSERT INTO orders_details(Order_detail_id,Order_id,item_id,quantity) VALUES ('DET1465',712,'ITEM087',9);
INSERT INTO orders_details(Order_detail_id,Order_id,item_id,quantity) VALUES ('DET1466',660,'ITEM023',8);
INSERT INTO orders_details(Order_detail_id,Order_id,item_id,quantity) VALUES ('DET1467',224,'ITEM058',3);
INSERT INTO orders_details(Order_detail_id,Order_id,item_id,quantity) VALUES ('DET1468',754,'ITEM067',10);
INSERT INTO orders_details(Order_detail_id,Order_id,item_id,quantity) VALUES ('DET1469',510,'ITEM065',7);
INSERT INTO orders_details(Order_detail_id,Order_id,item_id,quantity) VALUES ('DET1470',66,'ITEM013',10);
INSERT INTO orders_details(Order_detail_id,Order_id,item_id,quantity) VALUES ('DET1471',732,'ITEM036',5);
INSERT INTO orders_details(Order_detail_id,Order_id,item_id,quantity) VALUES ('DET1472',331,'ITEM062',7);
INSERT INTO orders_details(Order_detail_id,Order_id,item_id,quantity) VALUES ('DET1473',575,'ITEM069',1);
INSERT INTO orders_details(Order_detail_id,Order_id,item_id,quantity) VALUES ('DET1474',718,'ITEM020',4);
INSERT INTO orders_details(Order_detail_id,Order_id,item_id,quantity) VALUES ('DET1475',911,'ITEM066',6);
INSERT INTO orders_details(Order_detail_id,Order_id,item_id,quantity) VALUES ('DET1476',280,'ITEM069',7);
INSERT INTO orders_details(Order_detail_id,Order_id,item_id,quantity) VALUES ('DET1477',149,'ITEM092',3);
INSERT INTO orders_details(Order_detail_id,Order_id,item_id,quantity) VALUES ('DET1478',987,'ITEM018',10);
INSERT INTO orders_details(Order_detail_id,Order_id,item_id,quantity) VALUES ('DET1479',870,'ITEM017',2);
INSERT INTO orders_details(Order_detail_id,Order_id,item_id,quantity) VALUES ('DET1480',898,'ITEM054',10);
INSERT INTO orders_details(Order_detail_id,Order_id,item_id,quantity) VALUES ('DET1481',497,'ITEM040',6);
INSERT INTO orders_details(Order_detail_id,Order_id,item_id,quantity) VALUES ('DET1482',976,'ITEM083',4);
INSERT INTO orders_details(Order_detail_id,Order_id,item_id,quantity) VALUES ('DET1483',997,'ITEM047',8);
INSERT INTO orders_details(Order_detail_id,Order_id,item_id,quantity) VALUES ('DET1484',988,'ITEM053',7);
INSERT INTO orders_details(Order_detail_id,Order_id,item_id,quantity) VALUES ('DET1485',832,'ITEM054',1);
INSERT INTO orders_details(Order_detail_id,Order_id,item_id,quantity) VALUES ('DET1486',302,'ITEM064',3);
INSERT INTO orders_details(Order_detail_id,Order_id,item_id,quantity) VALUES ('DET1487',500,'ITEM093',6);
INSERT INTO orders_details(Order_detail_id,Order_id,item_id,quantity) VALUES ('DET1488',997,'ITEM010',10);
INSERT INTO orders_details(Order_detail_id,Order_id,item_id,quantity) VALUES ('DET1489',188,'ITEM094',6);
INSERT INTO orders_details(Order_detail_id,Order_id,item_id,quantity) VALUES ('DET1490',675,'ITEM007',7);
INSERT INTO orders_details(Order_detail_id,Order_id,item_id,quantity) VALUES ('DET1491',267,'ITEM027',9);
INSERT INTO orders_details(Order_detail_id,Order_id,item_id,quantity) VALUES ('DET1492',969,'ITEM027',3);
INSERT INTO orders_details(Order_detail_id,Order_id,item_id,quantity) VALUES ('DET1493',298,'ITEM038',5);
INSERT INTO orders_details(Order_detail_id,Order_id,item_id,quantity) VALUES ('DET1494',213,'ITEM007',4);
INSERT INTO orders_details(Order_detail_id,Order_id,item_id,quantity) VALUES ('DET1495',705,'ITEM021',8);
INSERT INTO orders_details(Order_detail_id,Order_id,item_id,quantity) VALUES ('DET1496',985,'ITEM021',2);
INSERT INTO orders_details(Order_detail_id,Order_id,item_id,quantity) VALUES ('DET1497',736,'ITEM014',8);
INSERT INTO orders_details(Order_detail_id,Order_id,item_id,quantity) VALUES ('DET1498',520,'ITEM043',8);
INSERT INTO orders_details(Order_detail_id,Order_id,item_id,quantity) VALUES ('DET1499',759,'ITEM088',5);
INSERT INTO orders_details(Order_detail_id,Order_id,item_id,quantity) VALUES ('DET1500',743,'ITEM084',7);
INSERT INTO orders_details(Order_detail_id,Order_id,item_id,quantity) VALUES ('DET1501',968,'ITEM078',8);
INSERT INTO orders_details(Order_detail_id,Order_id,item_id,quantity) VALUES ('DET1502',991,'ITEM029',7);
INSERT INTO orders_details(Order_detail_id,Order_id,item_id,quantity) VALUES ('DET1503',29,'ITEM067',1);
INSERT INTO orders_details(Order_detail_id,Order_id,item_id,quantity) VALUES ('DET1504',672,'ITEM003',8);
INSERT INTO orders_details(Order_detail_id,Order_id,item_id,quantity) VALUES ('DET1505',282,'ITEM021',1);
INSERT INTO orders_details(Order_detail_id,Order_id,item_id,quantity) VALUES ('DET1506',374,'ITEM044',10);
INSERT INTO orders_details(Order_detail_id,Order_id,item_id,quantity) VALUES ('DET1507',322,'ITEM093',7);
INSERT INTO orders_details(Order_detail_id,Order_id,item_id,quantity) VALUES ('DET1508',184,'ITEM055',9);
INSERT INTO orders_details(Order_detail_id,Order_id,item_id,quantity) VALUES ('DET1509',583,'ITEM022',3);
INSERT INTO orders_details(Order_detail_id,Order_id,item_id,quantity) VALUES ('DET1510',771,'ITEM011',8);
INSERT INTO orders_details(Order_detail_id,Order_id,item_id,quantity) VALUES ('DET1511',803,'ITEM015',4);
INSERT INTO orders_details(Order_detail_id,Order_id,item_id,quantity) VALUES ('DET1512',341,'ITEM088',1);
INSERT INTO orders_details(Order_detail_id,Order_id,item_id,quantity) VALUES ('DET1513',125,'ITEM018',6);
INSERT INTO orders_details(Order_detail_id,Order_id,item_id,quantity) VALUES ('DET1514',790,'ITEM090',10);
INSERT INTO orders_details(Order_detail_id,Order_id,item_id,quantity) VALUES ('DET1515',691,'ITEM082',3);
INSERT INTO orders_details(Order_detail_id,Order_id,item_id,quantity) VALUES ('DET1516',78,'ITEM006',1);
INSERT INTO orders_details(Order_detail_id,Order_id,item_id,quantity) VALUES ('DET1517',632,'ITEM091',3);
INSERT INTO orders_details(Order_detail_id,Order_id,item_id,quantity) VALUES ('DET1518',993,'ITEM037',8);
INSERT INTO orders_details(Order_detail_id,Order_id,item_id,quantity) VALUES ('DET1519',197,'ITEM065',3);
INSERT INTO orders_details(Order_detail_id,Order_id,item_id,quantity) VALUES ('DET1520',932,'ITEM000',2);
INSERT INTO orders_details(Order_detail_id,Order_id,item_id,quantity) VALUES ('DET1521',334,'ITEM063',5);
INSERT INTO orders_details(Order_detail_id,Order_id,item_id,quantity) VALUES ('DET1522',135,'ITEM048',3);
INSERT INTO orders_details(Order_detail_id,Order_id,item_id,quantity) VALUES ('DET1523',910,'ITEM048',2);
INSERT INTO orders_details(Order_detail_id,Order_id,item_id,quantity) VALUES ('DET1524',362,'ITEM069',1);
INSERT INTO orders_details(Order_detail_id,Order_id,item_id,quantity) VALUES ('DET1525',427,'ITEM094',10);
INSERT INTO orders_details(Order_detail_id,Order_id,item_id,quantity) VALUES ('DET1526',623,'ITEM080',9);
INSERT INTO orders_details(Order_detail_id,Order_id,item_id,quantity) VALUES ('DET1527',434,'ITEM081',1);
INSERT INTO orders_details(Order_detail_id,Order_id,item_id,quantity) VALUES ('DET1528',850,'ITEM010',2);
INSERT INTO orders_details(Order_detail_id,Order_id,item_id,quantity) VALUES ('DET1529',267,'ITEM079',2);
INSERT INTO orders_details(Order_detail_id,Order_id,item_id,quantity) VALUES ('DET1530',26,'ITEM018',6);
INSERT INTO orders_details(Order_detail_id,Order_id,item_id,quantity) VALUES ('DET1531',564,'ITEM093',1);
INSERT INTO orders_details(Order_detail_id,Order_id,item_id,quantity) VALUES ('DET1532',220,'ITEM072',6);
INSERT INTO orders_details(Order_detail_id,Order_id,item_id,quantity) VALUES ('DET1533',176,'ITEM015',8);
INSERT INTO orders_details(Order_detail_id,Order_id,item_id,quantity) VALUES ('DET1534',224,'ITEM003',8);
INSERT INTO orders_details(Order_detail_id,Order_id,item_id,quantity) VALUES ('DET1535',264,'ITEM092',8);
INSERT INTO orders_details(Order_detail_id,Order_id,item_id,quantity) VALUES ('DET1536',602,'ITEM083',8);
INSERT INTO orders_details(Order_detail_id,Order_id,item_id,quantity) VALUES ('DET1537',758,'ITEM025',3);
INSERT INTO orders_details(Order_detail_id,Order_id,item_id,quantity) VALUES ('DET1538',775,'ITEM085',10);
INSERT INTO orders_details(Order_detail_id,Order_id,item_id,quantity) VALUES ('DET1539',318,'ITEM012',9);
INSERT INTO orders_details(Order_detail_id,Order_id,item_id,quantity) VALUES ('DET1540',742,'ITEM049',6);
INSERT INTO orders_details(Order_detail_id,Order_id,item_id,quantity) VALUES ('DET1541',659,'ITEM043',6);
INSERT INTO orders_details(Order_detail_id,Order_id,item_id,quantity) VALUES ('DET1542',423,'ITEM002',6);
INSERT INTO orders_details(Order_detail_id,Order_id,item_id,quantity) VALUES ('DET1543',278,'ITEM079',6);
INSERT INTO orders_details(Order_detail_id,Order_id,item_id,quantity) VALUES ('DET1544',771,'ITEM091',6);
INSERT INTO orders_details(Order_detail_id,Order_id,item_id,quantity) VALUES ('DET1545',145,'ITEM007',10);
INSERT INTO orders_details(Order_detail_id,Order_id,item_id,quantity) VALUES ('DET1546',429,'ITEM055',1);
INSERT INTO orders_details(Order_detail_id,Order_id,item_id,quantity) VALUES ('DET1547',143,'ITEM012',6);
INSERT INTO orders_details(Order_detail_id,Order_id,item_id,quantity) VALUES ('DET1548',968,'ITEM013',6);
INSERT INTO orders_details(Order_detail_id,Order_id,item_id,quantity) VALUES ('DET1549',455,'ITEM001',8);
INSERT INTO orders_details(Order_detail_id,Order_id,item_id,quantity) VALUES ('DET1550',81,'ITEM034',2);
INSERT INTO orders_details(Order_detail_id,Order_id,item_id,quantity) VALUES ('DET1551',543,'ITEM089',4);
INSERT INTO orders_details(Order_detail_id,Order_id,item_id,quantity) VALUES ('DET1552',629,'ITEM076',6);
INSERT INTO orders_details(Order_detail_id,Order_id,item_id,quantity) VALUES ('DET1553',910,'ITEM060',4);
INSERT INTO orders_details(Order_detail_id,Order_id,item_id,quantity) VALUES ('DET1554',308,'ITEM083',2);
INSERT INTO orders_details(Order_detail_id,Order_id,item_id,quantity) VALUES ('DET1555',10,'ITEM033',4);
INSERT INTO orders_details(Order_detail_id,Order_id,item_id,quantity) VALUES ('DET1556',113,'ITEM004',1);
INSERT INTO orders_details(Order_detail_id,Order_id,item_id,quantity) VALUES ('DET1557',368,'ITEM038',9);
INSERT INTO orders_details(Order_detail_id,Order_id,item_id,quantity) VALUES ('DET1558',382,'ITEM027',9);
INSERT INTO orders_details(Order_detail_id,Order_id,item_id,quantity) VALUES ('DET1559',642,'ITEM045',10);
INSERT INTO orders_details(Order_detail_id,Order_id,item_id,quantity) VALUES ('DET1560',65,'ITEM038',1);
INSERT INTO orders_details(Order_detail_id,Order_id,item_id,quantity) VALUES ('DET1561',529,'ITEM098',6);
INSERT INTO orders_details(Order_detail_id,Order_id,item_id,quantity) VALUES ('DET1562',963,'ITEM095',5);
INSERT INTO orders_details(Order_detail_id,Order_id,item_id,quantity) VALUES ('DET1563',679,'ITEM026',5);
INSERT INTO orders_details(Order_detail_id,Order_id,item_id,quantity) VALUES ('DET1564',869,'ITEM012',6);
INSERT INTO orders_details(Order_detail_id,Order_id,item_id,quantity) VALUES ('DET1565',707,'ITEM061',10);
INSERT INTO orders_details(Order_detail_id,Order_id,item_id,quantity) VALUES ('DET1566',979,'ITEM036',9);
INSERT INTO orders_details(Order_detail_id,Order_id,item_id,quantity) VALUES ('DET1567',621,'ITEM030',3);
INSERT INTO orders_details(Order_detail_id,Order_id,item_id,quantity) VALUES ('DET1568',830,'ITEM001',5);
INSERT INTO orders_details(Order_detail_id,Order_id,item_id,quantity) VALUES ('DET1569',461,'ITEM093',1);
INSERT INTO orders_details(Order_detail_id,Order_id,item_id,quantity) VALUES ('DET1570',291,'ITEM098',3);
INSERT INTO orders_details(Order_detail_id,Order_id,item_id,quantity) VALUES ('DET1571',911,'ITEM011',8);
INSERT INTO orders_details(Order_detail_id,Order_id,item_id,quantity) VALUES ('DET1572',828,'ITEM023',1);
INSERT INTO orders_details(Order_detail_id,Order_id,item_id,quantity) VALUES ('DET1573',313,'ITEM006',3);
INSERT INTO orders_details(Order_detail_id,Order_id,item_id,quantity) VALUES ('DET1574',711,'ITEM037',6);
INSERT INTO orders_details(Order_detail_id,Order_id,item_id,quantity) VALUES ('DET1575',428,'ITEM025',1);
INSERT INTO orders_details(Order_detail_id,Order_id,item_id,quantity) VALUES ('DET1576',327,'ITEM015',2);
INSERT INTO orders_details(Order_detail_id,Order_id,item_id,quantity) VALUES ('DET1577',48,'ITEM053',8);
INSERT INTO orders_details(Order_detail_id,Order_id,item_id,quantity) VALUES ('DET1578',452,'ITEM061',9);
INSERT INTO orders_details(Order_detail_id,Order_id,item_id,quantity) VALUES ('DET1579',866,'ITEM096',9);
INSERT INTO orders_details(Order_detail_id,Order_id,item_id,quantity) VALUES ('DET1580',290,'ITEM092',7);
INSERT INTO orders_details(Order_detail_id,Order_id,item_id,quantity) VALUES ('DET1581',941,'ITEM025',10);
INSERT INTO orders_details(Order_detail_id,Order_id,item_id,quantity) VALUES ('DET1582',835,'ITEM043',6);
INSERT INTO orders_details(Order_detail_id,Order_id,item_id,quantity) VALUES ('DET1583',332,'ITEM034',6);
INSERT INTO orders_details(Order_detail_id,Order_id,item_id,quantity) VALUES ('DET1584',90,'ITEM026',5);
INSERT INTO orders_details(Order_detail_id,Order_id,item_id,quantity) VALUES ('DET1585',267,'ITEM027',7);
INSERT INTO orders_details(Order_detail_id,Order_id,item_id,quantity) VALUES ('DET1586',152,'ITEM012',4);
INSERT INTO orders_details(Order_detail_id,Order_id,item_id,quantity) VALUES ('DET1587',501,'ITEM053',1);
INSERT INTO orders_details(Order_detail_id,Order_id,item_id,quantity) VALUES ('DET1588',887,'ITEM043',3);
INSERT INTO orders_details(Order_detail_id,Order_id,item_id,quantity) VALUES ('DET1589',44,'ITEM018',4);
INSERT INTO orders_details(Order_detail_id,Order_id,item_id,quantity) VALUES ('DET1590',806,'ITEM093',7);
INSERT INTO orders_details(Order_detail_id,Order_id,item_id,quantity) VALUES ('DET1591',636,'ITEM065',10);
INSERT INTO orders_details(Order_detail_id,Order_id,item_id,quantity) VALUES ('DET1592',881,'ITEM090',10);
INSERT INTO orders_details(Order_detail_id,Order_id,item_id,quantity) VALUES ('DET1593',742,'ITEM079',8);
INSERT INTO orders_details(Order_detail_id,Order_id,item_id,quantity) VALUES ('DET1594',118,'ITEM082',5);
INSERT INTO orders_details(Order_detail_id,Order_id,item_id,quantity) VALUES ('DET1595',260,'ITEM028',3);
INSERT INTO orders_details(Order_detail_id,Order_id,item_id,quantity) VALUES ('DET1596',684,'ITEM009',5);
INSERT INTO orders_details(Order_detail_id,Order_id,item_id,quantity) VALUES ('DET1597',906,'ITEM051',7);
INSERT INTO orders_details(Order_detail_id,Order_id,item_id,quantity) VALUES ('DET1598',89,'ITEM056',7);
INSERT INTO orders_details(Order_detail_id,Order_id,item_id,quantity) VALUES ('DET1599',55,'ITEM012',2);
INSERT INTO orders_details(Order_detail_id,Order_id,item_id,quantity) VALUES ('DET1600',514,'ITEM071',9);
INSERT INTO orders_details(Order_detail_id,Order_id,item_id,quantity) VALUES ('DET1601',593,'ITEM038',3);
INSERT INTO orders_details(Order_detail_id,Order_id,item_id,quantity) VALUES ('DET1602',834,'ITEM053',1);
INSERT INTO orders_details(Order_detail_id,Order_id,item_id,quantity) VALUES ('DET1603',381,'ITEM072',2);
INSERT INTO orders_details(Order_detail_id,Order_id,item_id,quantity) VALUES ('DET1604',898,'ITEM040',10);
INSERT INTO orders_details(Order_detail_id,Order_id,item_id,quantity) VALUES ('DET1605',814,'ITEM047',3);
INSERT INTO orders_details(Order_detail_id,Order_id,item_id,quantity) VALUES ('DET1606',496,'ITEM078',1);
INSERT INTO orders_details(Order_detail_id,Order_id,item_id,quantity) VALUES ('DET1607',312,'ITEM059',7);
INSERT INTO orders_details(Order_detail_id,Order_id,item_id,quantity) VALUES ('DET1608',992,'ITEM010',9);
INSERT INTO orders_details(Order_detail_id,Order_id,item_id,quantity) VALUES ('DET1609',12,'ITEM030',6);
INSERT INTO orders_details(Order_detail_id,Order_id,item_id,quantity) VALUES ('DET1610',120,'ITEM038',3);
INSERT INTO orders_details(Order_detail_id,Order_id,item_id,quantity) VALUES ('DET1611',305,'ITEM028',10);
INSERT INTO orders_details(Order_detail_id,Order_id,item_id,quantity) VALUES ('DET1612',577,'ITEM004',2);
INSERT INTO orders_details(Order_detail_id,Order_id,item_id,quantity) VALUES ('DET1613',897,'ITEM061',5);
INSERT INTO orders_details(Order_detail_id,Order_id,item_id,quantity) VALUES ('DET1614',875,'ITEM062',7);
INSERT INTO orders_details(Order_detail_id,Order_id,item_id,quantity) VALUES ('DET1615',920,'ITEM021',5);
INSERT INTO orders_details(Order_detail_id,Order_id,item_id,quantity) VALUES ('DET1616',762,'ITEM085',5);
INSERT INTO orders_details(Order_detail_id,Order_id,item_id,quantity) VALUES ('DET1617',861,'ITEM038',1);
INSERT INTO orders_details(Order_detail_id,Order_id,item_id,quantity) VALUES ('DET1618',160,'ITEM041',1);
INSERT INTO orders_details(Order_detail_id,Order_id,item_id,quantity) VALUES ('DET1619',340,'ITEM045',3);
INSERT INTO orders_details(Order_detail_id,Order_id,item_id,quantity) VALUES ('DET1620',382,'ITEM042',10);
INSERT INTO orders_details(Order_detail_id,Order_id,item_id,quantity) VALUES ('DET1621',900,'ITEM044',4);
INSERT INTO orders_details(Order_detail_id,Order_id,item_id,quantity) VALUES ('DET1622',795,'ITEM026',5);
INSERT INTO orders_details(Order_detail_id,Order_id,item_id,quantity) VALUES ('DET1623',866,'ITEM047',8);
INSERT INTO orders_details(Order_detail_id,Order_id,item_id,quantity) VALUES ('DET1624',103,'ITEM037',6);
INSERT INTO orders_details(Order_detail_id,Order_id,item_id,quantity) VALUES ('DET1625',623,'ITEM087',4);
INSERT INTO orders_details(Order_detail_id,Order_id,item_id,quantity) VALUES ('DET1626',426,'ITEM009',10);
INSERT INTO orders_details(Order_detail_id,Order_id,item_id,quantity) VALUES ('DET1627',553,'ITEM038',5);
INSERT INTO orders_details(Order_detail_id,Order_id,item_id,quantity) VALUES ('DET1628',450,'ITEM081',9);
INSERT INTO orders_details(Order_detail_id,Order_id,item_id,quantity) VALUES ('DET1629',587,'ITEM017',6);
INSERT INTO orders_details(Order_detail_id,Order_id,item_id,quantity) VALUES ('DET1630',259,'ITEM008',2);
INSERT INTO orders_details(Order_detail_id,Order_id,item_id,quantity) VALUES ('DET1631',961,'ITEM020',3);
INSERT INTO orders_details(Order_detail_id,Order_id,item_id,quantity) VALUES ('DET1632',512,'ITEM020',3);
INSERT INTO orders_details(Order_detail_id,Order_id,item_id,quantity) VALUES ('DET1633',492,'ITEM005',1);
INSERT INTO orders_details(Order_detail_id,Order_id,item_id,quantity) VALUES ('DET1634',115,'ITEM035',8);
INSERT INTO orders_details(Order_detail_id,Order_id,item_id,quantity) VALUES ('DET1635',333,'ITEM044',7);
INSERT INTO orders_details(Order_detail_id,Order_id,item_id,quantity) VALUES ('DET1636',620,'ITEM057',1);
INSERT INTO orders_details(Order_detail_id,Order_id,item_id,quantity) VALUES ('DET1637',277,'ITEM008',6);
INSERT INTO orders_details(Order_detail_id,Order_id,item_id,quantity) VALUES ('DET1638',112,'ITEM089',5);
INSERT INTO orders_details(Order_detail_id,Order_id,item_id,quantity) VALUES ('DET1639',410,'ITEM089',7);
INSERT INTO orders_details(Order_detail_id,Order_id,item_id,quantity) VALUES ('DET1640',148,'ITEM004',5);
INSERT INTO orders_details(Order_detail_id,Order_id,item_id,quantity) VALUES ('DET1641',688,'ITEM086',2);
INSERT INTO orders_details(Order_detail_id,Order_id,item_id,quantity) VALUES ('DET1642',196,'ITEM090',7);
INSERT INTO orders_details(Order_detail_id,Order_id,item_id,quantity) VALUES ('DET1643',80,'ITEM040',10);
INSERT INTO orders_details(Order_detail_id,Order_id,item_id,quantity) VALUES ('DET1644',512,'ITEM028',5);
INSERT INTO orders_details(Order_detail_id,Order_id,item_id,quantity) VALUES ('DET1645',639,'ITEM067',5);
INSERT INTO orders_details(Order_detail_id,Order_id,item_id,quantity) VALUES ('DET1646',875,'ITEM071',3);
INSERT INTO orders_details(Order_detail_id,Order_id,item_id,quantity) VALUES ('DET1647',123,'ITEM065',3);
INSERT INTO orders_details(Order_detail_id,Order_id,item_id,quantity) VALUES ('DET1648',498,'ITEM099',4);
INSERT INTO orders_details(Order_detail_id,Order_id,item_id,quantity) VALUES ('DET1649',583,'ITEM036',5);
INSERT INTO orders_details(Order_detail_id,Order_id,item_id,quantity) VALUES ('DET1650',411,'ITEM007',2);
INSERT INTO orders_details(Order_detail_id,Order_id,item_id,quantity) VALUES ('DET1651',532,'ITEM038',3);
INSERT INTO orders_details(Order_detail_id,Order_id,item_id,quantity) VALUES ('DET1652',753,'ITEM043',8);
INSERT INTO orders_details(Order_detail_id,Order_id,item_id,quantity) VALUES ('DET1653',110,'ITEM075',10);
INSERT INTO orders_details(Order_detail_id,Order_id,item_id,quantity) VALUES ('DET1654',140,'ITEM071',8);
INSERT INTO orders_details(Order_detail_id,Order_id,item_id,quantity) VALUES ('DET1655',686,'ITEM030',6);
INSERT INTO orders_details(Order_detail_id,Order_id,item_id,quantity) VALUES ('DET1656',107,'ITEM053',8);
INSERT INTO orders_details(Order_detail_id,Order_id,item_id,quantity) VALUES ('DET1657',986,'ITEM042',10);
INSERT INTO orders_details(Order_detail_id,Order_id,item_id,quantity) VALUES ('DET1658',807,'ITEM060',9);
INSERT INTO orders_details(Order_detail_id,Order_id,item_id,quantity) VALUES ('DET1659',75,'ITEM048',1);
INSERT INTO orders_details(Order_detail_id,Order_id,item_id,quantity) VALUES ('DET1660',25,'ITEM036',4);
INSERT INTO orders_details(Order_detail_id,Order_id,item_id,quantity) VALUES ('DET1661',995,'ITEM022',3);
INSERT INTO orders_details(Order_detail_id,Order_id,item_id,quantity) VALUES ('DET1662',367,'ITEM048',10);
INSERT INTO orders_details(Order_detail_id,Order_id,item_id,quantity) VALUES ('DET1663',175,'ITEM034',7);
INSERT INTO orders_details(Order_detail_id,Order_id,item_id,quantity) VALUES ('DET1664',940,'ITEM063',3);
INSERT INTO orders_details(Order_detail_id,Order_id,item_id,quantity) VALUES ('DET1665',344,'ITEM061',3);
INSERT INTO orders_details(Order_detail_id,Order_id,item_id,quantity) VALUES ('DET1666',781,'ITEM073',7);
INSERT INTO orders_details(Order_detail_id,Order_id,item_id,quantity) VALUES ('DET1667',253,'ITEM074',9);
INSERT INTO orders_details(Order_detail_id,Order_id,item_id,quantity) VALUES ('DET1668',971,'ITEM016',5);
INSERT INTO orders_details(Order_detail_id,Order_id,item_id,quantity) VALUES ('DET1669',905,'ITEM028',3);
INSERT INTO orders_details(Order_detail_id,Order_id,item_id,quantity) VALUES ('DET1670',61,'ITEM072',1);
INSERT INTO orders_details(Order_detail_id,Order_id,item_id,quantity) VALUES ('DET1671',331,'ITEM068',3);
INSERT INTO orders_details(Order_detail_id,Order_id,item_id,quantity) VALUES ('DET1672',955,'ITEM014',2);
INSERT INTO orders_details(Order_detail_id,Order_id,item_id,quantity) VALUES ('DET1673',191,'ITEM078',8);
INSERT INTO orders_details(Order_detail_id,Order_id,item_id,quantity) VALUES ('DET1674',448,'ITEM025',10);
INSERT INTO orders_details(Order_detail_id,Order_id,item_id,quantity) VALUES ('DET1675',55,'ITEM029',8);
INSERT INTO orders_details(Order_detail_id,Order_id,item_id,quantity) VALUES ('DET1676',860,'ITEM011',5);
INSERT INTO orders_details(Order_detail_id,Order_id,item_id,quantity) VALUES ('DET1677',456,'ITEM057',3);
INSERT INTO orders_details(Order_detail_id,Order_id,item_id,quantity) VALUES ('DET1678',228,'ITEM084',9);
INSERT INTO orders_details(Order_detail_id,Order_id,item_id,quantity) VALUES ('DET1679',433,'ITEM061',6);
INSERT INTO orders_details(Order_detail_id,Order_id,item_id,quantity) VALUES ('DET1680',533,'ITEM085',8);
INSERT INTO orders_details(Order_detail_id,Order_id,item_id,quantity) VALUES ('DET1681',545,'ITEM056',9);
INSERT INTO orders_details(Order_detail_id,Order_id,item_id,quantity) VALUES ('DET1682',694,'ITEM040',1);
INSERT INTO orders_details(Order_detail_id,Order_id,item_id,quantity) VALUES ('DET1683',339,'ITEM080',2);
INSERT INTO orders_details(Order_detail_id,Order_id,item_id,quantity) VALUES ('DET1684',94,'ITEM014',2);
INSERT INTO orders_details(Order_detail_id,Order_id,item_id,quantity) VALUES ('DET1685',349,'ITEM091',7);
INSERT INTO orders_details(Order_detail_id,Order_id,item_id,quantity) VALUES ('DET1686',956,'ITEM026',8);
INSERT INTO orders_details(Order_detail_id,Order_id,item_id,quantity) VALUES ('DET1687',878,'ITEM017',5);
INSERT INTO orders_details(Order_detail_id,Order_id,item_id,quantity) VALUES ('DET1688',214,'ITEM052',2);
INSERT INTO orders_details(Order_detail_id,Order_id,item_id,quantity) VALUES ('DET1689',376,'ITEM018',8);
INSERT INTO orders_details(Order_detail_id,Order_id,item_id,quantity) VALUES ('DET1690',389,'ITEM082',4);
INSERT INTO orders_details(Order_detail_id,Order_id,item_id,quantity) VALUES ('DET1691',165,'ITEM081',2);
INSERT INTO orders_details(Order_detail_id,Order_id,item_id,quantity) VALUES ('DET1692',836,'ITEM014',5);
INSERT INTO orders_details(Order_detail_id,Order_id,item_id,quantity) VALUES ('DET1693',207,'ITEM048',9);
INSERT INTO orders_details(Order_detail_id,Order_id,item_id,quantity) VALUES ('DET1694',253,'ITEM015',7);
INSERT INTO orders_details(Order_detail_id,Order_id,item_id,quantity) VALUES ('DET1695',163,'ITEM093',2);
INSERT INTO orders_details(Order_detail_id,Order_id,item_id,quantity) VALUES ('DET1696',357,'ITEM088',4);
INSERT INTO orders_details(Order_detail_id,Order_id,item_id,quantity) VALUES ('DET1697',357,'ITEM012',6);
INSERT INTO orders_details(Order_detail_id,Order_id,item_id,quantity) VALUES ('DET1698',412,'ITEM081',8);
INSERT INTO orders_details(Order_detail_id,Order_id,item_id,quantity) VALUES ('DET1699',974,'ITEM029',5);
INSERT INTO orders_details(Order_detail_id,Order_id,item_id,quantity) VALUES ('DET1700',574,'ITEM023',4);
INSERT INTO orders_details(Order_detail_id,Order_id,item_id,quantity) VALUES ('DET1701',817,'ITEM037',6);
INSERT INTO orders_details(Order_detail_id,Order_id,item_id,quantity) VALUES ('DET1702',172,'ITEM046',9);
INSERT INTO orders_details(Order_detail_id,Order_id,item_id,quantity) VALUES ('DET1703',607,'ITEM039',7);
INSERT INTO orders_details(Order_detail_id,Order_id,item_id,quantity) VALUES ('DET1704',188,'ITEM097',10);
INSERT INTO orders_details(Order_detail_id,Order_id,item_id,quantity) VALUES ('DET1705',386,'ITEM077',4);
INSERT INTO orders_details(Order_detail_id,Order_id,item_id,quantity) VALUES ('DET1706',610,'ITEM002',5);
INSERT INTO orders_details(Order_detail_id,Order_id,item_id,quantity) VALUES ('DET1707',37,'ITEM097',7);
INSERT INTO orders_details(Order_detail_id,Order_id,item_id,quantity) VALUES ('DET1708',283,'ITEM047',9);
INSERT INTO orders_details(Order_detail_id,Order_id,item_id,quantity) VALUES ('DET1709',341,'ITEM031',10);
INSERT INTO orders_details(Order_detail_id,Order_id,item_id,quantity) VALUES ('DET1710',40,'ITEM042',10);
INSERT INTO orders_details(Order_detail_id,Order_id,item_id,quantity) VALUES ('DET1711',740,'ITEM042',3);
INSERT INTO orders_details(Order_detail_id,Order_id,item_id,quantity) VALUES ('DET1712',91,'ITEM058',8);
INSERT INTO orders_details(Order_detail_id,Order_id,item_id,quantity) VALUES ('DET1713',762,'ITEM070',10);
INSERT INTO orders_details(Order_detail_id,Order_id,item_id,quantity) VALUES ('DET1714',759,'ITEM011',6);
INSERT INTO orders_details(Order_detail_id,Order_id,item_id,quantity) VALUES ('DET1715',503,'ITEM023',3);
INSERT INTO orders_details(Order_detail_id,Order_id,item_id,quantity) VALUES ('DET1716',612,'ITEM046',2);
INSERT INTO orders_details(Order_detail_id,Order_id,item_id,quantity) VALUES ('DET1717',530,'ITEM043',1);
INSERT INTO orders_details(Order_detail_id,Order_id,item_id,quantity) VALUES ('DET1718',751,'ITEM097',9);
INSERT INTO orders_details(Order_detail_id,Order_id,item_id,quantity) VALUES ('DET1719',711,'ITEM037',5);
INSERT INTO orders_details(Order_detail_id,Order_id,item_id,quantity) VALUES ('DET1720',102,'ITEM004',4);
INSERT INTO orders_details(Order_detail_id,Order_id,item_id,quantity) VALUES ('DET1721',436,'ITEM005',5);
INSERT INTO orders_details(Order_detail_id,Order_id,item_id,quantity) VALUES ('DET1722',135,'ITEM045',7);
INSERT INTO orders_details(Order_detail_id,Order_id,item_id,quantity) VALUES ('DET1723',792,'ITEM017',8);
INSERT INTO orders_details(Order_detail_id,Order_id,item_id,quantity) VALUES ('DET1724',636,'ITEM026',9);
INSERT INTO orders_details(Order_detail_id,Order_id,item_id,quantity) VALUES ('DET1725',386,'ITEM034',7);
INSERT INTO orders_details(Order_detail_id,Order_id,item_id,quantity) VALUES ('DET1726',538,'ITEM047',4);
INSERT INTO orders_details(Order_detail_id,Order_id,item_id,quantity) VALUES ('DET1727',685,'ITEM074',5);
INSERT INTO orders_details(Order_detail_id,Order_id,item_id,quantity) VALUES ('DET1728',890,'ITEM002',9);
INSERT INTO orders_details(Order_detail_id,Order_id,item_id,quantity) VALUES ('DET1729',306,'ITEM009',3);
INSERT INTO orders_details(Order_detail_id,Order_id,item_id,quantity) VALUES ('DET1730',846,'ITEM084',2);
INSERT INTO orders_details(Order_detail_id,Order_id,item_id,quantity) VALUES ('DET1731',220,'ITEM051',6);
INSERT INTO orders_details(Order_detail_id,Order_id,item_id,quantity) VALUES ('DET1732',921,'ITEM082',1);
INSERT INTO orders_details(Order_detail_id,Order_id,item_id,quantity) VALUES ('DET1733',185,'ITEM031',2);
INSERT INTO orders_details(Order_detail_id,Order_id,item_id,quantity) VALUES ('DET1734',728,'ITEM084',8);
INSERT INTO orders_details(Order_detail_id,Order_id,item_id,quantity) VALUES ('DET1735',438,'ITEM099',7);
INSERT INTO orders_details(Order_detail_id,Order_id,item_id,quantity) VALUES ('DET1736',740,'ITEM039',10);
INSERT INTO orders_details(Order_detail_id,Order_id,item_id,quantity) VALUES ('DET1737',705,'ITEM020',9);
INSERT INTO orders_details(Order_detail_id,Order_id,item_id,quantity) VALUES ('DET1738',583,'ITEM097',9);
INSERT INTO orders_details(Order_detail_id,Order_id,item_id,quantity) VALUES ('DET1739',835,'ITEM089',5);
INSERT INTO orders_details(Order_detail_id,Order_id,item_id,quantity) VALUES ('DET1740',749,'ITEM035',5);
INSERT INTO orders_details(Order_detail_id,Order_id,item_id,quantity) VALUES ('DET1741',195,'ITEM032',6);
INSERT INTO orders_details(Order_detail_id,Order_id,item_id,quantity) VALUES ('DET1742',192,'ITEM016',4);
INSERT INTO orders_details(Order_detail_id,Order_id,item_id,quantity) VALUES ('DET1743',752,'ITEM040',3);
INSERT INTO orders_details(Order_detail_id,Order_id,item_id,quantity) VALUES ('DET1744',268,'ITEM003',1);
INSERT INTO orders_details(Order_detail_id,Order_id,item_id,quantity) VALUES ('DET1745',939,'ITEM068',10);
INSERT INTO orders_details(Order_detail_id,Order_id,item_id,quantity) VALUES ('DET1746',205,'ITEM036',2);
INSERT INTO orders_details(Order_detail_id,Order_id,item_id,quantity) VALUES ('DET1747',157,'ITEM053',2);
INSERT INTO orders_details(Order_detail_id,Order_id,item_id,quantity) VALUES ('DET1748',513,'ITEM081',8);
INSERT INTO orders_details(Order_detail_id,Order_id,item_id,quantity) VALUES ('DET1749',418,'ITEM077',2);
INSERT INTO orders_details(Order_detail_id,Order_id,item_id,quantity) VALUES ('DET1750',704,'ITEM098',1);
INSERT INTO orders_details(Order_detail_id,Order_id,item_id,quantity) VALUES ('DET1751',266,'ITEM047',10);
INSERT INTO orders_details(Order_detail_id,Order_id,item_id,quantity) VALUES ('DET1752',242,'ITEM075',2);
INSERT INTO orders_details(Order_detail_id,Order_id,item_id,quantity) VALUES ('DET1753',435,'ITEM071',3);
INSERT INTO orders_details(Order_detail_id,Order_id,item_id,quantity) VALUES ('DET1754',236,'ITEM030',7);
INSERT INTO orders_details(Order_detail_id,Order_id,item_id,quantity) VALUES ('DET1755',495,'ITEM053',9);
INSERT INTO orders_details(Order_detail_id,Order_id,item_id,quantity) VALUES ('DET1756',592,'ITEM091',2);
INSERT INTO orders_details(Order_detail_id,Order_id,item_id,quantity) VALUES ('DET1757',468,'ITEM072',4);
INSERT INTO orders_details(Order_detail_id,Order_id,item_id,quantity) VALUES ('DET1758',95,'ITEM085',7);
INSERT INTO orders_details(Order_detail_id,Order_id,item_id,quantity) VALUES ('DET1759',555,'ITEM058',1);
INSERT INTO orders_details(Order_detail_id,Order_id,item_id,quantity) VALUES ('DET1760',101,'ITEM017',5);
INSERT INTO orders_details(Order_detail_id,Order_id,item_id,quantity) VALUES ('DET1761',942,'ITEM013',9);
INSERT INTO orders_details(Order_detail_id,Order_id,item_id,quantity) VALUES ('DET1762',153,'ITEM017',6);
INSERT INTO orders_details(Order_detail_id,Order_id,item_id,quantity) VALUES ('DET1763',73,'ITEM099',8);
INSERT INTO orders_details(Order_detail_id,Order_id,item_id,quantity) VALUES ('DET1764',467,'ITEM072',3);
INSERT INTO orders_details(Order_detail_id,Order_id,item_id,quantity) VALUES ('DET1765',262,'ITEM028',4);
INSERT INTO orders_details(Order_detail_id,Order_id,item_id,quantity) VALUES ('DET1766',881,'ITEM091',4);
INSERT INTO orders_details(Order_detail_id,Order_id,item_id,quantity) VALUES ('DET1767',483,'ITEM093',1);
INSERT INTO orders_details(Order_detail_id,Order_id,item_id,quantity) VALUES ('DET1768',870,'ITEM032',1);
INSERT INTO orders_details(Order_detail_id,Order_id,item_id,quantity) VALUES ('DET1769',788,'ITEM010',1);
INSERT INTO orders_details(Order_detail_id,Order_id,item_id,quantity) VALUES ('DET1770',710,'ITEM075',6);
INSERT INTO orders_details(Order_detail_id,Order_id,item_id,quantity) VALUES ('DET1771',760,'ITEM074',2);
INSERT INTO orders_details(Order_detail_id,Order_id,item_id,quantity) VALUES ('DET1772',783,'ITEM006',9);
INSERT INTO orders_details(Order_detail_id,Order_id,item_id,quantity) VALUES ('DET1773',91,'ITEM064',10);
INSERT INTO orders_details(Order_detail_id,Order_id,item_id,quantity) VALUES ('DET1774',49,'ITEM011',2);
INSERT INTO orders_details(Order_detail_id,Order_id,item_id,quantity) VALUES ('DET1775',11,'ITEM076',5);
INSERT INTO orders_details(Order_detail_id,Order_id,item_id,quantity) VALUES ('DET1776',174,'ITEM005',1);
INSERT INTO orders_details(Order_detail_id,Order_id,item_id,quantity) VALUES ('DET1777',751,'ITEM043',4);
INSERT INTO orders_details(Order_detail_id,Order_id,item_id,quantity) VALUES ('DET1778',725,'ITEM082',9);
INSERT INTO orders_details(Order_detail_id,Order_id,item_id,quantity) VALUES ('DET1779',578,'ITEM013',9);
INSERT INTO orders_details(Order_detail_id,Order_id,item_id,quantity) VALUES ('DET1780',251,'ITEM022',4);
INSERT INTO orders_details(Order_detail_id,Order_id,item_id,quantity) VALUES ('DET1781',285,'ITEM088',7);
INSERT INTO orders_details(Order_detail_id,Order_id,item_id,quantity) VALUES ('DET1782',88,'ITEM070',6);
INSERT INTO orders_details(Order_detail_id,Order_id,item_id,quantity) VALUES ('DET1783',165,'ITEM017',9);
INSERT INTO orders_details(Order_detail_id,Order_id,item_id,quantity) VALUES ('DET1784',566,'ITEM025',8);
INSERT INTO orders_details(Order_detail_id,Order_id,item_id,quantity) VALUES ('DET1785',976,'ITEM011',2);
INSERT INTO orders_details(Order_detail_id,Order_id,item_id,quantity) VALUES ('DET1786',685,'ITEM082',8);
INSERT INTO orders_details(Order_detail_id,Order_id,item_id,quantity) VALUES ('DET1787',214,'ITEM013',10);
INSERT INTO orders_details(Order_detail_id,Order_id,item_id,quantity) VALUES ('DET1788',95,'ITEM049',6);
INSERT INTO orders_details(Order_detail_id,Order_id,item_id,quantity) VALUES ('DET1789',920,'ITEM026',2);
INSERT INTO orders_details(Order_detail_id,Order_id,item_id,quantity) VALUES ('DET1790',497,'ITEM060',8);
INSERT INTO orders_details(Order_detail_id,Order_id,item_id,quantity) VALUES ('DET1791',146,'ITEM050',7);
INSERT INTO orders_details(Order_detail_id,Order_id,item_id,quantity) VALUES ('DET1792',664,'ITEM096',1);
INSERT INTO orders_details(Order_detail_id,Order_id,item_id,quantity) VALUES ('DET1793',959,'ITEM035',2);
INSERT INTO orders_details(Order_detail_id,Order_id,item_id,quantity) VALUES ('DET1794',824,'ITEM079',4);
INSERT INTO orders_details(Order_detail_id,Order_id,item_id,quantity) VALUES ('DET1795',489,'ITEM029',3);
INSERT INTO orders_details(Order_detail_id,Order_id,item_id,quantity) VALUES ('DET1796',881,'ITEM074',2);
INSERT INTO orders_details(Order_detail_id,Order_id,item_id,quantity) VALUES ('DET1797',199,'ITEM040',4);
INSERT INTO orders_details(Order_detail_id,Order_id,item_id,quantity) VALUES ('DET1798',128,'ITEM015',2);
INSERT INTO orders_details(Order_detail_id,Order_id,item_id,quantity) VALUES ('DET1799',520,'ITEM053',2);
INSERT INTO orders_details(Order_detail_id,Order_id,item_id,quantity) VALUES ('DET1800',463,'ITEM016',10);
INSERT INTO orders_details(Order_detail_id,Order_id,item_id,quantity) VALUES ('DET1801',603,'ITEM029',6);
INSERT INTO orders_details(Order_detail_id,Order_id,item_id,quantity) VALUES ('DET1802',876,'ITEM079',9);
INSERT INTO orders_details(Order_detail_id,Order_id,item_id,quantity) VALUES ('DET1803',462,'ITEM083',5);
INSERT INTO orders_details(Order_detail_id,Order_id,item_id,quantity) VALUES ('DET1804',307,'ITEM000',4);
INSERT INTO orders_details(Order_detail_id,Order_id,item_id,quantity) VALUES ('DET1805',729,'ITEM093',7);
INSERT INTO orders_details(Order_detail_id,Order_id,item_id,quantity) VALUES ('DET1806',641,'ITEM084',1);
INSERT INTO orders_details(Order_detail_id,Order_id,item_id,quantity) VALUES ('DET1807',869,'ITEM005',6);
INSERT INTO orders_details(Order_detail_id,Order_id,item_id,quantity) VALUES ('DET1808',139,'ITEM001',10);
INSERT INTO orders_details(Order_detail_id,Order_id,item_id,quantity) VALUES ('DET1809',864,'ITEM029',5);
INSERT INTO orders_details(Order_detail_id,Order_id,item_id,quantity) VALUES ('DET1810',617,'ITEM049',6);
INSERT INTO orders_details(Order_detail_id,Order_id,item_id,quantity) VALUES ('DET1811',360,'ITEM006',2);
INSERT INTO orders_details(Order_detail_id,Order_id,item_id,quantity) VALUES ('DET1812',805,'ITEM081',7);
INSERT INTO orders_details(Order_detail_id,Order_id,item_id,quantity) VALUES ('DET1813',796,'ITEM041',4);
INSERT INTO orders_details(Order_detail_id,Order_id,item_id,quantity) VALUES ('DET1814',51,'ITEM069',3);
INSERT INTO orders_details(Order_detail_id,Order_id,item_id,quantity) VALUES ('DET1815',889,'ITEM095',9);
INSERT INTO orders_details(Order_detail_id,Order_id,item_id,quantity) VALUES ('DET1816',347,'ITEM051',5);
INSERT INTO orders_details(Order_detail_id,Order_id,item_id,quantity) VALUES ('DET1817',369,'ITEM017',5);
INSERT INTO orders_details(Order_detail_id,Order_id,item_id,quantity) VALUES ('DET1818',404,'ITEM083',6);
INSERT INTO orders_details(Order_detail_id,Order_id,item_id,quantity) VALUES ('DET1819',408,'ITEM004',10);
INSERT INTO orders_details(Order_detail_id,Order_id,item_id,quantity) VALUES ('DET1820',443,'ITEM020',5);
INSERT INTO orders_details(Order_detail_id,Order_id,item_id,quantity) VALUES ('DET1821',480,'ITEM059',9);
INSERT INTO orders_details(Order_detail_id,Order_id,item_id,quantity) VALUES ('DET1822',298,'ITEM097',2);
INSERT INTO orders_details(Order_detail_id,Order_id,item_id,quantity) VALUES ('DET1823',847,'ITEM022',4);
INSERT INTO orders_details(Order_detail_id,Order_id,item_id,quantity) VALUES ('DET1824',388,'ITEM021',1);
INSERT INTO orders_details(Order_detail_id,Order_id,item_id,quantity) VALUES ('DET1825',380,'ITEM098',4);
INSERT INTO orders_details(Order_detail_id,Order_id,item_id,quantity) VALUES ('DET1826',105,'ITEM076',5);
INSERT INTO orders_details(Order_detail_id,Order_id,item_id,quantity) VALUES ('DET1827',0,'ITEM015',3);
INSERT INTO orders_details(Order_detail_id,Order_id,item_id,quantity) VALUES ('DET1828',796,'ITEM024',1);
INSERT INTO orders_details(Order_detail_id,Order_id,item_id,quantity) VALUES ('DET1829',769,'ITEM006',8);
INSERT INTO orders_details(Order_detail_id,Order_id,item_id,quantity) VALUES ('DET1830',680,'ITEM044',2);
INSERT INTO orders_details(Order_detail_id,Order_id,item_id,quantity) VALUES ('DET1831',202,'ITEM034',5);
INSERT INTO orders_details(Order_detail_id,Order_id,item_id,quantity) VALUES ('DET1832',861,'ITEM076',6);
INSERT INTO orders_details(Order_detail_id,Order_id,item_id,quantity) VALUES ('DET1833',718,'ITEM061',6);
INSERT INTO orders_details(Order_detail_id,Order_id,item_id,quantity) VALUES ('DET1834',717,'ITEM092',2);
INSERT INTO orders_details(Order_detail_id,Order_id,item_id,quantity) VALUES ('DET1835',271,'ITEM053',7);
INSERT INTO orders_details(Order_detail_id,Order_id,item_id,quantity) VALUES ('DET1836',829,'ITEM067',8);
INSERT INTO orders_details(Order_detail_id,Order_id,item_id,quantity) VALUES ('DET1837',557,'ITEM017',10);
INSERT INTO orders_details(Order_detail_id,Order_id,item_id,quantity) VALUES ('DET1838',485,'ITEM053',5);
INSERT INTO orders_details(Order_detail_id,Order_id,item_id,quantity) VALUES ('DET1839',241,'ITEM082',5);
INSERT INTO orders_details(Order_detail_id,Order_id,item_id,quantity) VALUES ('DET1840',158,'ITEM073',7);
INSERT INTO orders_details(Order_detail_id,Order_id,item_id,quantity) VALUES ('DET1841',419,'ITEM028',4);
INSERT INTO orders_details(Order_detail_id,Order_id,item_id,quantity) VALUES ('DET1842',757,'ITEM056',9);
INSERT INTO orders_details(Order_detail_id,Order_id,item_id,quantity) VALUES ('DET1843',952,'ITEM091',2);
INSERT INTO orders_details(Order_detail_id,Order_id,item_id,quantity) VALUES ('DET1844',855,'ITEM053',5);
INSERT INTO orders_details(Order_detail_id,Order_id,item_id,quantity) VALUES ('DET1845',918,'ITEM089',2);
INSERT INTO orders_details(Order_detail_id,Order_id,item_id,quantity) VALUES ('DET1846',620,'ITEM070',5);
INSERT INTO orders_details(Order_detail_id,Order_id,item_id,quantity) VALUES ('DET1847',533,'ITEM083',3);
INSERT INTO orders_details(Order_detail_id,Order_id,item_id,quantity) VALUES ('DET1848',2,'ITEM079',7);
INSERT INTO orders_details(Order_detail_id,Order_id,item_id,quantity) VALUES ('DET1849',868,'ITEM002',7);
INSERT INTO orders_details(Order_detail_id,Order_id,item_id,quantity) VALUES ('DET1850',585,'ITEM065',1);
INSERT INTO orders_details(Order_detail_id,Order_id,item_id,quantity) VALUES ('DET1851',969,'ITEM065',4);
INSERT INTO orders_details(Order_detail_id,Order_id,item_id,quantity) VALUES ('DET1852',662,'ITEM068',10);
INSERT INTO orders_details(Order_detail_id,Order_id,item_id,quantity) VALUES ('DET1853',671,'ITEM023',4);
INSERT INTO orders_details(Order_detail_id,Order_id,item_id,quantity) VALUES ('DET1854',420,'ITEM027',7);
INSERT INTO orders_details(Order_detail_id,Order_id,item_id,quantity) VALUES ('DET1855',355,'ITEM008',8);
INSERT INTO orders_details(Order_detail_id,Order_id,item_id,quantity) VALUES ('DET1856',901,'ITEM030',5);
INSERT INTO orders_details(Order_detail_id,Order_id,item_id,quantity) VALUES ('DET1857',749,'ITEM026',10);
INSERT INTO orders_details(Order_detail_id,Order_id,item_id,quantity) VALUES ('DET1858',311,'ITEM072',1);
INSERT INTO orders_details(Order_detail_id,Order_id,item_id,quantity) VALUES ('DET1859',490,'ITEM064',9);
INSERT INTO orders_details(Order_detail_id,Order_id,item_id,quantity) VALUES ('DET1860',838,'ITEM011',4);
INSERT INTO orders_details(Order_detail_id,Order_id,item_id,quantity) VALUES ('DET1861',632,'ITEM097',5);
INSERT INTO orders_details(Order_detail_id,Order_id,item_id,quantity) VALUES ('DET1862',543,'ITEM027',10);
INSERT INTO orders_details(Order_detail_id,Order_id,item_id,quantity) VALUES ('DET1863',824,'ITEM010',7);
INSERT INTO orders_details(Order_detail_id,Order_id,item_id,quantity) VALUES ('DET1864',762,'ITEM058',9);
INSERT INTO orders_details(Order_detail_id,Order_id,item_id,quantity) VALUES ('DET1865',779,'ITEM068',7);
INSERT INTO orders_details(Order_detail_id,Order_id,item_id,quantity) VALUES ('DET1866',951,'ITEM089',5);
INSERT INTO orders_details(Order_detail_id,Order_id,item_id,quantity) VALUES ('DET1867',45,'ITEM089',2);
INSERT INTO orders_details(Order_detail_id,Order_id,item_id,quantity) VALUES ('DET1868',666,'ITEM082',1);
INSERT INTO orders_details(Order_detail_id,Order_id,item_id,quantity) VALUES ('DET1869',583,'ITEM091',1);
INSERT INTO orders_details(Order_detail_id,Order_id,item_id,quantity) VALUES ('DET1870',188,'ITEM015',6);
INSERT INTO orders_details(Order_detail_id,Order_id,item_id,quantity) VALUES ('DET1871',333,'ITEM036',7);
INSERT INTO orders_details(Order_detail_id,Order_id,item_id,quantity) VALUES ('DET1872',733,'ITEM027',5);
INSERT INTO orders_details(Order_detail_id,Order_id,item_id,quantity) VALUES ('DET1873',897,'ITEM041',9);
INSERT INTO orders_details(Order_detail_id,Order_id,item_id,quantity) VALUES ('DET1874',723,'ITEM081',1);
INSERT INTO orders_details(Order_detail_id,Order_id,item_id,quantity) VALUES ('DET1875',501,'ITEM094',7);
INSERT INTO orders_details(Order_detail_id,Order_id,item_id,quantity) VALUES ('DET1876',83,'ITEM093',6);
INSERT INTO orders_details(Order_detail_id,Order_id,item_id,quantity) VALUES ('DET1877',723,'ITEM061',2);
INSERT INTO orders_details(Order_detail_id,Order_id,item_id,quantity) VALUES ('DET1878',67,'ITEM062',10);
INSERT INTO orders_details(Order_detail_id,Order_id,item_id,quantity) VALUES ('DET1879',686,'ITEM080',1);
INSERT INTO orders_details(Order_detail_id,Order_id,item_id,quantity) VALUES ('DET1880',425,'ITEM099',10);
INSERT INTO orders_details(Order_detail_id,Order_id,item_id,quantity) VALUES ('DET1881',595,'ITEM048',9);
INSERT INTO orders_details(Order_detail_id,Order_id,item_id,quantity) VALUES ('DET1882',147,'ITEM034',5);
INSERT INTO orders_details(Order_detail_id,Order_id,item_id,quantity) VALUES ('DET1883',718,'ITEM095',3);
INSERT INTO orders_details(Order_detail_id,Order_id,item_id,quantity) VALUES ('DET1884',942,'ITEM004',1);
INSERT INTO orders_details(Order_detail_id,Order_id,item_id,quantity) VALUES ('DET1885',958,'ITEM032',9);
INSERT INTO orders_details(Order_detail_id,Order_id,item_id,quantity) VALUES ('DET1886',682,'ITEM044',7);
INSERT INTO orders_details(Order_detail_id,Order_id,item_id,quantity) VALUES ('DET1887',754,'ITEM041',3);
INSERT INTO orders_details(Order_detail_id,Order_id,item_id,quantity) VALUES ('DET1888',357,'ITEM011',7);
INSERT INTO orders_details(Order_detail_id,Order_id,item_id,quantity) VALUES ('DET1889',385,'ITEM046',7);
INSERT INTO orders_details(Order_detail_id,Order_id,item_id,quantity) VALUES ('DET1890',252,'ITEM001',1);
INSERT INTO orders_details(Order_detail_id,Order_id,item_id,quantity) VALUES ('DET1891',18,'ITEM028',1);
INSERT INTO orders_details(Order_detail_id,Order_id,item_id,quantity) VALUES ('DET1892',609,'ITEM033',1);
INSERT INTO orders_details(Order_detail_id,Order_id,item_id,quantity) VALUES ('DET1893',276,'ITEM077',8);
INSERT INTO orders_details(Order_detail_id,Order_id,item_id,quantity) VALUES ('DET1894',579,'ITEM078',3);
INSERT INTO orders_details(Order_detail_id,Order_id,item_id,quantity) VALUES ('DET1895',197,'ITEM093',2);
INSERT INTO orders_details(Order_detail_id,Order_id,item_id,quantity) VALUES ('DET1896',231,'ITEM098',3);
INSERT INTO orders_details(Order_detail_id,Order_id,item_id,quantity) VALUES ('DET1897',697,'ITEM062',8);
INSERT INTO orders_details(Order_detail_id,Order_id,item_id,quantity) VALUES ('DET1898',547,'ITEM078',1);
INSERT INTO orders_details(Order_detail_id,Order_id,item_id,quantity) VALUES ('DET1899',593,'ITEM038',3);
INSERT INTO orders_details(Order_detail_id,Order_id,item_id,quantity) VALUES ('DET1900',104,'ITEM037',9);
INSERT INTO orders_details(Order_detail_id,Order_id,item_id,quantity) VALUES ('DET1901',187,'ITEM006',2);
INSERT INTO orders_details(Order_detail_id,Order_id,item_id,quantity) VALUES ('DET1902',122,'ITEM037',8);
INSERT INTO orders_details(Order_detail_id,Order_id,item_id,quantity) VALUES ('DET1903',620,'ITEM065',1);
INSERT INTO orders_details(Order_detail_id,Order_id,item_id,quantity) VALUES ('DET1904',143,'ITEM013',3);
INSERT INTO orders_details(Order_detail_id,Order_id,item_id,quantity) VALUES ('DET1905',256,'ITEM022',6);
INSERT INTO orders_details(Order_detail_id,Order_id,item_id,quantity) VALUES ('DET1906',796,'ITEM080',10);
INSERT INTO orders_details(Order_detail_id,Order_id,item_id,quantity) VALUES ('DET1907',510,'ITEM052',5);
INSERT INTO orders_details(Order_detail_id,Order_id,item_id,quantity) VALUES ('DET1908',993,'ITEM012',10);
INSERT INTO orders_details(Order_detail_id,Order_id,item_id,quantity) VALUES ('DET1909',934,'ITEM040',7);
INSERT INTO orders_details(Order_detail_id,Order_id,item_id,quantity) VALUES ('DET1910',36,'ITEM041',6);
INSERT INTO orders_details(Order_detail_id,Order_id,item_id,quantity) VALUES ('DET1911',951,'ITEM043',6);
INSERT INTO orders_details(Order_detail_id,Order_id,item_id,quantity) VALUES ('DET1912',542,'ITEM035',10);
INSERT INTO orders_details(Order_detail_id,Order_id,item_id,quantity) VALUES ('DET1913',491,'ITEM091',8);
INSERT INTO orders_details(Order_detail_id,Order_id,item_id,quantity) VALUES ('DET1914',38,'ITEM031',10);
INSERT INTO orders_details(Order_detail_id,Order_id,item_id,quantity) VALUES ('DET1915',950,'ITEM080',1);
INSERT INTO orders_details(Order_detail_id,Order_id,item_id,quantity) VALUES ('DET1916',102,'ITEM024',4);
INSERT INTO orders_details(Order_detail_id,Order_id,item_id,quantity) VALUES ('DET1917',676,'ITEM093',8);
INSERT INTO orders_details(Order_detail_id,Order_id,item_id,quantity) VALUES ('DET1918',176,'ITEM091',4);
INSERT INTO orders_details(Order_detail_id,Order_id,item_id,quantity) VALUES ('DET1919',271,'ITEM017',5);
INSERT INTO orders_details(Order_detail_id,Order_id,item_id,quantity) VALUES ('DET1920',931,'ITEM022',1);
INSERT INTO orders_details(Order_detail_id,Order_id,item_id,quantity) VALUES ('DET1921',669,'ITEM013',7);
INSERT INTO orders_details(Order_detail_id,Order_id,item_id,quantity) VALUES ('DET1922',934,'ITEM015',2);
INSERT INTO orders_details(Order_detail_id,Order_id,item_id,quantity) VALUES ('DET1923',84,'ITEM030',3);
INSERT INTO orders_details(Order_detail_id,Order_id,item_id,quantity) VALUES ('DET1924',79,'ITEM062',4);
INSERT INTO orders_details(Order_detail_id,Order_id,item_id,quantity) VALUES ('DET1925',711,'ITEM018',9);
INSERT INTO orders_details(Order_detail_id,Order_id,item_id,quantity) VALUES ('DET1926',407,'ITEM030',8);
INSERT INTO orders_details(Order_detail_id,Order_id,item_id,quantity) VALUES ('DET1927',579,'ITEM024',2);
INSERT INTO orders_details(Order_detail_id,Order_id,item_id,quantity) VALUES ('DET1928',482,'ITEM088',5);
INSERT INTO orders_details(Order_detail_id,Order_id,item_id,quantity) VALUES ('DET1929',689,'ITEM063',5);
INSERT INTO orders_details(Order_detail_id,Order_id,item_id,quantity) VALUES ('DET1930',894,'ITEM094',9);
INSERT INTO orders_details(Order_detail_id,Order_id,item_id,quantity) VALUES ('DET1931',242,'ITEM048',8);
INSERT INTO orders_details(Order_detail_id,Order_id,item_id,quantity) VALUES ('DET1932',15,'ITEM067',1);
INSERT INTO orders_details(Order_detail_id,Order_id,item_id,quantity) VALUES ('DET1933',284,'ITEM000',3);
INSERT INTO orders_details(Order_detail_id,Order_id,item_id,quantity) VALUES ('DET1934',648,'ITEM003',7);
INSERT INTO orders_details(Order_detail_id,Order_id,item_id,quantity) VALUES ('DET1935',177,'ITEM088',10);
INSERT INTO orders_details(Order_detail_id,Order_id,item_id,quantity) VALUES ('DET1936',727,'ITEM053',2);
INSERT INTO orders_details(Order_detail_id,Order_id,item_id,quantity) VALUES ('DET1937',894,'ITEM083',2);
INSERT INTO orders_details(Order_detail_id,Order_id,item_id,quantity) VALUES ('DET1938',158,'ITEM012',9);
INSERT INTO orders_details(Order_detail_id,Order_id,item_id,quantity) VALUES ('DET1939',641,'ITEM066',1);
INSERT INTO orders_details(Order_detail_id,Order_id,item_id,quantity) VALUES ('DET1940',253,'ITEM053',4);
INSERT INTO orders_details(Order_detail_id,Order_id,item_id,quantity) VALUES ('DET1941',960,'ITEM015',4);
INSERT INTO orders_details(Order_detail_id,Order_id,item_id,quantity) VALUES ('DET1942',325,'ITEM089',5);
INSERT INTO orders_details(Order_detail_id,Order_id,item_id,quantity) VALUES ('DET1943',607,'ITEM094',9);
INSERT INTO orders_details(Order_detail_id,Order_id,item_id,quantity) VALUES ('DET1944',714,'ITEM079',10);
INSERT INTO orders_details(Order_detail_id,Order_id,item_id,quantity) VALUES ('DET1945',326,'ITEM096',1);
INSERT INTO orders_details(Order_detail_id,Order_id,item_id,quantity) VALUES ('DET1946',102,'ITEM057',3);
INSERT INTO orders_details(Order_detail_id,Order_id,item_id,quantity) VALUES ('DET1947',631,'ITEM088',5);
INSERT INTO orders_details(Order_detail_id,Order_id,item_id,quantity) VALUES ('DET1948',136,'ITEM061',8);
INSERT INTO orders_details(Order_detail_id,Order_id,item_id,quantity) VALUES ('DET1949',437,'ITEM076',6);
INSERT INTO orders_details(Order_detail_id,Order_id,item_id,quantity) VALUES ('DET1950',719,'ITEM090',10);
INSERT INTO orders_details(Order_detail_id,Order_id,item_id,quantity) VALUES ('DET1951',461,'ITEM056',3);
INSERT INTO orders_details(Order_detail_id,Order_id,item_id,quantity) VALUES ('DET1952',501,'ITEM082',4);
INSERT INTO orders_details(Order_detail_id,Order_id,item_id,quantity) VALUES ('DET1953',952,'ITEM022',10);
INSERT INTO orders_details(Order_detail_id,Order_id,item_id,quantity) VALUES ('DET1954',333,'ITEM014',3);
INSERT INTO orders_details(Order_detail_id,Order_id,item_id,quantity) VALUES ('DET1955',846,'ITEM046',1);
INSERT INTO orders_details(Order_detail_id,Order_id,item_id,quantity) VALUES ('DET1956',19,'ITEM041',6);
INSERT INTO orders_details(Order_detail_id,Order_id,item_id,quantity) VALUES ('DET1957',551,'ITEM096',1);
INSERT INTO orders_details(Order_detail_id,Order_id,item_id,quantity) VALUES ('DET1958',321,'ITEM065',8);
INSERT INTO orders_details(Order_detail_id,Order_id,item_id,quantity) VALUES ('DET1959',15,'ITEM078',3);
INSERT INTO orders_details(Order_detail_id,Order_id,item_id,quantity) VALUES ('DET1960',28,'ITEM072',9);
INSERT INTO orders_details(Order_detail_id,Order_id,item_id,quantity) VALUES ('DET1961',673,'ITEM010',4);
INSERT INTO orders_details(Order_detail_id,Order_id,item_id,quantity) VALUES ('DET1962',635,'ITEM017',9);
INSERT INTO orders_details(Order_detail_id,Order_id,item_id,quantity) VALUES ('DET1963',98,'ITEM025',5);
INSERT INTO orders_details(Order_detail_id,Order_id,item_id,quantity) VALUES ('DET1964',51,'ITEM069',3);
INSERT INTO orders_details(Order_detail_id,Order_id,item_id,quantity) VALUES ('DET1965',902,'ITEM009',7);
INSERT INTO orders_details(Order_detail_id,Order_id,item_id,quantity) VALUES ('DET1966',137,'ITEM088',2);
INSERT INTO orders_details(Order_detail_id,Order_id,item_id,quantity) VALUES ('DET1967',963,'ITEM048',2);
INSERT INTO orders_details(Order_detail_id,Order_id,item_id,quantity) VALUES ('DET1968',372,'ITEM091',2);
INSERT INTO orders_details(Order_detail_id,Order_id,item_id,quantity) VALUES ('DET1969',559,'ITEM005',2);
INSERT INTO orders_details(Order_detail_id,Order_id,item_id,quantity) VALUES ('DET1970',918,'ITEM019',8);
INSERT INTO orders_details(Order_detail_id,Order_id,item_id,quantity) VALUES ('DET1971',458,'ITEM062',7);
INSERT INTO orders_details(Order_detail_id,Order_id,item_id,quantity) VALUES ('DET1972',924,'ITEM098',3);
INSERT INTO orders_details(Order_detail_id,Order_id,item_id,quantity) VALUES ('DET1973',738,'ITEM022',1);
INSERT INTO orders_details(Order_detail_id,Order_id,item_id,quantity) VALUES ('DET1974',856,'ITEM030',2);
INSERT INTO orders_details(Order_detail_id,Order_id,item_id,quantity) VALUES ('DET1975',291,'ITEM041',4);
INSERT INTO orders_details(Order_detail_id,Order_id,item_id,quantity) VALUES ('DET1976',81,'ITEM066',8);
INSERT INTO orders_details(Order_detail_id,Order_id,item_id,quantity) VALUES ('DET1977',733,'ITEM066',7);
INSERT INTO orders_details(Order_detail_id,Order_id,item_id,quantity) VALUES ('DET1978',621,'ITEM080',1);
INSERT INTO orders_details(Order_detail_id,Order_id,item_id,quantity) VALUES ('DET1979',172,'ITEM021',10);
INSERT INTO orders_details(Order_detail_id,Order_id,item_id,quantity) VALUES ('DET1980',615,'ITEM076',8);
INSERT INTO orders_details(Order_detail_id,Order_id,item_id,quantity) VALUES ('DET1981',207,'ITEM096',2);
INSERT INTO orders_details(Order_detail_id,Order_id,item_id,quantity) VALUES ('DET1982',155,'ITEM079',3);
INSERT INTO orders_details(Order_detail_id,Order_id,item_id,quantity) VALUES ('DET1983',503,'ITEM038',4);
INSERT INTO orders_details(Order_detail_id,Order_id,item_id,quantity) VALUES ('DET1984',613,'ITEM080',7);
INSERT INTO orders_details(Order_detail_id,Order_id,item_id,quantity) VALUES ('DET1985',86,'ITEM037',4);
INSERT INTO orders_details(Order_detail_id,Order_id,item_id,quantity) VALUES ('DET1986',676,'ITEM071',3);
INSERT INTO orders_details(Order_detail_id,Order_id,item_id,quantity) VALUES ('DET1987',621,'ITEM038',9);
INSERT INTO orders_details(Order_detail_id,Order_id,item_id,quantity) VALUES ('DET1988',580,'ITEM039',3);
INSERT INTO orders_details(Order_detail_id,Order_id,item_id,quantity) VALUES ('DET1989',99,'ITEM012',4);
INSERT INTO orders_details(Order_detail_id,Order_id,item_id,quantity) VALUES ('DET1990',337,'ITEM048',7);
INSERT INTO orders_details(Order_detail_id,Order_id,item_id,quantity) VALUES ('DET1991',548,'ITEM020',6);
INSERT INTO orders_details(Order_detail_id,Order_id,item_id,quantity) VALUES ('DET1992',84,'ITEM085',1);
INSERT INTO orders_details(Order_detail_id,Order_id,item_id,quantity) VALUES ('DET1993',992,'ITEM091',6);
INSERT INTO orders_details(Order_detail_id,Order_id,item_id,quantity) VALUES ('DET1994',680,'ITEM011',7);
INSERT INTO orders_details(Order_detail_id,Order_id,item_id,quantity) VALUES ('DET1995',800,'ITEM085',9);
INSERT INTO orders_details(Order_detail_id,Order_id,item_id,quantity) VALUES ('DET1996',929,'ITEM029',2);
INSERT INTO orders_details(Order_detail_id,Order_id,item_id,quantity) VALUES ('DET1997',984,'ITEM093',10);
INSERT INTO orders_details(Order_detail_id,Order_id,item_id,quantity) VALUES ('DET1998',792,'ITEM090',10);
INSERT INTO orders_details(Order_detail_id,Order_id,item_id,quantity) VALUES ('DET1999',226,'ITEM097',3);

#populating stock table
INSERT INTO stock(item_id,price,product_name,quantity,supplier_id) VALUES ('ITEM000',369.98,'Gibson model 1',5000,1000000033);
INSERT INTO stock(item_id,price,product_name,quantity,supplier_id) VALUES ('ITEM001',38.45,'Gibson model 2',5000,1000000044);
INSERT INTO stock(item_id,price,product_name,quantity,supplier_id) VALUES ('ITEM002',107.1,'Gibson model 3',5000,1000000055);
INSERT INTO stock(item_id,price,product_name,quantity,supplier_id) VALUES ('ITEM003',237.49,'Gibson model 4',5000,1000000066);
INSERT INTO stock(item_id,price,product_name,quantity,supplier_id) VALUES ('ITEM004',9.99,'Gibson model 5',5000,1000000077);
INSERT INTO stock(item_id,price,product_name,quantity,supplier_id) VALUES ('ITEM005',136.24,'Gibson model 6',5000,1000000088);
INSERT INTO stock(item_id,price,product_name,quantity,supplier_id) VALUES ('ITEM006',215.97,'Gibson model 7',5000,1000000033);
INSERT INTO stock(item_id,price,product_name,quantity,supplier_id) VALUES ('ITEM007',284.94,'Gibson model 8',5000,1000000044);
INSERT INTO stock(item_id,price,product_name,quantity,supplier_id) VALUES ('ITEM008',153.06,'Gibson model 9',5000,1000000055);
INSERT INTO stock(item_id,price,product_name,quantity,supplier_id) VALUES ('ITEM009',331.34,'Gibson model 10',5000,1000000066);
INSERT INTO stock(item_id,price,product_name,quantity,supplier_id) VALUES ('ITEM010',88.71,'Fender model 1',5000,1000000077);
INSERT INTO stock(item_id,price,product_name,quantity,supplier_id) VALUES ('ITEM011',342.52,'Fender model 2',5000,1000000088);
INSERT INTO stock(item_id,price,product_name,quantity,supplier_id) VALUES ('ITEM012',134.26,'Fender model 3',5000,1000000099);
INSERT INTO stock(item_id,price,product_name,quantity,supplier_id) VALUES ('ITEM013',390.18,'Fender model 4',5000,1000000110);
INSERT INTO stock(item_id,price,product_name,quantity,supplier_id) VALUES ('ITEM014',197.24,'Fender model 5',5000,1000000121);
INSERT INTO stock(item_id,price,product_name,quantity,supplier_id) VALUES ('ITEM015',133.68,'Fender model 6',5000,1000000132);
INSERT INTO stock(item_id,price,product_name,quantity,supplier_id) VALUES ('ITEM016',247.04,'Fender model 7',5000,1000000143);
INSERT INTO stock(item_id,price,product_name,quantity,supplier_id) VALUES ('ITEM017',279.2,'Fender model 8',5000,1000000154);
INSERT INTO stock(item_id,price,product_name,quantity,supplier_id) VALUES ('ITEM018',197.76,'Fender model 9',5000,1000000165);
INSERT INTO stock(item_id,price,product_name,quantity,supplier_id) VALUES ('ITEM019',165.13,'Fender model 10',5000,1000000176);
INSERT INTO stock(item_id,price,product_name,quantity,supplier_id) VALUES ('ITEM020',126.9,'Fender model 11',5000,1000000187);
INSERT INTO stock(item_id,price,product_name,quantity,supplier_id) VALUES ('ITEM021',40.76,'Fender model 12',5000,1000000198);
INSERT INTO stock(item_id,price,product_name,quantity,supplier_id) VALUES ('ITEM022',117.17,'Fender model 13',5000,1000000209);
INSERT INTO stock(item_id,price,product_name,quantity,supplier_id) VALUES ('ITEM023',48.45,'Fender model 14',5000,1000000099);
INSERT INTO stock(item_id,price,product_name,quantity,supplier_id) VALUES ('ITEM024',357.5,'Fender model 15',5000,1000000110);
INSERT INTO stock(item_id,price,product_name,quantity,supplier_id) VALUES ('ITEM025',16.94,'Fender model 16',5000,1000000121);
INSERT INTO stock(item_id,price,product_name,quantity,supplier_id) VALUES ('ITEM026',281.7,'Fender model 17',5000,1000000132);
INSERT INTO stock(item_id,price,product_name,quantity,supplier_id) VALUES ('ITEM027',113.39,'Fender model 18',5000,1000000143);
INSERT INTO stock(item_id,price,product_name,quantity,supplier_id) VALUES ('ITEM028',167.78,'Fender model 19',5000,1000000154);
INSERT INTO stock(item_id,price,product_name,quantity,supplier_id) VALUES ('ITEM029',173.89,'Fender model 20',5000,1000000165);
INSERT INTO stock(item_id,price,product_name,quantity,supplier_id) VALUES ('ITEM030',174.46,'Fender model 21',5000,1000000176);
INSERT INTO stock(item_id,price,product_name,quantity,supplier_id) VALUES ('ITEM031',111.79,'Fender model 22',5000,1000000033);
INSERT INTO stock(item_id,price,product_name,quantity,supplier_id) VALUES ('ITEM032',46.53,'Fender model 23',5000,1000000044);
INSERT INTO stock(item_id,price,product_name,quantity,supplier_id) VALUES ('ITEM033',168.5,'Fender model 24',5000,1000000055);
INSERT INTO stock(item_id,price,product_name,quantity,supplier_id) VALUES ('ITEM034',141.78,'Fender model 25',5000,1000000066);
INSERT INTO stock(item_id,price,product_name,quantity,supplier_id) VALUES ('ITEM035',260.9,'IBANEZ model 1',5000,1000000077);
INSERT INTO stock(item_id,price,product_name,quantity,supplier_id) VALUES ('ITEM036',79.89,'IBANEZ model 2',5000,1000000088);
INSERT INTO stock(item_id,price,product_name,quantity,supplier_id) VALUES ('ITEM037',97.88,'IBANEZ model 3',5000,1000000099);
INSERT INTO stock(item_id,price,product_name,quantity,supplier_id) VALUES ('ITEM038',339.04,'IBANEZ model 4',5000,1000000110);
INSERT INTO stock(item_id,price,product_name,quantity,supplier_id) VALUES ('ITEM039',322.43,'IBANEZ model 5',5000,1000000121);
INSERT INTO stock(item_id,price,product_name,quantity,supplier_id) VALUES ('ITEM040',43.66,'IBANEZ model 6',5000,1000000132);
INSERT INTO stock(item_id,price,product_name,quantity,supplier_id) VALUES ('ITEM041',120.55,'IBANEZ model 7',5000,1000000143);
INSERT INTO stock(item_id,price,product_name,quantity,supplier_id) VALUES ('ITEM042',231.18,'IBANEZ model 8',5000,1000000154);
INSERT INTO stock(item_id,price,product_name,quantity,supplier_id) VALUES ('ITEM043',310.96,'IBANEZ model 9',5000,1000000165);
INSERT INTO stock(item_id,price,product_name,quantity,supplier_id) VALUES ('ITEM044',379.81,'IBANEZ model 10',5000,1000000176);
INSERT INTO stock(item_id,price,product_name,quantity,supplier_id) VALUES ('ITEM045',259.85,'Martin model 1',5000,1000000187);
INSERT INTO stock(item_id,price,product_name,quantity,supplier_id) VALUES ('ITEM046',204.84,'Martin model 2',5000,1000000198);
INSERT INTO stock(item_id,price,product_name,quantity,supplier_id) VALUES ('ITEM047',371.98,'Martin model 3',5000,1000000209);
INSERT INTO stock(item_id,price,product_name,quantity,supplier_id) VALUES ('ITEM048',369.7,'Martin model 4',5000,1000000176);
INSERT INTO stock(item_id,price,product_name,quantity,supplier_id) VALUES ('ITEM049',378.87,'Martin model 5',5000,1000000187);
INSERT INTO stock(item_id,price,product_name,quantity,supplier_id) VALUES ('ITEM050',302.35,'Martin model 6',5000,1000000198);
INSERT INTO stock(item_id,price,product_name,quantity,supplier_id) VALUES ('ITEM051',246.09,'Martin model 7',5000,1000000209);
INSERT INTO stock(item_id,price,product_name,quantity,supplier_id) VALUES ('ITEM052',198.75,'Martin model 8',5000,1000000033);
INSERT INTO stock(item_id,price,product_name,quantity,supplier_id) VALUES ('ITEM053',51.9,'Martin model 9',5000,1000000044);
INSERT INTO stock(item_id,price,product_name,quantity,supplier_id) VALUES ('ITEM054',229.05,'Martin model 10',5000,1000000055);
INSERT INTO stock(item_id,price,product_name,quantity,supplier_id) VALUES ('ITEM055',311.47,'Yamaha model 1',5000,1000000066);
INSERT INTO stock(item_id,price,product_name,quantity,supplier_id) VALUES ('ITEM056',88.71,'Yamaha model 2',5000,1000000077);
INSERT INTO stock(item_id,price,product_name,quantity,supplier_id) VALUES ('ITEM057',79.57,'Yamaha model 3',5000,1000000088);
INSERT INTO stock(item_id,price,product_name,quantity,supplier_id) VALUES ('ITEM058',383.05,'Yamaha model 4',5000,1000000099);
INSERT INTO stock(item_id,price,product_name,quantity,supplier_id) VALUES ('ITEM059',127.77,'Yamaha model 5',5000,1000000110);
INSERT INTO stock(item_id,price,product_name,quantity,supplier_id) VALUES ('ITEM060',241.68,'Yamaha model 6',5000,1000000121);
INSERT INTO stock(item_id,price,product_name,quantity,supplier_id) VALUES ('ITEM061',130.86,'Yamaha model 7',2000,1000000132);
INSERT INTO stock(item_id,price,product_name,quantity,supplier_id) VALUES ('ITEM062',242.08,'Yamaha model 8',2000,1000000143);
INSERT INTO stock(item_id,price,product_name,quantity,supplier_id) VALUES ('ITEM063',385.81,'Yamaha model 9',2000,1000000154);
INSERT INTO stock(item_id,price,product_name,quantity,supplier_id) VALUES ('ITEM064',346.09,'Yamaha model 10',2000,1000000165);
INSERT INTO stock(item_id,price,product_name,quantity,supplier_id) VALUES ('ITEM065',174.28,'Yamaha model 11',2000,1000000176);
INSERT INTO stock(item_id,price,product_name,quantity,supplier_id) VALUES ('ITEM066',130.52,'Yamaha model 12',2000,1000000187);
INSERT INTO stock(item_id,price,product_name,quantity,supplier_id) VALUES ('ITEM067',336.13,'Yamaha model 13',2000,1000000198);
INSERT INTO stock(item_id,price,product_name,quantity,supplier_id) VALUES ('ITEM068',325.76,'Yamaha model 14',2000,1000000209);
INSERT INTO stock(item_id,price,product_name,quantity,supplier_id) VALUES ('ITEM069',305.37,'Yamaha model 15',2000,1000000033);
INSERT INTO stock(item_id,price,product_name,quantity,supplier_id) VALUES ('ITEM070',369.21,'Yamaha model 16',2000,1000000044);
INSERT INTO stock(item_id,price,product_name,quantity,supplier_id) VALUES ('ITEM071',385.44,'Yamaha model 17',2000,1000000055);
INSERT INTO stock(item_id,price,product_name,quantity,supplier_id) VALUES ('ITEM072',27.08,'Yamaha model 18',2000,1000000066);
INSERT INTO stock(item_id,price,product_name,quantity,supplier_id) VALUES ('ITEM073',236.33,'Yamaha model 19',2000,1000000077);
INSERT INTO stock(item_id,price,product_name,quantity,supplier_id) VALUES ('ITEM074',242.04,'Yamaha model 20',2000,1000000088);
INSERT INTO stock(item_id,price,product_name,quantity,supplier_id) VALUES ('ITEM075',321.25,'Yamaha model 21',2000,1000000099);
INSERT INTO stock(item_id,price,product_name,quantity,supplier_id) VALUES ('ITEM076',23.04,'Yamaha model 22',2000,1000000110);
INSERT INTO stock(item_id,price,product_name,quantity,supplier_id) VALUES ('ITEM077',85.56,'Yamaha model 23',2000,1000000121);
INSERT INTO stock(item_id,price,product_name,quantity,supplier_id) VALUES ('ITEM078',267.42,'Yamaha model 24',2000,1000000132);
INSERT INTO stock(item_id,price,product_name,quantity,supplier_id) VALUES ('ITEM079',66.08,'Yamaha model 25',2000,1000000143);
INSERT INTO stock(item_id,price,product_name,quantity,supplier_id) VALUES ('ITEM080',283.88,'Yamaha model 26',2000,1000000154);
INSERT INTO stock(item_id,price,product_name,quantity,supplier_id) VALUES ('ITEM081',4.38,'PRS model 1',2000,1000000165);
INSERT INTO stock(item_id,price,product_name,quantity,supplier_id) VALUES ('ITEM082',337.46,'PRS model 2',2000,1000000176);
INSERT INTO stock(item_id,price,product_name,quantity,supplier_id) VALUES ('ITEM083',191.38,'PRS model 3',2000,1000000187);
INSERT INTO stock(item_id,price,product_name,quantity,supplier_id) VALUES ('ITEM084',324.19,'PRS model 4',2000,1000000198);
INSERT INTO stock(item_id,price,product_name,quantity,supplier_id) VALUES ('ITEM085',356.54,'PRS model 5',2000,1000000209);
INSERT INTO stock(item_id,price,product_name,quantity,supplier_id) VALUES ('ITEM086',393.19,'PRS model 6',2000,1000000033);
INSERT INTO stock(item_id,price,product_name,quantity,supplier_id) VALUES ('ITEM087',318.28,'PRS model 7',2000,1000000044);
INSERT INTO stock(item_id,price,product_name,quantity,supplier_id) VALUES ('ITEM088',297.47,'PRS model 8',2000,1000000055);
INSERT INTO stock(item_id,price,product_name,quantity,supplier_id) VALUES ('ITEM089',264.29,'PRS model 9',2000,1000000066);
INSERT INTO stock(item_id,price,product_name,quantity,supplier_id) VALUES ('ITEM090',35.58,'PRS model 10',2000,1000000077);
INSERT INTO stock(item_id,price,product_name,quantity,supplier_id) VALUES ('ITEM091',178.71,'PRS model 11',2000,1000000088);
INSERT INTO stock(item_id,price,product_name,quantity,supplier_id) VALUES ('ITEM092',269.6,'PRS model 12',2000,1000000099);
INSERT INTO stock(item_id,price,product_name,quantity,supplier_id) VALUES ('ITEM093',204.49,'PRS model 13',2000,1000000110);
INSERT INTO stock(item_id,price,product_name,quantity,supplier_id) VALUES ('ITEM094',153.39,'PRS model 14',2000,1000000121);
INSERT INTO stock(item_id,price,product_name,quantity,supplier_id) VALUES ('ITEM095',165.84,'PRS model 15',2000,1000000132);
INSERT INTO stock(item_id,price,product_name,quantity,supplier_id) VALUES ('ITEM096',3.83,'PRS model 16',2000,1000000143);
INSERT INTO stock(item_id,price,product_name,quantity,supplier_id) VALUES ('ITEM097',23.74,'PRS model 17',2000,1000000154);
INSERT INTO stock(item_id,price,product_name,quantity,supplier_id) VALUES ('ITEM098',116.71,'PRS model 18',2000,1000000165);
INSERT INTO stock(item_id,price,product_name,quantity,supplier_id) VALUES ('ITEM099',322.55,'PRS model 19',2000,1000000176);

#supplier table
INSERT INTO supplier(supplier_id,address,name,phone) VALUES (1000000033,'216 Bluestem Park','Sauer Group','834-261-7158');
INSERT INTO supplier(supplier_id,address,name,phone) VALUES (1000000044,'049 Stoughton Plaza','Kshlerin, Weissnat and Dickens','401-139-9150');
INSERT INTO supplier(supplier_id,address,name,phone) VALUES (1000000055,'302 Lakewood Park','Pollich-Kihn','740-128-0699');
INSERT INTO supplier(supplier_id,address,name,phone) VALUES (1000000066,'64557 Dahle Street','Aufderhar Group','429-872-7227');
INSERT INTO supplier(supplier_id,address,name,phone) VALUES (1000000077,'68560 Lillian Plaza','Goyette-Kunze','339-973-7019');
INSERT INTO supplier(supplier_id,address,name,phone) VALUES (1000000088,'12 Oakridge Hill','D.Amore, Corwin and Schneider','800-582-7094');
INSERT INTO supplier(supplier_id,address,name,phone) VALUES (1000000099,'03325 Moose Street','Mraz-Corkery','918-217-3754');
INSERT INTO supplier(supplier_id,address,name,phone) VALUES (1000000110,'58 Lotheville Parkway','Balistreri LLC','656-358-7843');
INSERT INTO supplier(supplier_id,address,name,phone) VALUES (1000000121,'9 Fieldstone Place','Orn Group','652-977-5294');
INSERT INTO supplier(supplier_id,address,name,phone) VALUES (1000000132,'23859 Green Ridge Alley','Lebsack-Adams','703-781-2102');
INSERT INTO supplier(supplier_id,address,name,phone) VALUES (1000000143,'76 Charing Cross Junction','Monahan Group','575-779-3398');
INSERT INTO supplier(supplier_id,address,name,phone) VALUES (1000000154,'8 Kropf Place','O.Hara, Shields and Kutch','263-603-1946');
INSERT INTO supplier(supplier_id,address,name,phone) VALUES (1000000165,'40885 Cordelia Lane','Funk, Lakin and Kozey','343-224-6971');
INSERT INTO supplier(supplier_id,address,name,phone) VALUES (1000000176,'123 Butternut Lane','Toy-O.Reilly','346-151-0541');
INSERT INTO supplier(supplier_id,address,name,phone) VALUES (1000000187,'3 Mendota Hill','Blick-Hackett','996-602-3094');
INSERT INTO supplier(supplier_id,address,name,phone) VALUES (1000000198,'5662 Carberry Crossing','Rempel-Leuschke','853-288-1251');
INSERT INTO supplier(supplier_id,address,name,phone) VALUES (1000000209,'69 Vahlen Plaza','Ledner, Fritsch and Upton','518-265-3996');

#INTRODUCTION 

#checking max price,min price and number price for stock
select count(item_id) as total_products from stock;
select product_name,max(price) as price from stock;
select product_name, min(price) as price from stock;

#checking total number of orders untill today
select current_date() as today_date, count(Order_id) as total_orders from orders where order_date between '01-01-2022' and current_date();

#top 5 selling items untill today
SELECT b.item_id,product_name, SUM(a.quantity) AS TotalQuantity 
FROM orders_details as a join stock as b on a.item_id = b.item_id join orders as c on c.Order_id = a.Order_id
where c.order_date between '01-01-2022' and current_date()
GROUP BY b.item_id
ORDER BY SUM(a.quantity) DESC LIMIT 5;

# worst 5 all year
SELECT b.item_id,product_name, SUM(a.quantity) AS TotalQuantity 
FROM orders_details as a join stock as b on a.item_id = b.item_id join orders as c on c.Order_id = a.Order_id
GROUP BY b.item_id
ORDER BY SUM(a.quantity) ASC LIMIT 5;

#view for total expenditure in salaries and total number of employee
create view salaries as
select count(employee_id) as number_of_employees, SUM(salary_yearly) as Total_salaries, ROUND(AVG(salary_yearly),0) as average_salary from employees;

select * from salaries;

#view about financial status
create VIEW financial AS
select SUM(orders_details.quantity * price) as profit_before_tax, '20%' as tax_rate,
SUM(orders_details.quantity * price)* 0.8 as after_tax, (SELECT Total_salaries from salaries) as Salaries, 
SUM(orders_details.quantity * price)* 0.8 - (SELECT Total_salaries from salaries) as net_profit 
from orders_details join stock on orders_details.item_id = stock.item_id
join orders on orders.Order_id = orders_details.Order_id;

select * from financial;

#creating total billing procedure

drop procedure IF EXISTS order_billing;
create PROCEDURE order_billing (IN ORDER_ID int(255))
SELECT orders.Customer_id, concat(FirstName, ' ', LastName) as name,
 order_date, Order_id, SUM(orders_details.quantity) AS number_of_items,
SUM(price * orders_details.quantity) as total_pay
from orders_details
inner join orders
on orders.Order_id = orders_details.Order_id
inner join customers as a
on a.Customer_id = orders.Customer_id
left join stock 
on stock.item_id = orders_details.item_id
where orders_details.Order_id = ORDER_ID;

call order_billing(2);

#creating subtotal procedure

drop procedure IF EXISTS order_sub_total;
create PROCEDURE order_sub_total (IN ORDER_ID int(255))
SELECT orders.Order_id, order_date, Customer_id, stock.item_id, product_name, orders_details.quantity, price, price * orders_details.quantity as sub_total
FROM orders join orders_details
on orders.Order_id = orders_details.Order_id
join stock on stock.item_id = orders_details.item_id
where orders.Order_id = ORDER_ID;

call order_sub_total(2);

#Part 3: Write SQL Statements to answer the following queries

#    1.	Show all the products along with the supplier detail who supplied the products.
             
SELECT item_id, product_name, supplier.supplier_id, address, name, phone
from stock 
inner join supplier
on stock.supplier_id = supplier.supplier_id
order by supplier_id DESC;

#	2.   Create a stored procedure that takes the start and end dates of the sales and
# display all the sales transactions between the start and the end dates. (You decide the dates)    

drop procedure IF EXISTS sales_date;
create PROCEDURE sales_date(IN date_1 date, date_2 date )
 SELECT a.Order_id, SUM(price * b.quantity) as order_transaction_amount
 FROM mUsic_man.orders as a
 join orders_details as b
 on a.order_id = b.order_id
 join stock as c
 on c.item_id = b.item_id
 WHERE order_date BETWEEN date_1 AND date_2
 group by Order_id;
 
CALL sales_date('2022-01-02', '2022-03-15');

#    3.	Create a view that shows the total number of items a customer buys
#     from the business in October 2022 along with the total price (use group by)       

create VIEW customer_october AS
SELECT Customer_id, order_date, SUM(price * orders_details.quantity) as total_pay, SUM(orders_details.quantity) as total_items
from orders_details
inner join orders
on orders.Order_id = orders_details.Order_id
left join stock 
on stock.item_id = orders_details.item_id
where order_date between '2022-10-01' and '2022-10-31'
group by Customer_id ;

select * from customer_october
order by order_date;

#    4.	Create a trigger that adjusts the stock level every time a product is sold.

DELIMITER $$
 CREATE TRIGGER Stock_trigger 
 AFTER INSERT ON orders_details
 FOR EACH ROW 
  BEGIN 
    UPDATE stock
      SET stock.quantity = stock.quantity - New.quantity 
    WHERE stock.item_id = New.item_id;
  END$$
DELIMITER ;

#inserting new order_detail for testing trigger
INSERT INTO orders_details (Order_detail_id, Order_id, item_id, quantity)
VALUES ('DET9007',2222,'ITEM002',111);

#default quantity in stock is 5000 for every item so value expected after insert is 5000 - 111 = 4889
SELECT * FROM stock
where item_id = 'ITEM002';

#    5.	Create a report of the annual sales (2022) of the business showing the total number of products sold and the total 
#     price sold every month (use A group by with roll-up)

SELECT 
COALESCE(month(order_date),'Total') AS month,
SUM(price * orders_details.quantity) as total_sales, 
SUM(orders_details.quantity) as items_sold
from orders_details
inner join orders
on orders.Order_id = orders_details.Order_id
left join stock 
on stock.item_id = orders_details.item_id
GROUP BY MONTH(order_date) WITH ROLLUP;

# 6.	Display the growth in sales/services (as a percentage) for your business, from the 1st month of opening until now. 

#creating a view with total sales by months untill now using '(current_date())'
create view monthly_sales as
SELECT
MONTH(ORDER_DATE) AS month,MONTHNAME(ORDER_DATE) as month_name,
SUM(price * orders_details.quantity) as total_sales
from orders_details
inner join orders
on orders.Order_id = orders_details.Order_id
left join stock 
on stock.item_id = orders_details.item_id
where order_date between '01-01-2022' and CURRENT_DATE()
GROUP BY MONTH(order_date)
ORDER BY MONTH(order_date);


#in case we want all year data
create view monthly_sales_all_year as
SELECT
MONTH(ORDER_DATE) AS month,MONTHNAME(ORDER_DATE) as month_name,
SUM(price * orders_details.quantity) as total_sales
from orders_details
inner join orders
on orders.Order_id = orders_details.Order_id
left join stock 
on stock.item_id = orders_details.item_id
GROUP BY MONTH(order_date)
ORDER BY MONTH(order_date);


#Select statement for displaying growth in sales and percentages changes against previous month (untill today)
SELECT  month, month_name,
        total_sales,
        coalesce(total_sales - LAG (total_sales) OVER (ORDER BY month ASC),0) AS revenue_growth,
        coalesce((total_sales - LAG (total_sales) OVER (ORDER BY month ASC))/LAG (total_sales)
        OVER (ORDER BY month ASC)*100 ,0)AS revenue_percentage_growth
FROM monthly_sales;

#Select statement for displaying growth in sales and percentages changes against previous month (untill end of the year)
SELECT  month, month_name,
        total_sales,
        coalesce(total_sales - LAG (total_sales) OVER (ORDER BY month ASC) ,0)AS revenue_growth,
        coalesce((total_sales - LAG (total_sales) OVER (ORDER BY month ASC))/LAG (total_sales)
        OVER (ORDER BY month ASC)*100 ,0)AS revenue_percentage_growth
FROM monthly_sales_all_year;


#  7.	Delete all customers who never buy a product from the business.

#inserting new customer with no orders
INSERT INTO customers (Customer_id, LastName, FirstName, Address)
VALUES ('1234','Goslin','Ryan','48 harold road, Dublin');

#testing if insert was effective
select * from customers
where Customer_id = '1234';

#deleting ryan goslin
DELETE a FROM customers as a
LEFT JOIN orders USING (Customer_id)
WHERE orders.Order_id IS NULL;

#testing if delete was effective
select * from customers
where Customer_id = '1234';